tract_geoid,deficit_actual,deficit_predicted,residual,risk_tier
12086000107,0.4142519690819966,0.3730377,0.041214273197291984,Moderate
12086000109,0.35021892602138616,0.31915584,0.031063083955575,Low
12086000141,0.5803295124931689,0.57364,0.006689523593937929,High
12086000115,0.44811927085600445,0.4672014,-0.019082140868086128,High
12086000118,0.31299007249559263,0.40639767,-0.0934075980118384,Moderate
12086000144,0.577503419844545,0.5718269,0.005676544634736658,High
12086000120,0.34293504032046124,0.37635505,-0.03342001167386249,Moderate
12086000121,0.39013205116663763,0.4212545,-0.031122434678928168,Moderate
12086000122,0.46215815617356776,0.5252499,-0.06309174226011754,High
12086000123,0.35083412577450285,0.33663085,0.014203274744153116,Low
12086000124,0.40638562331852457,0.39897618,0.0074094463413669764,Moderate
12086000125,0.42926372747394037,0.41653746,0.012726263808931826,Moderate
12086000126,0.36740029905083593,0.36296263,0.004437665679482783,Low
12086000127,0.619324280269945,0.5996178,0.019706501015031685,Critical
12086000128,0.29093314143215504,0.3160736,-0.025140455045353505,Low
12086000129,0.6830158466834292,0.7041895,-0.021173632667614517,Critical
12086000130,0.34689456574737243,0.34766325,-0.0007686877983886786,Low
12086000131,0.42649369512678675,0.4075215,0.01897220884443812,Moderate
12086000132,0.3964550371046405,0.39422277,0.0022322709436755073,Moderate
12086000145,0.5645109388434651,0.57082665,-0.006315710822367371,High
12086000134,0.2476585121075491,0.25532195,-0.007663437612833585,Low
12086000140,0.3900922391679367,0.39210662,-0.002014383289567545,Moderate
12086000222,0.5901020031869239,0.60634047,-0.016238464742916237,Critical
12086000204,0.34320517864073985,0.33636418,0.006840998791115216,Low
12086000206,0.38087904946291395,0.37891877,0.0019602824875111224,Moderate
12086000224,0.6065773128287761,0.6035305,0.0030467866675822908,Critical
12086000211,0.37658122299098656,0.38430253,-0.007721303721431039,Moderate
12086000212,0.4069636377561044,0.39888588,0.008077761815781515,Moderate
12086000213,0.287666550230449,0.3354299,-0.04776335661464376,Low
12086000226,0.5730578674830754,0.58197,-0.008912108942095487,Critical
12086000215,0.3752124280901769,0.372711,0.0025014252634862344,Low
12086000216,0.3026834080220153,0.33626717,-0.033583765268237364,Low
12086000227,0.6229016059902527,0.5753622,0.04753940048488159,High
12086000218,0.4238898309619422,0.42714825,-0.0032584217636589807,Moderate
12086000219,0.3733658266739332,0.3642141,0.009151734180875948,Low
12086000220,0.39842893142958385,0.38581964,0.012609287693698235,Moderate
12086000312,0.6458113780918744,0.5537189,0.09209245356947449,High
12086000302,0.609637861245773,0.61697346,-0.007335598474838556,Critical
12086000310,0.6496496482312454,0.62103486,0.028614787620283466,Critical
12086000306,0.37070771809955244,0.36318126,0.007526454891163159,Low
12086000307,0.4427310276797941,0.4315144,0.011216615515105999,Moderate
12086000308,0.34062916765227247,0.3604823,-0.01985313763604235,Low
12086000402,0.36976625031450483,0.3655228,0.004243448438436714,Low
12086000417,0.5993127855221749,0.5989175,0.0003953012387276633,Critical
12086000420,0.5908858142064377,0.6217611,-0.030875269396467564,Critical
12086000405,0.4454608753361552,0.41827217,0.027188707891926067,Moderate
12086000408,0.3688047474223225,0.3539104,0.014894360859975087,Low
12086000409,0.41078597548994444,0.38977438,0.021011593375534043,Moderate
12086000410,0.3752502105301074,0.3670647,0.00818549609834468,Low
12086000411,0.410356682536425,0.3995384,0.010818284747423523,Moderate
12086000416,0.5930162662785585,0.6039324,-0.010916114397711008,Critical
12086000413,0.36583568971439717,0.35243243,0.013403259923900346,Low
12086000414,0.3968771748181455,0.36946756,0.027409618341552477,Low
12086000507,0.5421786788995684,0.58465016,-0.042471479982572724,Critical
12086000508,0.600991982716082,0.545886,0.055106002586840064,High
12086000504,0.4118666000090373,0.398045,0.013821596594883245,Moderate
12086000505,0.44934810550437465,0.44725344,0.002094669654231218,High
12086000601,0.5555429858600966,0.498345,0.057197998229252534,High
12086000602,0.40603510979966584,0.4192271,-0.01319198365850982,Moderate
12086000603,0.4090926724571312,0.39597392,0.013118751634987658,Moderate
12086000612,0.6285038567761939,0.5990234,0.02948045503898078,Critical
12086000605,0.3681182148422053,0.37244558,-0.004327368501300555,Low
12086000607,0.42335480340161363,0.41497847,0.008376329023027818,Moderate
12086000610,0.6425518164536594,0.5904095,0.05214229916545143,Critical
12086000705,0.4154852577644018,0.43180203,-0.01631677661364994,Moderate
12086000714,0.6033356134875149,0.6348177,-0.03148210597201884,Critical
12086000715,0.6155248764259514,0.58326244,0.03226243288347097,Critical
12086000718,0.6050983031477198,0.60469085,0.00040745336668346344,Critical
12086000719,0.6093912984608142,0.56307375,0.04631754415020628,High
12086000710,0.42142499785523685,0.42322353,-0.001798527430483976,Moderate
12086000711,0.4238563124797931,0.4221877,0.0016686265133014078,Moderate
12086000712,0.37570507683839865,0.37819025,-0.002485172366236965,Moderate
12086000804,0.28184963620643044,0.29870418,-0.016854540934759132,Low
12086000805,0.4404500327764554,0.43351415,0.0069358847795529255,Moderate
12086000806,0.3695172964462573,0.3554696,0.01404768217890806,Low
12086000807,0.5085917972590466,0.4944373,0.014154490139677067,High
12086000808,0.4176198662708696,0.41642058,0.0011992873142656069,Moderate
12086000908,0.6315055163864882,0.59163386,0.03987166008994891,Critical
12086000904,0.6069202433951292,0.6195197,-0.012599467145642307,Critical
12086000903,0.2936380935081901,0.29534575,-0.0017076599231301004,Low
12086001007,0.5966177206531995,0.6180425,-0.021424807976103466,Critical
12086001003,0.34659681823629834,0.35277256,-0.00617574545960925,Low
12086001004,0.29343048678002653,0.27940702,0.014023462396481612,Low
12086001005,0.422241604794465,0.40751553,0.014726078976593893,Moderate
12086001006,0.41175172391126696,0.38762107,0.024130648996334714,Moderate
12086001101,0.3186044757771408,0.3510857,-0.03248121686697847,Low
12086001102,0.3397105201682802,0.37451023,-0.03479970846560043,Moderate
12086001103,0.4855671384428627,0.47607955,0.009487585077155303,High
12086001104,0.2804315008549667,0.28648365,-0.0060521445841812405,Low
12086001209,0.629885096349484,0.5677206,0.062164504327541836,High
12086001204,0.38423401218881015,0.36212897,0.022105039181608,Low
12086001205,0.3089862631194664,0.32514402,-0.016157759583704356,Low
12086001206,0.340319910422482,0.3848998,-0.04457988463290741,Moderate
12086001301,0.2531949960075108,0.25985157,-0.006656578890255338,Low
12086001302,0.2905482959755183,0.30694914,-0.016400842665839133,Low
12086001401,0.4071694153401424,0.36592492,0.041244490728097105,Low
12086001402,0.33245564407814365,0.2927514,0.039704242415317115,Low
12086001501,0.38169427325231114,0.37105265,0.010641620654883777,Low
12086001502,0.26492318128091225,0.2743175,-0.009394321694551622,Low
12086001607,0.5799691055799322,0.59074914,-0.010780038974205985,Critical
12086001603,0.32777431308721894,0.35252222,-0.024747911100632014,Low
12086001605,0.43307954125933856,0.4239064,0.009173155360748475,Moderate
12086001606,0.38561458216008665,0.38321936,0.0023952208548498333,Moderate
12086001701,0.3751215842732344,0.36631778,0.0088038054474745,Low
12086001702,0.3241764193029776,0.3198665,0.004309911057509441,Low
12086001705,0.5814458642477248,0.57205975,0.009386113690779019,High
12086001801,0.34887364340928667,0.35975125,-0.010877610910857982,Low
12086001802,0.27218679476174745,0.27917188,-0.006985089298158553,Low
12086001803,0.31967662639064304,0.34057876,-0.020902138286404692,Low
12086001901,0.3471826655136305,0.32432482,0.022857849048252665,Low
12086001903,0.384083044723418,0.3627966,0.021286440090086678,Low
12086001904,0.3422754806850666,0.35250503,-0.010229547562766672,Low
12086002001,0.36011590422184786,0.36861327,-0.008497368683501871,Low
12086002003,0.39063286490276133,0.36319453,0.027438339660909528,Low
12086002004,0.3486127699403561,0.34436044,0.004252328970888952,Low
12086002100,0.24673639141429052,0.29013464,-0.04339824713360682,Low
12086002201,0.3661698142804007,0.35507384,0.011095974854360036,Low
12086002202,0.39273206663027876,0.38939768,0.0033343858708488328,Moderate
12086002300,0.34836275829936103,0.3671127,-0.018749937871445854,Low
12086002402,0.3316165828233756,0.33019575,0.0014208280569113496,Low
12086002403,0.37489805004811577,0.3838764,-0.008978363058802563,Moderate
12086002404,0.34801771891873035,0.35702774,-0.009010020367692384,Low
12086002501,0.2928967343256875,0.30001026,-0.007113529594142798,Low
12086002502,0.32217941921236626,0.33356428,-0.011384862251256789,Low
12086002600,0.22230463416901433,0.22599493,-0.0036902955022732054,Low
12086002702,0.2228005484160697,0.22309235,-0.0002917989674294519,Low
12086002710,0.4734611346155796,0.54179704,-0.06833590727742578,High
12086002705,0.2970242550265561,0.3008107,-0.0037864396679629375,Low
12086002707,0.4913017207778815,0.5204022,-0.02910047229157653,High
12086002800,0.3801316917599145,0.38201243,-0.0018807350932654177,Moderate
12086002900,0.2335398973408048,0.23715872,-0.003618818384140271,Low
12086003001,0.20625740630056452,0.2216945,-0.015437092953662163,Low
12086003006,0.5695283523839798,0.62817013,-0.05864178025304412,Critical
12086003004,0.30456210600879985,0.30574873,-0.0011866248891035935,Low
12086003100,0.26396963352249975,0.26891035,-0.004940714892875009,Low
12086003400,0.2451923009355718,0.2591257,-0.013933408598119618,Low
12086003606,0.4615980853693015,0.5659451,-0.10434700349407128,High
12086003605,0.581875446543249,0.57099193,0.010883513197454286,High
12086003710,0.4929723596971858,0.53408587,-0.041113510091937755,High
12086003703,0.168379409605229,0.23600873,-0.06762932390574206,Low
12086003704,0.15989571941320083,0.15745103,0.0024446858209767053,Low
12086003705,0.24412907269306042,0.2628991,-0.018770028087426643,Low
12086003706,0.08648069882408513,0.100956105,-0.014475405871711838,Low
12086003707,0.10352284670948367,0.11791139,-0.014388544250732854,Low
12086003801,0.36768546298618776,0.3758702,-0.008184735025210554,Moderate
12086003803,0.4322572401194826,0.3611387,0.07111853868057877,Low
12086003804,0.3743606978743857,0.35005623,0.02430446685250459,Low
12086003906,0.594719762292369,0.5730566,0.02166318365619957,High
12086003909,0.3664870469890872,0.3496168,0.016870251210812648,Low
12086003911,0.471576843104765,0.4520407,0.019536141000196516,High
12086003912,0.7018944933474123,0.6765108,0.025383682495361493,Critical
12086003913,0.3944405185675119,0.39138067,0.003059850881049486,Moderate
12086003914,0.38168395148976875,0.3654704,0.0162135420964582,Low
12086003915,0.32965960158802016,0.35212362,-0.02246401653789537,Low
12086003916,0.44588894563665543,0.4313283,0.014560648975278478,Moderate
12086003917,0.3627489721597361,0.36021984,0.0025291359246897294,Low
12086003918,0.3803854454092884,0.41524738,-0.034861935324201565,Moderate
12086003919,0.23559979595880653,0.23523624,0.0003635535452857219,Low
12086003921,0.309394964744597,0.3368834,-0.027488431165666072,Low
12086003922,0.2929070989543596,0.2883185,0.0045885841304460495,Low
12086004000,0.2230487530718471,0.22228457,0.0007641827355052422,Low
12086004102,0.2857358630235275,0.31582078,-0.030084920353166233,Low
12086004103,0.25664537549497224,0.24567723,0.010968142752662668,Low
12086004105,0.30362852001229734,0.32136065,-0.0177321276660779,Low
12086004106,0.31963354423693063,0.36307424,-0.043440698831764435,Low
12086004208,0.5967988639437987,0.57200974,0.024789121683819415,High
12086004204,0.36293417497395863,0.3661737,-0.0032395394253791343,Low
12086004205,0.3317172221957875,0.33818778,-0.006470561760740234,Low
12086004206,0.2316022673098157,0.2522515,-0.020649238541929904,Low
12086004301,0.36411084246927167,0.38680157,-0.022690728184643738,Moderate
12086004303,0.3460254988241034,0.3532139,-0.007188407464043589,Low
12086004304,0.3688824165305665,0.39908367,-0.030201257423443484,Moderate
12086004403,0.3355330728701575,0.33113596,0.004397114437006244,Low
12086004404,0.6441703630889692,0.6199492,0.024221141477946295,Critical
12086004405,0.3313951672638361,0.34336087,-0.011965703812747752,Low
12086004406,0.3820626030815702,0.40844673,-0.026384126101626826,Moderate
12086004500,0.46351366182934006,0.38065714,0.08285652538906296,Moderate
12086004602,0.4561083825407491,0.42511603,0.030992350178764838,Moderate
12086004605,0.44591753458702516,0.44528767,0.0006298599215741052,High
12086004607,0.4395680954624295,0.41727686,0.02229123617898221,Moderate
12086004608,0.4496854338355899,0.44120458,0.008480856151187433,Moderate
12086004701,0.6986947917220219,0.6769685,0.021726276802740863,Critical
12086004705,0.5426618900629373,0.5721562,-0.02949430080925508,High
12086004703,0.37624684000232966,0.3747138,0.0015330317042187014,Moderate
12086004901,0.41667157093369855,0.40066004,0.01601153293931379,Moderate
12086004904,0.48928962232380446,0.55328447,-0.06399484394282762,High
12086005004,0.6008930688950164,0.5788414,0.02205168066946095,High
12086005002,0.3724782086041484,0.36578256,0.006695649686149108,Low
12086005102,0.3597322086222419,0.35186473,0.007867483270908304,Low
12086005103,0.4086355354724671,0.39860123,0.010034301513269117,Moderate
12086005104,0.4091138522936886,0.41190174,-0.0027878899262363532,Moderate
12086005201,0.35409210196156116,0.35701984,-0.0029277397094288338,Low
12086005202,0.35563018185439066,0.35933575,-0.0037055684870247463,Low
12086005305,0.5941527058550756,0.5886506,0.005502121634189394,Critical
12086005303,0.3771757351308417,0.38013032,-0.0029545856565881268,Moderate
12086005304,0.4058273083443833,0.42629048,-0.020463173938255252,Moderate
12086005403,0.3734879120278964,0.37729803,-0.003810115249096413,Moderate
12086005405,0.3695023237375664,0.36956847,-6.614340263133567e-05,Low
12086005406,0.37390111055405406,0.3848426,-0.010941493844673356,Moderate
12086005407,0.3663003656731595,0.36836654,-0.0020661738051425127,Low
12086005409,0.36621428327417094,0.3799833,-0.013769022656920371,Moderate
12086005410,0.38710292304185523,0.40479985,-0.017696925753081905,Moderate
12086005506,0.5743425348738732,0.5743814,-3.887620171882933e-05,High
12086005504,0.5809349043855312,0.63618666,-0.055251754950558896,Critical
12086005600,0.3227077113212962,0.31928882,0.0034188912929911663,Low
12086005701,0.33236505906357816,0.33645388,-0.004088825776433436,Low
12086005706,0.6031280325099635,0.6140872,-0.010959191496689336,Critical
12086005708,0.5192287087526172,0.598555,-0.07932631968595094,Critical
12086005806,0.5161410951471911,0.5649151,-0.048774025454462966,High
12086005803,0.5049228211364319,0.5893235,-0.08440069952396845,Critical
12086005901,0.42733892121235917,0.41982782,0.007511102341814735,Moderate
12086005902,0.4241284654733185,0.40421242,0.019916050254965234,Moderate
12086005903,0.40917513044986975,0.41358745,-0.004412320531270386,Moderate
12086005904,0.4010864492798632,0.42030472,-0.019218266353529134,Moderate
12086006004,0.5293143820960291,0.5555069,-0.026192502955698194,High
12086006002,0.3363986187343314,0.35266048,-0.01626185842707606,Low
12086006106,0.5287773024711786,0.5706963,-0.04191899183653014,High
12086006104,0.5076730656969791,0.5468825,-0.03920944448826258,High
12086006201,0.4339535634073017,0.42158633,0.012367228701948896,Moderate
12086006203,0.24434953625092862,0.32618344,-0.08183390205015781,Low
12086006205,0.37839490086198085,0.35434824,0.024046658579113422,Low
12086006206,0.2358860623797025,0.3583447,-0.12245864153303249,Low
12086006304,0.5891232567472431,0.5963343,-0.0072110218362835266,Critical
12086006302,0.37276986502137,0.37716943,-0.004399565234519898,Moderate
12086006401,0.3903927703827491,0.38736725,0.0030255218475928602,Moderate
12086006402,0.3916125008598237,0.39897606,-0.007363556908044355,Moderate
12086006403,0.39359177418824337,0.380833,0.012758774243556481,Moderate
12086006501,0.30771169233997087,0.32989898,-0.022187290900156698,Low
12086006503,0.3171107460617782,0.32914189,-0.01203113898041236,Low
12086006504,0.4049778190728269,0.40592402,-0.0009462031248965164,Moderate
12086006608,0.5015402267078197,0.56605816,-0.064517932166692,High
12086006606,0.5608720707129068,0.5505278,0.01034425966249175,High
12086006715,0.4422856254371581,0.53361744,-0.09133181144867564,High
12086006705,0.38420494634448976,0.37299842,0.011206529920692154,Moderate
12086006706,0.32836092630763264,0.32417175,0.0041891745700380345,Low
12086006709,0.37380157764366856,0.34337854,0.030423033789908793,Low
12086006721,0.4861895516896352,0.5296503,-0.04346071924923811,High
12086006713,0.5101476821544241,0.5222806,-0.012132891690485592,High
12086006714,0.32137334550493923,0.32563993,-0.004266587842762792,Low
12086006801,0.31566357895235386,0.33161655,-0.015952971731621357,Low
12086006802,0.3186519213099319,0.2903873,0.0282646186728317,Low
12086006901,0.5680720591064343,0.61026186,-0.04218979840317871,Critical
12086007004,0.5070199937389438,0.5470952,-0.040075185818856496,High
12086007006,0.4853355150950893,0.51684487,-0.031509353564883824,High
12086007101,0.39577696272356777,0.44300747,-0.04723050645367832,High
12086007103,0.4924659301658865,0.48915508,0.0033108462711569087,High
12086007104,0.382593754139411,0.4046205,-0.022026744279396993,Moderate
12086007200,0.4257706605873036,0.40194592,0.023824741788856962,Moderate
12086007300,0.35975733167056995,0.3834095,-0.023652168451500366,Moderate
12086007403,0.5744021894312118,0.58013433,-0.005732142748811397,Critical
12086007501,0.34612088710584976,0.37815142,-0.03203052967271469,Moderate
12086007503,0.5732339061762144,0.5977718,-0.02453791723000509,Critical
12086007601,0.41134386051805416,0.41550073,-0.004156869758053627,Moderate
12086007603,0.33326538820771995,0.34233558,-0.009070193571760032,Low
12086007610,0.5103439855380962,0.52166295,-0.011318964977650836,High
12086007605,0.40472949055752877,0.40508518,-0.00035568567194815826,Moderate
12086007607,0.5273587472133043,0.5621944,-0.03483565977293224,High
12086007708,0.5435958680473328,0.6141656,-0.07056973606719963,Critical
12086007706,0.5405155952015995,0.5580615,-0.01754588532055623,High
12086007704,0.4896542892779463,0.4310671,0.058587180169975106,Moderate
12086007705,0.40531286902713237,0.39794967,0.0073632032422965565,Moderate
12086007801,0.5127928864069011,0.499044,0.013748885304453617,High
12086007809,0.5637853471923104,0.58490926,-0.0211239130806693,Critical
12086007805,0.2863921619095218,0.31930172,-0.0329095625243771,Low
12086007806,0.6002363274879337,0.55995345,0.04028287633131744,High
12086007807,0.5859195876631177,0.57656014,0.009359448007050797,High
12086007901,0.447683704682084,0.44485965,0.0028240509707650463,High
12086007902,0.3938365868510606,0.41088286,-0.0170462735710738,Moderate
12086008000,0.4746694110970875,0.47018477,0.004484637890376675,High
12086008101,0.4981876132190551,0.49465868,0.0035289344489897734,High
12086008102,0.4496717742094282,0.451137,-0.0014652320733781754,High
12086008202,0.50913306069578,0.51271516,-0.0035821001509301897,High
12086008205,0.48629496557033186,0.47818366,0.008111308639408399,High
12086008206,0.4434222712276541,0.48727077,-0.043848501229468706,High
12086008207,0.4970776346581357,0.5084397,-0.011362085018835733,High
12086008208,0.3900643814340666,0.44478273,-0.05471835248316975,High
12086008209,0.5388589612199366,0.54597616,-0.007117200736850515,High
12086008313,0.5484100194027011,0.5563495,-0.007939496512215927,High
12086008305,0.36311489183085827,0.34875602,0.014358876530107534,Low
12086008310,0.5401214561644402,0.5503778,-0.010256329995075197,High
12086008315,0.6554946934995272,0.67129624,-0.015801545399703798,Critical
12086008308,0.5198356984928338,0.516838,0.0029976843670098674,High
12086008309,0.349060334016542,0.32697842,0.02208191876576382,Low
12086008429,0.6155715057839739,0.59557027,0.02000123953717825,Critical
12086008423,0.6213016082348055,0.61246675,0.008834855705661226,Critical
12086008409,0.3407084565856232,0.33914766,0.0015607994296326089,Low
12086008421,0.5581655031392033,0.56103843,-0.0028729313662593237,High
12086008431,0.6376578848167643,0.5574985,0.08015937016451213,High
12086008426,0.5923854988782628,0.6029835,-0.010597975853182562,Critical
12086008415,0.46469928458575527,0.47713694,-0.01243765517826756,High
12086008416,0.34366793457856415,0.34927395,-0.00560601528296234,Low
12086008425,0.6379339487030931,0.64562297,-0.007689019970612998,Critical
12086008418,0.35908138215704394,0.38401538,-0.02493399917916822,Moderate
12086008419,0.345534135207087,0.42921278,-0.08367864359959942,Moderate
12086008503,0.5615182269733803,0.5891242,-0.02760597575489121,Critical
12086008502,0.36087763596354133,0.3906431,-0.029765454046148,Moderate
12086008601,0.47289166704825947,0.43643847,0.03645319596938679,Moderate
12086008603,0.5549558090628158,0.5563165,-0.0013606858788955956,High
12086008704,0.5601861060159484,0.59006715,-0.029881042192669738,Critical
12086008702,0.3718103829933268,0.38942283,-0.017612450926198342,Moderate
12086008809,0.5509743693875387,0.60137844,-0.05040407146939485,Critical
12086008808,0.6293741942611282,0.5857271,0.0436470986571853,Critical
12086008805,0.42866177877991696,0.42646483,0.0021969529113103903,Moderate
12086008806,0.41559019249380935,0.42595232,-0.01036212283669602,Moderate
12086008911,0.543043209971118,0.5457432,-0.0027000170338868923,High
12086008909,0.5462630460070059,0.5646499,-0.01838683392539764,High
12086008904,0.3728178426335068,0.39039028,-0.0175724342753677,Moderate
12086008906,0.4086705476888259,0.4186476,-0.009977039610521043,Moderate
12086008907,0.41070713062534725,0.41528502,-0.0045778904413184,Moderate
12086009051,0.5152370550201648,0.5698815,-0.05464444379346434,High
12086009010,0.16426430212776796,0.22262688,-0.05836257768351896,Low
12086009014,0.28691710500479056,0.34988445,-0.06296734543084787,Low
12086009015,0.37790429352263366,0.35662553,0.021278766379155267,Low
12086009061,0.6184280552251733,0.62510717,-0.006679113926132851,Critical
12086009054,0.5311196358444213,0.5614383,-0.030318686222839397,High
12086009020,0.3704901338559814,0.36842996,0.0020601750356383786,Low
12086009021,0.4088588164224151,0.38937113,0.01948768953223262,Moderate
12086009022,0.4015309314056136,0.44522205,-0.04369111854593977,High
12086009064,0.63965345965658,0.59330606,0.04634739505086716,Critical
12086009024,0.4608170892218463,0.4556221,0.005194982431303674,High
12086009026,0.3869174724743661,0.4371584,-0.05024093330642615,Moderate
12086009027,0.3976849332116586,0.43127263,-0.03358769271149814,Moderate
12086009028,0.39946583511325,0.42051154,-0.021045708637512928,Moderate
12086009029,0.3096230600995371,0.39439225,-0.08476919186884668,Moderate
12086009030,0.4927888966501266,0.4943838,-0.0015949153005569983,High
12086009031,0.3769019515251822,0.388632,-0.011730047967463075,Moderate
12086009057,0.5411332642023498,0.56545717,-0.024323901038891704,High
12086009066,0.595253148432465,0.60350657,-0.008253416661529123,Critical
12086009049,0.5850417880578329,0.61009616,-0.02505436853930454,Critical
12086009060,0.5645023618814123,0.57301974,-0.008517381084285902,High
12086009039,0.48160143606010647,0.44313297,0.03846846930328579,High
12086009040,0.31348744293072783,0.3235372,-0.010049757758587963,Low
12086009043,0.47652311681239734,0.46270004,0.013823077664066652,High
12086009044,0.4923197261393809,0.506634,-0.014314270824120068,High
12086009050,0.5920388126828007,0.5963328,-0.004293975784606552,Critical
12086009102,0.564625999782337,0.610503,-0.045877018120037305,Critical
12086009200,0.7299682547313071,0.7290634,0.0009048630458212692,Critical
12086009305,0.3403001630114909,0.43104467,-0.09074450494772235,Moderate
12086009317,0.6258095258354025,0.5803875,0.045422052729018225,Critical
12086009324,0.6305101988407452,0.6167438,0.013766395816453225,Critical
12086009321,0.5640358635703869,0.5788897,-0.014853864022081331,High
12086009323,0.5385440710074623,0.5823321,-0.04378800363471913,Critical
12086009327,0.612998223684879,0.60576,0.007238245390506437,Critical
12086009312,0.3007374489214855,0.3233259,-0.02258845330210152,Low
12086009319,0.5638911884177611,0.5969485,-0.03305731603017592,Critical
12086009314,0.4329368659583297,0.43960708,-0.0066702178391251365,Moderate
12086009315,0.687772464901957,0.66812897,0.01964349761680073,Critical
12086009402,0.5443055042849491,0.54966694,-0.005361436880975012,High
12086009506,0.6059422950187132,0.6173086,-0.011366321619470376,Critical
12086009503,0.2675972955907252,0.29447556,-0.02687825982919667,Low
12086009504,0.3127084650536004,0.3229378,-0.010229321525531687,Low
12086009602,0.5842666985585707,0.5905225,-0.00625582913613143,Critical
12086009703,0.4156815734800907,0.4115655,0.004116061061343768,Moderate
12086009704,0.39348907984429765,0.37653428,0.01695479668313432,Moderate
12086009705,0.42095399504723285,0.39814416,0.02280983930649494,Moderate
12086009706,0.45987000479374157,0.4351477,0.024722302099802362,Moderate
12086009803,0.44180431256071256,0.45592293,-0.014118618872011435,High
12086009804,0.4326323610140344,0.45208818,-0.019455816190097674,High
12086009806,0.5137324609999829,0.46879357,0.04493889000465212,High
12086009809,0.5774431845824548,0.582839,-0.005395827563541289,Critical
12086009812,0.5622584336395912,0.56545764,-0.0031992084388084985,High
12086009907,0.5907753503728955,0.6099812,-0.019205828864470198,Critical
12086009903,0.32594779300304266,0.32869714,-0.0027493519821563117,Low
12086009904,0.5492808845657803,0.5318602,0.017420711817214607,High
12086009905,0.3210389557978236,0.3425118,-0.021472847113934823,Low
12086009906,0.2982394139595634,0.3352169,-0.03697749568742453,Low
12086010026,0.6340227546518908,0.584109,0.0499137463396655,Critical
12086010017,0.5398243934345379,0.5546289,-0.014804515199647872,High
12086010021,0.5510938893088253,0.5627971,-0.01170323984538002,High
12086010020,0.573892687931566,0.6230986,-0.049205923900099036,Critical
12086010010,0.35303745958556165,0.39701924,-0.043981777694330315,Moderate
12086010024,0.6273807322278007,0.60504264,0.02233809583329993,Critical
12086010012,0.36264426012257206,0.36741257,-0.004768307016099815,Low
12086010013,0.3835245694194489,0.4477199,-0.06419533238070674,High
12086010015,0.4744846432297239,0.46324676,0.011237880477190931,High
12086010016,0.4588863179315508,0.47979635,-0.020910032070737994,High
12086010193,0.6812125059742058,0.6267668,0.054445705093773666,Critical
12086010198,0.5222549705162985,0.4963531,0.02590188070688082,High
12086010201,0.7535277573942276,0.7351996,0.01832818673840486,Critical
12086010212,0.5936107869996358,0.6027511,-0.0091402892218303,Critical
12086010205,0.3558806936813476,0.40975207,-0.05387137722243046,Moderate
12086010207,0.4042297353615461,0.3935416,0.010688131081074304,Moderate
12086010208,0.4242756682076121,0.40798426,0.016291411463227323,Moderate
12086010209,0.6868427875491092,0.6716356,0.015207159802527181,Critical
12086010213,0.6294047605253891,0.6227995,0.006605244801206944,Critical
12086010303,0.9181726356796871,0.7723662,0.1458064099602352,Critical
12086010400,0.3818098067312355,0.39478472,-0.012974912020671858,Moderate
12086010502,0.6453403053288553,0.602117,0.043223303318509876,Critical
12086010604,0.4330987581725669,0.4228501,0.010248655986363875,Moderate
12086010624,0.5492094855179175,0.57575774,-0.026548256410183102,High
12086010608,0.4873495145069698,0.48396957,0.00337994530073199,High
12086010609,0.362176451042829,0.3562248,0.0059516459261755306,Low
12086010610,0.5565143965403212,0.5248009,0.031713499895728914,High
12086010618,0.6201891019486313,0.61844856,0.0017405464791183656,Critical
12086010613,0.5261980579375894,0.4492497,0.07694834332462863,High
12086010622,0.5766381961269804,0.5994982,-0.02286001621051348,Critical
12086010626,0.6385562638476798,0.6175184,0.02103783885988686,Critical
12086010708,0.6889607336535336,0.6228618,0.0660989310755612,Critical
12086010706,0.6343490524245201,0.64592296,-0.011573906426340486,Critical
12086010805,0.6861309281007772,0.6639293,0.022201644481850247,Critical
12086010804,0.6542781351436672,0.6365098,0.01776835902824969,Critical
12086010900,0.48154191825628434,0.46264914,0.018892781474591835,High
12086011011,0.6423986441749439,0.64874285,-0.00634421042024047,Critical
12086011003,0.38569513136012035,0.37389293,0.011802198229856065,Moderate
12086011013,0.6993809681435689,0.62656945,0.07281151824198806,Critical
12086011015,0.6365782336053607,0.616841,0.019737215405440045,Critical
12086011008,0.6158511216967444,0.59934527,0.01650585487774414,Critical
12086011009,0.48174792182564136,0.52728546,-0.04553753483176831,High
12086011104,0.6104354499506417,0.58220255,0.028232896201557223,Critical
12086011106,0.6652722341263055,0.6509043,0.014367936297631223,Critical
12086011206,0.6410858783223274,0.58507717,0.05600871176501543,Critical
12086011204,0.6171419814338991,0.61175954,0.005382438015014812,Critical
12086011302,0.6217219706221473,0.62386966,-0.0021476868943322014,Critical
12086011412,0.7678887752026583,0.6518423,0.11604647907915366,Critical
12086011406,0.6594700465333097,0.6489507,0.010519350541793537,Critical
12086011408,0.7406535131444256,0.71546024,0.02519327230351376,Critical
12086011500,0.5459176061490167,0.53375477,0.012162840161620503,High
12086011602,0.565695655564614,0.6035765,-0.03788082577770169,Critical
12086011702,0.6616827292778783,0.63390905,0.02777368262794544,Critical
12086011800,0.6625251344968195,0.6142398,0.04828532259954166,Critical
12086011900,0.6027144603588239,0.47221553,0.13049892710229316,High
12086012002,0.6426249679604984,0.6212732,0.021351748375079693,Critical
12086012101,0.570623906093763,0.59283125,-0.022207347911669117,Critical
12086012200,0.474047019934624,0.508839,-0.034791991257697774,High
12086012302,0.7705843509586074,0.63033646,0.14024788750722195,Critical
12086012403,0.6340961522650895,0.61042416,0.023671991307753104,Critical
12086012501,0.6528075541603426,0.6389807,0.013826867495761341,Critical
12086012601,0.5754829795435319,0.64242166,-0.06693868326393271,Critical
12086012701,0.5934475180624583,0.57414645,0.019301068496570872,High
12086012802,0.5743745595591973,0.58484006,-0.010465499721198257,Critical
12086012900,0.4982365421083478,0.48738527,0.010851269128611452,High
12086013000,0.5440939956105494,0.54172474,0.0023692541516565635,High
12086013100,0.575612742013196,0.5789759,-0.003363173895617466,High
12086013202,0.5490181554461376,0.6003104,-0.051292229781065735,Critical
12086013302,0.6598973347977951,0.6314419,0.028455443604405217,Critical
12086013400,0.4903666137092994,0.51250416,-0.02213754669490592,High
12086013500,0.47273227812352614,0.4649781,0.007754179254202409,High
12086013600,0.41924018356835707,0.41557044,0.0036697456601844647,Moderate
12086013700,0.5108995639793097,0.48444033,0.026459237288635862,High
12086013802,0.6449853790994762,0.6495797,-0.004594324708354636,Critical
12086013900,0.3528891002232427,0.39701843,-0.04412933239394479,Moderate
12086014100,0.6987567907179243,0.6841658,0.014591014942014868,Critical
12086014200,0.6743134570152708,0.6868678,-0.012554316517596642,Critical
12086014300,0.7858245190113209,0.7429039,0.04292063078576547,Critical
12086014400,0.7491709261426948,0.71615493,0.03301599316692572,Critical
12086014500,0.3669034881461457,0.3909879,-0.02408441473356926,Moderate
12086014602,0.5780492103734378,0.5750369,0.0030123270192508045,High
12086014702,0.5794961507249095,0.5847687,-0.005272561795689912,Critical
12086014800,0.5117939129041348,0.493357,0.018436910168996845,High
12086014900,0.37411063078673257,0.40345272,-0.029342093431635963,Moderate
12086015002,0.597264557950534,0.5899475,0.007317036263980059,Critical
12086015201,0.6628948596967359,0.6251969,0.03769798555504278,Critical
12086015300,0.4113995514960987,0.41182438,-0.0004248238949077776,Moderate
12086015400,0.3536024471557432,0.37872452,-0.02512206828233665,Moderate
12086015501,0.5724695987841187,0.6478156,-0.07534598635229484,Critical
12086015600,0.4359294377232552,0.4411164,-0.005186954889202067,Moderate
12086015700,0.35258250180151196,0.37244362,-0.01986111458871631,Low
12086015800,0.47175092823790726,0.5352644,-0.0635134445877153,High
12086015900,0.3762262569244973,0.39420623,-0.017979968947542502,Moderate
12086016000,0.38201261804066367,0.3999473,-0.01793466761149698,Moderate
12086016100,0.41326388200601605,0.4255562,-0.012292330657634465,Moderate
12086016200,0.49388526617855694,0.46315518,0.030730085962721365,High
12086016300,0.4615904994650434,0.45231637,0.009274125878388717,High
12086016402,0.6665131864568521,0.62391466,0.04259852743356718,Critical
12086016502,0.6541830729797645,0.6129245,0.04125855677874524,Critical
12086016600,0.5065595760701457,0.51768446,-0.011124883616133618,High
12086016700,0.4178505840026995,0.4306751,-0.01282450535658397,Moderate
12086016800,0.4673306367602873,0.4379108,0.029419841548495307,Moderate
12086016900,0.4498149998150226,0.4427082,0.007106805559193741,High
12086017000,0.4556115596583249,0.44850078,0.007110777406966862,High
12086017101,0.5928668587379485,0.5923546,0.0005122630767852021,Critical
12086017200,0.45740338299589667,0.4360872,0.021316191891007752,Moderate
12086017300,0.4489996322952347,0.4425042,0.006495434936149624,High
12086017402,0.6678850988935989,0.6255391,0.04234597488160552,Critical
12086017500,0.6120290520210082,0.51577073,0.09625831866453238,High
12086017600,0.44746358982484136,0.43689376,0.010569828666851855,Moderate
12086017700,0.4621827143117107,0.4562392,0.005943520633808486,High
12086017800,0.563235044811955,0.5371035,0.02613157067178773,High
12086017901,0.6107369554294294,0.6329878,-0.022250841830855017,Critical
12086018003,0.7037138627829826,0.66477776,0.03893610704567796,Critical
12086018100,0.4995179665556641,0.44862103,0.05089693193347172,High
12086018200,0.5308587196392868,0.5229625,0.007896209053501857,High
12086018300,0.38566119575951924,0.42692718,-0.041265983338610035,Moderate
12086018400,0.5068713399187408,0.48502862,0.02184271538413385,High
12086018500,0.5411549491421497,0.49567264,0.04548230595748781,High
12086018601,0.6667090810853671,0.6013755,0.06533356085602748,Critical
12086018700,0.40944049461237036,0.4263067,-0.01686620013364709,Moderate
12086018801,0.5648856123854152,0.58906466,-0.024179045302725632,Critical
12086018902,0.5792180796823416,0.6168066,-0.03758854663754363,Critical
12086019000,0.3587874476684803,0.39406046,-0.03527301504476127,Moderate
12086019100,0.47389638151525715,0.44037655,0.03351983155607441,Moderate
12086019200,0.4005934172034504,0.4201856,-0.01959217854735834,Moderate
12086019302,0.6346440944135654,0.6177672,0.016876879638479947,Critical
12086019402,0.6653303887591753,0.6032287,0.062101700519124,Critical
12086019502,0.6168905429353921,0.6130021,0.003888421486875293,Critical
12086019600,0.5483414858616824,0.5074017,0.0409397810734744,High
12086019700,0.5346168796962298,0.5496044,-0.014987536197324847,High
12086019801,0.6408554090819862,0.63312274,0.00773266690593033,Critical
12086019902,0.6216989850023845,0.59908974,0.022609243295536374,Critical
12086020002,0.6824092718754018,0.61797726,0.06443201033212786,Critical
12086020100,0.4879119885875708,0.47156668,0.01634531149406493,High
12086020200,0.479008686928547,0.4596093,0.019399387030399395,High
12086020300,0.5318081173609676,0.50124925,0.030558863611120146,High
12086490100,0.31812403228374164,0.35117492,-0.03305088851360638,Low
