GEOID,NAME,total_population,median_age,under_18_pct,age_65_plus_pct,hispanic_latino_pct,white_alone_nh_pct,black_alone_nh_pct,asian_alone_or_combo_pct,white_alone_pct,black_alone_pct,two_or_more_races_pct,foreign_born_pct
12086000107,Census Tract 1.07; Miami-Dade County; Florida,2950.0,48.3,16.7,23.4,37.8,52.4,1.6,4.7,66.3,1.6,22.7,0.0
12086000109,Census Tract 1.09; Miami-Dade County; Florida,3715.0,32.3,19.6,9.9,56.3,26.2,11.3,4.3,44.7,11.3,30.3,0.0
12086000115,Census Tract 1.15; Miami-Dade County; Florida,1821.0,45.3,17.4,21.7,41.8,52.4,1.5,0.6,76.7,1.5,20.2,0.1
12086000118,Census Tract 1.18; Miami-Dade County; Florida,998.0,56.4,8.3,37.0,28.0,62.8,1.7,1.6,66.6,1.7,25.6,1.5
12086000120,Census Tract 1.20; Miami-Dade County; Florida,4024.0,43.3,15.3,16.2,46.4,42.3,5.8,2.8,62.6,6.0,22.4,0.3
12086000121,Census Tract 1.21; Miami-Dade County; Florida,1856.0,51.2,20.0,37.2,42.2,46.7,3.7,5.2,60.0,3.7,29.7,0.0
12086000122,Census Tract 1.22; Miami-Dade County; Florida,3737.0,54.1,13.1,31.3,52.0,44.5,1.0,2.8,70.9,1.0,22.7,0.0
12086000123,Census Tract 1.23; Miami-Dade County; Florida,4050.0,51.3,16.8,30.8,39.3,56.7,0.0,0.9,65.3,1.4,30.6,1.2
12086000124,Census Tract 1.24; Miami-Dade County; Florida,3188.0,39.0,17.5,15.0,40.4,14.1,41.9,0.4,33.2,41.9,17.4,0.4
12086000125,Census Tract 1.25; Miami-Dade County; Florida,4491.0,44.2,23.1,22.9,41.0,50.0,0.8,4.7,71.7,0.8,25.4,0.0
12086000126,Census Tract 1.26; Miami-Dade County; Florida,1804.0,62.6,5.9,47.3,56.6,38.5,1.2,4.7,65.7,1.2,27.9,0.0
12086000127,Census Tract 1.27; Miami-Dade County; Florida,3275.0,49.5,19.0,24.1,44.3,49.1,2.4,1.6,62.1,2.4,30.0,1.2
12086000128,Census Tract 1.28; Miami-Dade County; Florida,4046.0,47.0,17.1,12.6,55.0,21.9,17.3,7.9,51.6,19.3,23.0,1.5
12086000129,Census Tract 1.29; Miami-Dade County; Florida,2006.0,65.9,9.4,52.2,26.6,65.5,0.0,1.3,69.8,0.0,19.3,5.7
12086000130,Census Tract 1.30; Miami-Dade County; Florida,3221.0,57.6,12.6,36.0,50.7,45.6,0.0,2.3,68.2,0.0,29.1,0.0
12086000131,Census Tract 1.31; Miami-Dade County; Florida,4604.0,43.5,23.5,20.4,35.1,57.7,1.2,0.1,77.5,1.2,16.1,1.5
12086000132,Census Tract 1.32; Miami-Dade County; Florida,5538.0,52.7,12.5,31.7,51.6,40.9,2.8,2.4,62.0,2.8,27.6,0.8
12086000134,Census Tract 1.34; Miami-Dade County; Florida,2952.0,49.6,16.2,22.4,45.7,40.9,9.4,2.5,55.7,9.4,25.9,1.1
12086000140,Census Tract 1.40; Miami-Dade County; Florida,3404.0,36.5,19.6,5.4,66.0,24.7,1.7,6.6,42.4,1.7,43.8,0.3
12086000141,Census Tract 1.41; Miami-Dade County; Florida,2105.0,35.7,27.1,6.0,43.7,51.5,0.0,0.6,66.7,0.0,26.2,0.0
12086000142,Census Tract 1.42; Miami-Dade County; Florida,5020.0,50.2,16.3,28.0,44.3,45.0,0.0,5.3,61.6,0.0,30.5,0.4
12086000143,Census Tract 1.43; Miami-Dade County; Florida,2831.0,54.7,12.2,28.4,62.6,35.6,0.3,0.6,61.2,0.3,36.5,0.0
12086000144,Census Tract 1.44; Miami-Dade County; Florida,1222.0,41.5,30.7,11.9,64.5,25.8,2.1,4.7,61.0,2.1,25.5,1.1
12086000145,Census Tract 1.45; Miami-Dade County; Florida,2897.0,36.9,33.1,5.4,57.4,41.2,0.0,0.0,62.6,0.0,37.1,0.2
12086000146,Census Tract 1.46; Miami-Dade County; Florida,4604.0,47.1,26.4,31.8,27.7,60.7,0.0,0.9,67.6,0.0,30.5,0.0
12086000204,Census Tract 2.04; Miami-Dade County; Florida,3776.0,41.9,22.4,21.1,23.1,14.6,51.5,4.3,25.2,51.5,15.5,1.3
12086000206,Census Tract 2.06; Miami-Dade County; Florida,6653.0,36.1,30.2,15.3,24.5,1.8,70.0,3.3,6.1,71.2,15.3,0.0
12086000211,Census Tract 2.11; Miami-Dade County; Florida,2679.0,43.5,15.3,13.5,62.8,21.1,12.9,1.1,41.1,12.9,37.7,1.8
12086000212,Census Tract 2.12; Miami-Dade County; Florida,5019.0,39.0,23.2,11.6,46.5,8.3,40.4,0.7,32.7,41.0,18.1,3.1
12086000213,Census Tract 2.13; Miami-Dade County; Florida,5677.0,31.7,30.9,15.0,16.9,20.0,52.4,8.6,23.4,53.8,14.7,0.5
12086000215,Census Tract 2.15; Miami-Dade County; Florida,5680.0,35.8,28.1,12.6,9.7,0.6,85.5,3.4,4.9,89.1,3.2,0.0
12086000216,Census Tract 2.16; Miami-Dade County; Florida,4754.0,38.6,19.2,19.9,13.4,3.8,80.4,1.2,6.3,82.4,9.0,0.4
12086000218,Census Tract 2.18; Miami-Dade County; Florida,2934.0,42.8,19.1,20.7,26.4,3.6,68.7,0.9,10.3,68.7,16.1,1.3
12086000219,Census Tract 2.19; Miami-Dade County; Florida,4614.0,32.7,26.1,11.8,42.2,9.0,46.2,0.6,16.3,48.4,30.9,0.7
12086000220,Census Tract 2.20; Miami-Dade County; Florida,5659.0,31.4,32.9,10.1,23.2,5.9,70.9,0.0,10.6,73.4,10.4,0.0
12086000221,Census Tract 2.21; Miami-Dade County; Florida,1796.0,41.2,20.9,18.2,74.1,19.9,5.6,0.1,53.5,6.5,34.1,0.0
12086000222,Census Tract 2.22; Miami-Dade County; Florida,3892.0,42.2,17.1,18.9,51.2,16.6,25.4,5.1,32.8,36.6,18.1,1.4
12086000223,Census Tract 2.23; Miami-Dade County; Florida,3091.0,41.2,22.2,13.6,36.4,5.6,55.6,0.0,23.4,56.6,13.7,2.4
12086000224,Census Tract 2.24; Miami-Dade County; Florida,4353.0,35.2,23.3,6.6,25.8,6.4,63.1,0.8,13.1,63.1,16.6,0.2
12086000225,Census Tract 2.25; Miami-Dade County; Florida,3795.0,37.4,18.1,12.3,72.9,7.8,11.1,5.2,25.5,13.7,42.3,0.8
12086000226,Census Tract 2.26; Miami-Dade County; Florida,2213.0,40.0,31.9,26.1,13.5,77.9,5.3,2.2,79.5,5.3,6.5,0.0
12086000227,Census Tract 2.27; Miami-Dade County; Florida,2895.0,42.0,16.7,13.9,26.0,0.9,64.8,2.1,6.5,65.1,25.1,0.0
12086000228,Census Tract 2.28; Miami-Dade County; Florida,3014.0,38.9,19.6,14.9,22.2,3.6,73.2,0.2,5.5,73.4,17.9,0.0
12086000302,Census Tract 3.02; Miami-Dade County; Florida,2047.0,35.0,19.6,15.6,38.9,13.0,42.0,2.0,26.0,42.0,19.2,3.2
12086000306,Census Tract 3.06; Miami-Dade County; Florida,4585.0,38.3,21.2,16.7,24.3,6.2,65.3,1.5,13.1,65.8,16.7,0.4
12086000307,Census Tract 3.07; Miami-Dade County; Florida,4033.0,37.0,24.7,15.7,29.9,3.7,61.5,0.8,14.8,61.9,13.0,1.8
12086000308,Census Tract 3.08; Miami-Dade County; Florida,4717.0,39.1,21.3,14.7,26.1,6.5,59.9,1.9,17.0,60.0,17.2,0.0
12086000309,Census Tract 3.09; Miami-Dade County; Florida,3988.0,41.0,20.7,24.8,20.3,3.8,75.6,0.2,18.7,75.8,2.7,0.0
12086000310,Census Tract 3.10; Miami-Dade County; Florida,3590.0,40.4,24.4,18.5,32.7,4.6,54.1,6.2,5.7,54.1,31.6,2.1
12086000311,Census Tract 3.11; Miami-Dade County; Florida,4256.0,40.4,26.1,14.8,19.4,4.9,71.3,0.0,15.4,71.3,3.2,3.8
12086000312,Census Tract 3.12; Miami-Dade County; Florida,3156.0,38.1,26.8,18.4,18.3,8.9,71.0,1.0,13.0,71.0,11.8,0.0
12086000402,Census Tract 4.02; Miami-Dade County; Florida,4243.0,38.6,21.6,15.7,34.1,3.1,61.1,0.0,12.6,61.4,25.0,1.0
12086000405,Census Tract 4.05; Miami-Dade County; Florida,4022.0,40.2,25.2,12.6,37.4,0.6,61.6,0.0,7.3,61.7,24.1,0.0
12086000408,Census Tract 4.08; Miami-Dade County; Florida,5949.0,39.9,20.4,17.1,41.1,1.9,56.9,0.0,5.8,58.8,14.1,0.0
12086000409,Census Tract 4.09; Miami-Dade County; Florida,4595.0,32.5,28.3,12.0,26.7,0.6,70.8,2.0,7.0,71.3,13.1,0.0
12086000410,Census Tract 4.10; Miami-Dade County; Florida,5325.0,37.4,25.5,18.1,14.5,0.1,85.4,0.0,2.1,85.5,8.0,0.0
12086000411,Census Tract 4.11; Miami-Dade County; Florida,6174.0,40.3,24.9,14.3,18.3,3.0,77.5,0.0,7.9,77.5,7.7,0.0
12086000413,Census Tract 4.13; Miami-Dade County; Florida,5460.0,29.5,33.3,12.3,24.6,1.0,71.0,0.0,11.4,71.9,10.6,1.4
12086000414,Census Tract 4.14; Miami-Dade County; Florida,5121.0,35.2,23.2,13.1,22.2,1.2,75.9,0.2,5.3,78.7,9.2,0.5
12086000415,Census Tract 4.15; Miami-Dade County; Florida,2282.0,40.2,22.3,16.2,34.8,1.8,62.8,0.0,2.3,64.4,19.5,0.0
12086000416,Census Tract 4.16; Miami-Dade County; Florida,4786.0,45.9,20.5,24.6,63.0,0.1,35.6,0.9,23.4,36.6,20.7,0.0
12086000417,Census Tract 4.17; Miami-Dade County; Florida,4176.0,37.5,21.8,15.5,45.1,0.3,52.7,1.1,6.7,54.1,31.1,0.0
12086000418,Census Tract 4.18; Miami-Dade County; Florida,3122.0,33.5,21.7,7.1,20.3,0.0,78.1,0.0,5.3,78.6,15.1,0.0
12086000419,Census Tract 4.19; Miami-Dade County; Florida,3350.0,45.7,16.6,20.5,37.4,0.2,57.2,0.0,25.3,57.2,8.8,5.2
12086000420,Census Tract 4.20; Miami-Dade County; Florida,3951.0,36.8,21.7,24.4,17.0,0.6,64.3,0.7,4.0,68.0,20.2,2.7
12086000504,Census Tract 5.04; Miami-Dade County; Florida,4694.0,41.4,21.1,18.4,67.7,0.5,31.3,0.0,20.9,35.4,38.3,0.2
12086000505,Census Tract 5.05; Miami-Dade County; Florida,5236.0,40.0,16.4,19.6,95.3,2.1,2.6,0.0,28.2,5.7,62.8,0.0
12086000506,Census Tract 5.06; Miami-Dade County; Florida,2492.0,39.0,19.7,19.9,32.7,4.0,62.6,0.7,12.6,62.6,24.1,0.0
12086000507,Census Tract 5.07; Miami-Dade County; Florida,4877.0,34.6,16.5,13.5,52.8,6.8,36.8,2.8,22.2,38.8,31.1,0.0
12086000508,Census Tract 5.08; Miami-Dade County; Florida,3697.0,31.1,31.3,7.0,43.6,0.0,52.3,0.0,3.9,55.4,29.0,0.0
12086000509,Census Tract 5.09; Miami-Dade County; Florida,3447.0,38.2,23.9,15.5,56.6,14.2,29.1,0.0,28.5,29.1,39.0,0.0
12086000601,Census Tract 6.01; Miami-Dade County; Florida,3765.0,49.0,14.8,21.6,91.0,7.7,0.2,0.6,45.1,0.2,39.0,0.0
12086000602,Census Tract 6.02; Miami-Dade County; Florida,4647.0,54.6,12.2,27.2,95.2,4.7,0.1,0.0,30.3,0.1,64.1,0.0
12086000603,Census Tract 6.03; Miami-Dade County; Florida,4578.0,49.5,15.3,18.3,94.9,4.0,0.4,1.3,24.4,0.8,65.2,0.0
12086000605,Census Tract 6.05; Miami-Dade County; Florida,5143.0,44.7,13.3,19.3,95.5,3.7,0.6,0.5,31.3,2.5,60.6,0.0
12086000607,Census Tract 6.07; Miami-Dade County; Florida,4429.0,52.6,12.9,29.1,96.8,3.2,0.0,0.0,39.8,0.2,53.9,0.0
12086000609,Census Tract 6.09; Miami-Dade County; Florida,3516.0,50.9,15.6,19.9,98.0,1.5,0.3,0.0,35.5,0.3,56.1,0.0
12086000610,Census Tract 6.10; Miami-Dade County; Florida,2776.0,48.9,9.1,29.2,96.4,3.5,0.1,0.0,39.6,1.2,46.4,0.0
12086000611,Census Tract 6.11; Miami-Dade County; Florida,2576.0,47.5,17.2,15.2,91.1,3.5,2.8,3.1,36.1,2.8,56.1,0.3
12086000612,Census Tract 6.12; Miami-Dade County; Florida,3156.0,47.8,14.0,18.4,96.5,3.2,0.2,0.0,28.0,0.7,66.1,0.0
12086000705,Census Tract 7.05; Miami-Dade County; Florida,4636.0,47.6,18.0,25.5,98.4,1.4,0.0,0.0,30.6,0.0,58.2,0.0
12086000710,Census Tract 7.10; Miami-Dade County; Florida,4704.0,47.2,18.6,18.2,96.6,3.3,0.0,0.0,32.8,4.5,54.5,0.0
12086000711,Census Tract 7.11; Miami-Dade County; Florida,5786.0,42.5,21.8,18.2,87.6,0.3,12.2,1.4,25.1,12.6,56.3,0.0
12086000712,Census Tract 7.12; Miami-Dade County; Florida,2451.0,40.4,19.8,12.5,99.6,0.4,0.0,0.0,30.8,0.0,61.9,0.0
12086000713,Census Tract 7.13; Miami-Dade County; Florida,3036.0,49.2,10.2,21.3,98.5,0.4,1.1,0.0,49.3,1.1,45.7,0.0
12086000714,Census Tract 7.14; Miami-Dade County; Florida,4586.0,49.4,18.0,26.3,96.8,2.9,0.3,0.0,39.3,0.3,55.3,0.0
12086000715,Census Tract 7.15; Miami-Dade County; Florida,3507.0,49.6,18.0,26.0,96.0,3.3,0.0,0.7,34.4,0.0,50.0,0.0
12086000716,Census Tract 7.16; Miami-Dade County; Florida,2663.0,44.0,21.3,24.1,93.6,4.0,0.0,2.4,32.5,0.0,57.5,0.0
12086000717,Census Tract 7.17; Miami-Dade County; Florida,2648.0,53.5,10.2,26.1,94.0,4.9,0.9,0.0,44.7,3.5,34.7,0.2
12086000718,Census Tract 7.18; Miami-Dade County; Florida,3858.0,42.7,11.6,25.9,95.3,4.2,0.5,0.0,27.5,0.5,49.8,0.0
12086000719,Census Tract 7.19; Miami-Dade County; Florida,1314.0,51.0,11.8,25.1,98.2,1.1,0.4,0.0,39.6,1.4,56.4,0.0
12086000720,Census Tract 7.20; Miami-Dade County; Florida,3498.0,51.1,16.2,24.0,94.5,5.3,0.2,0.0,37.7,0.3,55.7,0.0
12086000804,Census Tract 8.04; Miami-Dade County; Florida,4151.0,48.5,15.0,25.1,97.4,1.4,1.3,0.0,32.1,1.8,55.0,0.0
12086000805,Census Tract 8.05; Miami-Dade County; Florida,5244.0,48.9,17.8,23.1,95.5,3.8,0.3,1.1,36.1,2.5,56.3,0.0
12086000806,Census Tract 8.06; Miami-Dade County; Florida,4084.0,48.6,15.6,28.9,91.7,5.0,0.7,0.8,37.8,2.6,45.8,1.7
12086000807,Census Tract 8.07; Miami-Dade County; Florida,4013.0,51.2,13.3,19.8,91.5,4.3,0.9,1.4,32.0,0.9,66.3,0.0
12086000808,Census Tract 8.08; Miami-Dade County; Florida,3948.0,45.2,14.5,23.3,94.8,3.7,0.3,0.0,36.2,1.4,53.0,0.0
12086000903,Census Tract 9.03; Miami-Dade County; Florida,3590.0,35.0,29.6,13.9,51.3,0.8,46.8,0.0,8.7,46.8,29.6,0.0
12086000904,Census Tract 9.04; Miami-Dade County; Florida,2491.0,44.1,19.7,18.5,71.3,1.5,27.2,0.0,16.3,33.8,32.6,0.0
12086000905,Census Tract 9.05; Miami-Dade County; Florida,3803.0,43.8,12.3,20.2,79.0,2.6,17.3,0.0,16.3,22.0,46.1,0.0
12086000906,Census Tract 9.06; Miami-Dade County; Florida,1686.0,45.4,6.5,22.1,81.0,0.1,14.7,0.0,30.1,27.5,30.1,1.2
12086000907,Census Tract 9.07; Miami-Dade County; Florida,2073.0,37.8,19.7,18.9,95.0,0.1,4.9,0.0,10.4,8.3,63.0,0.0
12086000908,Census Tract 9.08; Miami-Dade County; Florida,3286.0,53.2,12.6,25.3,97.0,0.0,0.0,0.0,33.4,1.5,44.1,0.0
12086001003,Census Tract 10.03; Miami-Dade County; Florida,6116.0,42.7,20.0,16.6,43.4,0.7,54.7,0.0,11.8,57.7,12.8,0.0
12086001004,Census Tract 10.04; Miami-Dade County; Florida,7400.0,34.7,24.7,13.5,45.0,2.0,52.5,0.0,6.9,52.9,11.6,0.0
12086001005,Census Tract 10.05; Miami-Dade County; Florida,1598.0,57.2,10.2,37.1,24.2,4.6,66.1,2.9,7.9,66.1,13.6,0.0
12086001006,Census Tract 10.06; Miami-Dade County; Florida,4637.0,34.9,29.0,16.7,36.9,3.1,55.6,2.7,3.5,56.3,16.6,1.2
12086001007,Census Tract 10.07; Miami-Dade County; Florida,3619.0,38.3,25.6,13.5,30.6,2.6,66.0,0.0,6.3,66.4,7.5,0.0
12086001008,Census Tract 10.08; Miami-Dade County; Florida,3425.0,38.2,29.7,13.2,30.6,3.8,65.0,0.0,5.9,66.3,13.0,0.0
12086001101,Census Tract 11.01; Miami-Dade County; Florida,5026.0,39.5,22.9,14.3,52.3,12.8,23.6,8.4,31.8,25.5,28.0,0.0
12086001102,Census Tract 11.02; Miami-Dade County; Florida,5930.0,27.3,16.8,11.4,28.1,16.8,48.5,3.9,27.1,49.7,15.8,0.7
12086001103,Census Tract 11.03; Miami-Dade County; Florida,4849.0,34.1,27.9,10.6,23.0,14.1,61.7,0.5,18.3,62.4,12.3,0.1
12086001104,Census Tract 11.04; Miami-Dade County; Florida,4817.0,41.0,26.4,14.7,29.9,45.9,13.6,7.2,51.9,13.7,26.1,0.4
12086001204,Census Tract 12.04; Miami-Dade County; Florida,6097.0,40.6,25.1,21.0,52.5,22.5,20.3,0.9,47.1,20.9,22.3,2.3
12086001205,Census Tract 12.05; Miami-Dade County; Florida,2441.0,40.3,29.4,13.4,43.7,33.1,15.5,5.1,62.4,15.5,16.3,0.7
12086001206,Census Tract 12.06; Miami-Dade County; Florida,4251.0,43.8,23.2,19.8,28.9,55.2,3.3,1.8,64.3,3.6,16.1,9.5
12086001207,Census Tract 12.07; Miami-Dade County; Florida,2042.0,20.4,46.9,4.3,34.0,20.1,41.1,2.0,28.3,41.1,24.3,1.7
12086001208,Census Tract 12.08; Miami-Dade County; Florida,3008.0,41.2,16.1,13.6,28.5,2.9,58.9,1.6,17.1,59.4,12.6,4.4
12086001209,Census Tract 12.09; Miami-Dade County; Florida,3929.0,34.0,26.2,4.9,43.9,5.7,48.8,0.3,15.0,50.4,23.7,1.0
12086001301,Census Tract 13.01; Miami-Dade County; Florida,5785.0,34.2,22.3,10.6,31.8,20.7,45.7,0.4,31.0,46.5,19.7,0.4
12086001302,Census Tract 13.02; Miami-Dade County; Florida,5809.0,43.4,12.2,22.6,48.5,30.8,10.8,3.3,49.0,12.2,28.1,0.0
12086001401,Census Tract 14.01; Miami-Dade County; Florida,6053.0,34.0,26.8,12.3,26.3,0.4,71.6,0.3,3.5,72.6,9.9,1.1
12086001402,Census Tract 14.02; Miami-Dade County; Florida,4929.0,37.8,20.6,21.9,41.3,1.9,56.8,0.0,17.7,56.8,17.3,0.0
12086001501,Census Tract 15.01; Miami-Dade County; Florida,3359.0,31.5,25.3,6.8,25.9,0.3,68.5,0.0,1.4,75.6,13.6,0.0
12086001502,Census Tract 15.02; Miami-Dade County; Florida,4358.0,28.7,35.9,9.4,34.1,0.2,65.8,0.0,7.2,76.5,10.7,0.0
12086001603,Census Tract 16.03; Miami-Dade County; Florida,3367.0,48.1,11.8,19.6,97.5,2.4,0.1,0.0,29.9,0.1,47.5,0.0
12086001605,Census Tract 16.05; Miami-Dade County; Florida,3744.0,52.2,13.9,28.1,97.9,0.4,1.5,0.0,35.2,3.0,50.4,0.0
12086001606,Census Tract 16.06; Miami-Dade County; Florida,4425.0,45.1,13.2,19.9,97.1,2.3,0.3,0.4,28.9,0.3,58.6,0.0
12086001607,Census Tract 16.07; Miami-Dade County; Florida,2972.0,52.3,12.9,34.0,89.2,2.8,1.2,1.3,30.9,1.6,44.1,5.5
12086001608,Census Tract 16.08; Miami-Dade County; Florida,2938.0,46.1,13.1,22.9,95.5,4.1,0.2,0.0,30.0,0.2,63.1,0.0
12086001701,Census Tract 17.01; Miami-Dade County; Florida,4933.0,40.7,14.4,13.5,51.6,1.3,45.7,0.2,12.2,46.8,27.8,0.0
12086001702,Census Tract 17.02; Miami-Dade County; Florida,3448.0,41.4,22.7,17.7,61.2,4.6,31.4,1.9,28.6,32.5,23.9,0.8
12086001704,Census Tract 17.04; Miami-Dade County; Florida,2412.0,36.6,26.3,18.7,90.2,4.5,3.8,0.0,29.8,3.8,51.9,0.0
12086001705,Census Tract 17.05; Miami-Dade County; Florida,1975.0,36.2,19.9,15.6,99.4,0.6,0.0,0.0,41.2,5.0,43.7,0.0
12086001801,Census Tract 18.01; Miami-Dade County; Florida,4518.0,40.3,26.9,16.6,38.9,1.1,59.6,0.0,5.2,60.7,18.9,0.0
12086001802,Census Tract 18.02; Miami-Dade County; Florida,4368.0,35.5,25.8,10.7,64.1,0.8,34.3,0.7,19.4,35.4,22.3,0.0
12086001803,Census Tract 18.03; Miami-Dade County; Florida,2906.0,40.8,18.5,24.1,40.7,0.2,58.2,0.0,16.4,58.2,6.6,0.2
12086001901,Census Tract 19.01; Miami-Dade County; Florida,4275.0,37.7,25.5,13.9,33.8,1.5,62.4,2.3,9.1,63.5,9.5,0.0
12086001903,Census Tract 19.03; Miami-Dade County; Florida,3560.0,33.0,25.2,9.4,42.1,2.8,54.6,0.0,4.9,55.4,14.0,0.0
12086001904,Census Tract 19.04; Miami-Dade County; Florida,4032.0,39.3,23.8,15.3,41.1,5.3,49.0,1.2,14.0,54.5,22.4,0.0
12086002001,Census Tract 20.01; Miami-Dade County; Florida,3745.0,40.5,23.1,20.0,20.9,2.9,75.6,0.5,9.0,77.5,8.2,0.0
12086002003,Census Tract 20.03; Miami-Dade County; Florida,3468.0,33.6,26.0,14.5,36.0,5.0,57.6,0.3,14.9,57.9,14.9,0.0
12086002004,Census Tract 20.04; Miami-Dade County; Florida,3246.0,31.9,32.7,14.1,30.5,2.5,66.1,0.0,16.1,74.4,4.5,0.1
12086002100,Census Tract 21; Miami-Dade County; Florida,3048.0,38.9,20.9,13.9,48.2,35.0,12.3,3.4,54.7,12.3,18.6,0.0
12086002201,Census Tract 22.01; Miami-Dade County; Florida,3130.0,37.1,15.2,16.9,40.5,15.5,37.9,2.8,29.5,38.2,21.3,0.2
12086002202,Census Tract 22.02; Miami-Dade County; Florida,5283.0,33.9,22.8,15.8,25.4,4.8,68.0,0.2,11.0,70.6,8.5,0.8
12086002300,Census Tract 23; Miami-Dade County; Florida,5471.0,34.4,29.5,15.0,35.8,0.9,63.1,0.0,12.4,65.6,17.3,0.0
12086002402,Census Tract 24.02; Miami-Dade County; Florida,6305.0,35.8,28.5,15.2,89.7,3.6,6.1,1.2,21.6,8.8,63.7,0.0
12086002403,Census Tract 24.03; Miami-Dade County; Florida,4118.0,42.6,12.3,18.0,94.0,3.3,2.0,0.0,28.2,6.4,52.4,0.0
12086002404,Census Tract 24.04; Miami-Dade County; Florida,5306.0,45.9,17.1,25.3,97.5,0.6,1.9,0.0,32.9,4.0,53.2,0.0
12086002501,Census Tract 25.01; Miami-Dade County; Florida,5792.0,45.7,17.9,20.7,78.0,3.5,17.0,0.0,16.0,19.2,51.4,0.4
12086002502,Census Tract 25.02; Miami-Dade County; Florida,3465.0,41.5,25.6,19.9,74.5,3.8,17.7,0.5,9.9,19.9,42.3,0.0
12086002600,Census Tract 26; Miami-Dade County; Florida,6036.0,35.6,17.1,9.7,76.2,17.4,4.2,0.6,30.1,6.2,48.4,0.4
12086002702,Census Tract 27.02; Miami-Dade County; Florida,6022.0,32.7,16.0,5.6,61.8,18.9,11.0,3.7,46.0,11.6,31.0,1.5
12086002705,Census Tract 27.05; Miami-Dade County; Florida,5143.0,32.5,14.4,7.1,65.7,24.1,3.5,2.4,59.3,5.0,24.3,2.2
12086002707,Census Tract 27.07; Miami-Dade County; Florida,2470.0,35.6,16.1,4.1,42.3,41.3,4.7,6.0,48.7,4.7,37.0,0.0
12086002708,Census Tract 27.08; Miami-Dade County; Florida,3324.0,35.7,10.6,7.9,69.3,23.8,2.0,3.8,45.7,2.0,38.1,2.2
12086002709,Census Tract 27.09; Miami-Dade County; Florida,4182.0,34.3,6.0,2.3,43.9,37.8,5.1,14.4,44.5,5.1,35.5,0.0
12086002710,Census Tract 27.10; Miami-Dade County; Florida,1800.0,45.5,8.1,19.8,44.7,38.7,6.1,1.1,50.2,6.1,35.3,5.7
12086002800,Census Tract 28; Miami-Dade County; Florida,1205.0,39.3,8.9,9.3,55.9,16.0,21.0,2.0,18.3,27.1,40.0,0.9
12086002900,Census Tract 29; Miami-Dade County; Florida,5174.0,40.9,19.3,14.9,78.4,7.4,13.1,1.2,33.2,13.9,44.8,0.0
12086003001,Census Tract 30.01; Miami-Dade County; Florida,3202.0,38.9,14.0,15.5,64.0,15.5,10.1,8.1,35.2,12.3,40.6,0.0
12086003004,Census Tract 30.04; Miami-Dade County; Florida,5524.0,38.7,10.5,18.2,70.3,3.1,21.8,4.8,25.3,24.5,37.8,0.0
12086003005,Census Tract 30.05; Miami-Dade County; Florida,1611.0,41.1,12.7,19.9,96.5,3.5,0.0,0.0,17.1,1.9,69.1,0.0
12086003006,Census Tract 30.06; Miami-Dade County; Florida,4728.0,47.0,18.7,17.4,90.0,8.4,1.0,3.4,39.9,1.0,50.6,0.0
12086003100,Census Tract 31; Miami-Dade County; Florida,5586.0,35.0,16.4,10.0,36.6,2.2,58.0,0.4,21.0,59.9,16.9,0.0
12086003400,Census Tract 34; Miami-Dade County; Florida,3412.0,32.5,17.1,10.6,58.1,10.2,29.3,0.6,29.3,33.1,26.2,0.5
12086003603,Census Tract 36.03; Miami-Dade County; Florida,1825.0,38.5,7.5,18.1,72.8,14.6,5.9,1.4,44.1,7.0,31.2,5.3
12086003604,Census Tract 36.04; Miami-Dade County; Florida,2932.0,37.2,14.2,9.2,79.0,10.9,8.3,0.0,38.4,8.3,47.4,0.0
12086003605,Census Tract 36.05; Miami-Dade County; Florida,2557.0,46.4,8.5,28.9,82.6,9.9,6.5,0.1,43.4,11.7,38.1,0.0
12086003606,Census Tract 36.06; Miami-Dade County; Florida,1985.0,48.7,7.1,31.5,81.7,11.2,3.3,0.0,45.3,3.7,42.9,0.0
12086003607,Census Tract 36.07; Miami-Dade County; Florida,1929.0,36.2,19.3,8.4,61.6,3.6,32.1,2.7,30.9,32.1,34.3,0.0
12086003703,Census Tract 37.03; Miami-Dade County; Florida,2982.0,32.9,5.8,1.0,50.4,30.4,6.3,10.8,38.3,6.5,43.2,0.0
12086003704,Census Tract 37.04; Miami-Dade County; Florida,1286.0,35.7,7.6,7.5,63.1,25.0,8.6,4.5,41.5,8.6,37.4,0.0
12086003705,Census Tract 37.05; Miami-Dade County; Florida,1796.0,31.0,6.5,1.6,54.0,20.0,11.0,4.4,34.7,11.7,45.5,0.9
12086003706,Census Tract 37.06; Miami-Dade County; Florida,2096.0,32.7,6.7,0.9,56.1,19.7,19.7,0.6,45.3,24.4,26.9,0.0
12086003707,Census Tract 37.07; Miami-Dade County; Florida,1598.0,34.6,1.8,9.1,50.7,29.2,3.2,10.2,51.1,5.6,29.8,1.1
12086003708,Census Tract 37.08; Miami-Dade County; Florida,1087.0,37.6,7.1,13.7,60.0,34.9,0.0,4.0,53.9,0.0,38.9,0.9
12086003709,Census Tract 37.09; Miami-Dade County; Florida,1321.0,35.3,1.1,4.8,58.0,11.5,8.9,8.2,43.0,10.8,27.5,6.9
12086003710,Census Tract 37.10; Miami-Dade County; Florida,7337.0,34.1,9.6,4.4,56.8,25.9,5.2,7.5,39.2,5.8,47.4,0.7
12086003801,Census Tract 38.01; Miami-Dade County; Florida,5848.0,36.9,29.7,12.5,54.2,41.1,1.2,0.1,53.2,1.2,36.1,2.1
12086003803,Census Tract 38.03; Miami-Dade County; Florida,3021.0,49.9,19.2,28.6,28.9,67.6,0.1,0.0,79.3,0.2,18.0,2.5
12086003804,Census Tract 38.04; Miami-Dade County; Florida,5566.0,41.0,32.3,18.1,34.1,57.5,4.7,3.9,76.1,4.7,16.1,0.2
12086003906,Census Tract 39.06; Miami-Dade County; Florida,2385.0,49.5,25.6,17.4,30.9,64.2,0.0,1.8,79.4,0.0,14.5,0.0
12086003909,Census Tract 39.09; Miami-Dade County; Florida,1342.0,45.1,12.3,26.8,62.5,13.9,11.4,0.9,25.8,11.4,38.8,2.9
12086003911,Census Tract 39.11; Miami-Dade County; Florida,4381.0,40.4,11.4,14.9,73.6,11.1,4.3,4.0,23.5,6.4,54.4,2.6
12086003912,Census Tract 39.12; Miami-Dade County; Florida,4470.0,35.1,20.0,8.0,83.9,11.2,1.2,0.0,33.8,1.2,36.5,1.6
12086003913,Census Tract 39.13; Miami-Dade County; Florida,3672.0,48.0,12.6,22.5,63.8,17.6,2.8,6.0,43.3,7.7,22.8,9.9
12086003914,Census Tract 39.14; Miami-Dade County; Florida,3396.0,50.9,5.3,29.7,70.0,23.6,0.9,2.5,42.1,7.3,42.2,0.5
12086003915,Census Tract 39.15; Miami-Dade County; Florida,5020.0,45.6,13.0,17.0,68.1,17.7,6.3,3.0,51.4,6.3,31.8,0.4
12086003916,Census Tract 39.16; Miami-Dade County; Florida,4178.0,39.7,14.6,11.3,71.7,17.2,2.8,2.8,32.4,2.8,43.3,0.6
12086003917,Census Tract 39.17; Miami-Dade County; Florida,5269.0,48.0,12.5,13.3,61.8,20.6,6.0,6.3,39.2,6.5,33.1,3.0
12086003918,Census Tract 39.18; Miami-Dade County; Florida,2735.0,40.9,13.5,10.2,57.7,31.1,2.2,6.0,45.6,3.4,33.4,1.6
12086003919,Census Tract 39.19; Miami-Dade County; Florida,2759.0,40.5,20.6,21.3,48.6,38.1,2.2,0.9,54.3,2.2,39.4,0.0
12086003921,Census Tract 39.21; Miami-Dade County; Florida,2756.0,47.0,20.9,22.5,45.3,46.1,2.5,5.0,72.5,3.0,14.9,0.0
12086003922,Census Tract 39.22; Miami-Dade County; Florida,2223.0,46.8,18.2,24.4,48.2,36.6,0.0,5.2,59.6,0.0,25.7,3.0
12086004000,Census Tract 40; Miami-Dade County; Florida,4867.0,35.3,34.9,15.5,36.2,61.3,0.1,3.3,85.3,0.1,10.6,1.0
12086004102,Census Tract 41.02; Miami-Dade County; Florida,2435.0,51.5,15.4,29.0,29.9,56.8,3.8,4.0,69.0,3.8,23.5,0.0
12086004103,Census Tract 41.03; Miami-Dade County; Florida,2113.0,56.3,6.4,37.0,65.5,22.0,4.0,2.2,46.3,4.0,36.5,0.0
12086004105,Census Tract 41.05; Miami-Dade County; Florida,2467.0,39.4,5.3,18.8,54.3,30.7,12.4,1.4,52.0,13.8,32.2,0.5
12086004106,Census Tract 41.06; Miami-Dade County; Florida,2646.0,39.7,31.7,13.9,20.4,69.0,1.8,7.6,78.0,2.0,10.9,0.0
12086004204,Census Tract 42.04; Miami-Dade County; Florida,2004.0,41.1,10.3,8.7,59.6,32.5,3.6,4.2,63.8,3.6,10.6,0.0
12086004205,Census Tract 42.05; Miami-Dade County; Florida,1854.0,39.6,4.3,14.5,46.9,46.8,3.6,2.8,62.3,8.0,13.8,0.0
12086004206,Census Tract 42.06; Miami-Dade County; Florida,1940.0,46.8,15.5,14.3,59.2,30.2,8.6,1.8,57.3,8.6,28.4,0.2
12086004207,Census Tract 42.07; Miami-Dade County; Florida,2169.0,38.9,12.7,8.7,44.1,54.4,1.5,0.0,78.2,2.4,10.3,0.0
12086004208,Census Tract 42.08; Miami-Dade County; Florida,1184.0,47.4,3.6,21.0,35.6,46.5,1.8,15.9,67.6,1.8,11.2,0.0
12086004301,Census Tract 43.01; Miami-Dade County; Florida,2543.0,37.4,12.1,7.7,47.8,39.8,4.8,4.0,59.6,4.8,19.2,1.8
12086004303,Census Tract 43.03; Miami-Dade County; Florida,2679.0,37.5,14.1,10.0,76.9,17.7,2.4,2.6,53.1,3.1,15.3,0.0
12086004304,Census Tract 43.04; Miami-Dade County; Florida,2169.0,35.9,10.6,7.5,58.3,31.3,4.7,2.9,53.4,4.7,26.2,0.0
12086004403,Census Tract 44.03; Miami-Dade County; Florida,2634.0,38.7,12.0,15.1,49.3,34.5,5.7,4.2,65.6,5.7,21.7,0.0
12086004404,Census Tract 44.04; Miami-Dade County; Florida,2148.0,46.8,14.4,33.6,58.8,35.7,4.2,0.0,54.7,4.2,30.8,0.0
12086004405,Census Tract 44.05; Miami-Dade County; Florida,3514.0,39.3,13.6,22.2,66.4,30.8,1.5,0.3,60.7,5.7,11.4,0.0
12086004406,Census Tract 44.06; Miami-Dade County; Florida,2178.0,42.7,9.0,15.2,39.9,50.4,2.5,3.4,72.0,2.8,12.2,1.5
12086004500,Census Tract 45; Miami-Dade County; Florida,4023.0,53.2,14.3,37.5,36.5,55.2,3.4,3.0,72.2,3.4,9.5,1.9
12086004602,Census Tract 46.02; Miami-Dade County; Florida,4513.0,41.1,32.1,10.9,70.5,25.9,1.1,0.4,40.7,1.1,52.8,0.0
12086004605,Census Tract 46.05; Miami-Dade County; Florida,3910.0,42.9,31.0,15.8,72.6,23.5,0.5,1.3,50.8,2.4,44.0,0.0
12086004607,Census Tract 46.07; Miami-Dade County; Florida,4241.0,43.6,29.1,24.1,70.5,25.0,0.0,0.4,48.5,0.0,51.1,0.1
12086004608,Census Tract 46.08; Miami-Dade County; Florida,1964.0,46.5,29.7,15.4,83.8,12.2,0.0,0.0,37.5,0.0,59.1,0.0
12086004701,Census Tract 47.01; Miami-Dade County; Florida,5009.0,45.7,18.8,27.5,79.4,19.2,0.0,0.8,50.1,0.0,44.8,0.7
12086004703,Census Tract 47.03; Miami-Dade County; Florida,5001.0,41.5,20.0,20.3,78.9,14.7,1.1,2.3,51.6,3.0,36.4,1.3
12086004704,Census Tract 47.04; Miami-Dade County; Florida,2306.0,42.1,15.3,18.6,81.6,15.4,0.0,1.9,49.3,0.0,37.2,2.8
12086004705,Census Tract 47.05; Miami-Dade County; Florida,3596.0,42.0,17.9,14.6,74.2,25.1,0.1,0.0,45.8,1.1,42.5,0.2
12086004901,Census Tract 49.01; Miami-Dade County; Florida,3578.0,47.3,12.4,17.7,91.7,2.7,3.2,0.4,30.6,3.2,56.2,0.0
12086004903,Census Tract 49.03; Miami-Dade County; Florida,3272.0,46.5,17.5,22.4,95.4,2.4,0.0,0.0,20.5,0.7,69.3,0.0
12086004904,Census Tract 49.04; Miami-Dade County; Florida,2513.0,46.5,14.0,29.7,95.3,4.6,0.2,0.0,24.1,0.2,66.5,0.0
12086005002,Census Tract 50.02; Miami-Dade County; Florida,4502.0,49.8,9.0,21.6,97.1,2.6,0.3,0.0,32.6,1.6,55.7,0.0
12086005003,Census Tract 50.03; Miami-Dade County; Florida,3600.0,49.6,11.1,21.9,95.6,3.6,0.3,0.6,26.6,4.3,59.7,0.0
12086005004,Census Tract 50.04; Miami-Dade County; Florida,3664.0,47.4,13.5,23.2,97.3,2.6,0.1,8.0,40.4,0.1,49.5,0.0
12086005102,Census Tract 51.02; Miami-Dade County; Florida,5269.0,48.1,11.9,29.2,89.4,6.4,4.2,0.0,40.3,4.5,49.6,0.0
12086005103,Census Tract 51.03; Miami-Dade County; Florida,2539.0,43.8,17.1,19.3,95.9,2.4,0.7,0.4,42.1,1.1,49.5,0.0
12086005104,Census Tract 51.04; Miami-Dade County; Florida,4218.0,42.6,17.0,13.4,92.1,3.5,2.7,0.3,30.1,4.0,49.4,1.5
12086005201,Census Tract 52.01; Miami-Dade County; Florida,5473.0,47.2,23.6,15.1,97.3,2.0,0.4,0.3,24.2,0.4,61.7,0.0
12086005202,Census Tract 52.02; Miami-Dade County; Florida,6168.0,47.1,21.8,18.4,92.4,5.4,1.7,1.0,34.7,2.5,53.8,0.0
12086005303,Census Tract 53.03; Miami-Dade County; Florida,3604.0,39.9,15.6,9.0,95.3,2.2,2.6,0.0,21.8,2.6,61.5,0.0
12086005304,Census Tract 53.04; Miami-Dade County; Florida,4052.0,41.8,15.0,15.6,90.7,1.9,5.2,1.3,22.5,6.1,65.2,0.0
12086005305,Census Tract 53.05; Miami-Dade County; Florida,3643.0,46.3,14.8,19.5,90.9,2.1,2.4,4.6,22.9,2.4,61.7,0.0
12086005306,Census Tract 53.06; Miami-Dade County; Florida,4433.0,47.1,11.4,23.7,91.9,5.6,2.0,0.0,24.2,2.3,61.9,0.3
12086005403,Census Tract 54.03; Miami-Dade County; Florida,1743.0,45.3,20.5,17.2,91.1,0.0,8.9,0.0,32.8,8.9,43.8,0.0
12086005405,Census Tract 54.05; Miami-Dade County; Florida,3872.0,40.7,16.3,12.0,92.3,1.8,5.9,0.0,44.4,10.7,42.1,0.0
12086005406,Census Tract 54.06; Miami-Dade County; Florida,3736.0,38.3,18.0,14.7,98.0,2.0,0.0,0.0,43.2,1.4,51.6,0.0
12086005407,Census Tract 54.07; Miami-Dade County; Florida,2484.0,44.3,21.3,21.4,94.7,5.0,0.0,0.0,23.8,0.0,73.0,0.0
12086005409,Census Tract 54.09; Miami-Dade County; Florida,3567.0,49.3,8.7,23.8,97.6,1.0,0.1,2.1,34.2,0.8,54.1,0.0
12086005410,Census Tract 54.10; Miami-Dade County; Florida,2958.0,41.5,21.1,22.1,99.0,1.0,0.0,0.0,23.0,0.4,63.0,0.0
12086005503,Census Tract 55.03; Miami-Dade County; Florida,3819.0,40.5,21.9,16.4,94.6,2.0,3.4,0.7,23.4,3.4,70.2,0.0
12086005504,Census Tract 55.04; Miami-Dade County; Florida,3260.0,39.3,17.1,22.2,94.6,4.2,0.3,0.9,19.4,0.3,71.3,0.0
12086005505,Census Tract 55.05; Miami-Dade County; Florida,2270.0,43.5,19.3,21.6,95.5,2.7,0.6,6.2,37.4,0.6,58.0,0.0
12086005506,Census Tract 55.06; Miami-Dade County; Florida,3601.0,45.9,16.2,25.1,93.7,6.1,0.2,0.0,26.6,2.5,63.1,0.0
12086005600,Census Tract 56; Miami-Dade County; Florida,4477.0,50.6,14.0,24.4,86.7,11.0,0.6,0.0,33.5,0.8,58.3,0.0
12086005701,Census Tract 57.01; Miami-Dade County; Florida,6576.0,52.0,10.8,31.1,97.1,2.9,0.0,0.0,38.0,0.6,60.0,0.0
12086005705,Census Tract 57.05; Miami-Dade County; Florida,3201.0,49.5,14.5,28.6,97.3,0.0,2.7,0.0,32.4,2.7,61.1,0.0
12086005706,Census Tract 57.06; Miami-Dade County; Florida,4159.0,47.5,11.0,30.0,98.0,1.1,0.8,0.0,55.0,3.5,30.9,0.0
12086005707,Census Tract 57.07; Miami-Dade County; Florida,1561.0,46.0,13.8,14.8,96.5,3.5,0.0,0.0,40.9,0.0,55.9,0.0
12086005708,Census Tract 57.08; Miami-Dade County; Florida,5875.0,44.2,18.0,19.7,98.3,1.3,0.4,0.0,47.4,0.7,50.4,0.0
12086005803,Census Tract 58.03; Miami-Dade County; Florida,6490.0,39.7,19.8,14.5,96.5,2.9,0.7,0.0,31.8,0.7,63.9,0.0
12086005804,Census Tract 58.04; Miami-Dade County; Florida,3787.0,52.4,17.0,34.0,95.7,2.0,0.1,2.0,48.4,0.1,38.6,0.0
12086005805,Census Tract 58.05; Miami-Dade County; Florida,2345.0,47.8,13.3,20.5,89.9,9.0,0.0,5.2,41.8,0.3,47.7,0.0
12086005806,Census Tract 58.06; Miami-Dade County; Florida,4018.0,42.9,20.2,21.3,97.2,2.8,0.0,0.4,29.6,0.0,62.2,0.0
12086005901,Census Tract 59.01; Miami-Dade County; Florida,4885.0,38.8,18.1,20.1,87.0,7.8,0.0,4.2,33.8,0.3,51.7,0.0
12086005902,Census Tract 59.02; Miami-Dade County; Florida,3211.0,53.0,15.1,27.9,91.8,6.4,1.8,0.8,37.5,3.1,50.3,0.0
12086005903,Census Tract 59.03; Miami-Dade County; Florida,5780.0,50.8,18.4,28.9,93.4,6.0,0.5,0.0,26.8,0.7,57.6,0.0
12086005904,Census Tract 59.04; Miami-Dade County; Florida,5573.0,42.3,16.0,18.2,87.7,2.7,2.6,5.2,34.8,3.0,48.1,1.2
12086006002,Census Tract 60.02; Miami-Dade County; Florida,6288.0,43.8,16.1,17.1,88.8,7.0,0.4,2.4,38.2,0.4,53.5,0.0
12086006003,Census Tract 60.03; Miami-Dade County; Florida,2945.0,49.1,15.2,22.6,92.8,7.2,0.0,0.0,29.4,0.0,62.7,0.0
12086006004,Census Tract 60.04; Miami-Dade County; Florida,2446.0,51.1,15.0,23.0,76.1,17.6,0.0,3.8,56.8,0.0,32.3,2.8
12086006103,Census Tract 61.03; Miami-Dade County; Florida,1965.0,50.4,27.9,25.6,58.4,41.2,0.0,1.1,67.9,0.0,31.8,0.0
12086006104,Census Tract 61.04; Miami-Dade County; Florida,4002.0,50.0,20.0,32.0,64.8,34.7,0.0,0.0,60.2,1.0,31.9,0.0
12086006105,Census Tract 61.05; Miami-Dade County; Florida,2252.0,42.2,25.0,25.6,62.3,31.5,1.6,2.5,54.4,1.6,39.3,0.0
12086006106,Census Tract 61.06; Miami-Dade County; Florida,2376.0,43.8,19.7,19.4,78.6,15.9,0.0,1.6,40.4,0.3,53.0,0.5
12086006201,Census Tract 62.01; Miami-Dade County; Florida,2861.0,43.0,14.8,21.5,82.9,11.7,1.8,2.5,39.4,1.8,51.7,0.0
12086006203,Census Tract 62.03; Miami-Dade County; Florida,2572.0,47.7,19.2,23.2,57.9,35.9,0.4,3.2,59.2,0.4,28.7,0.8
12086006205,Census Tract 62.05; Miami-Dade County; Florida,3268.0,38.4,12.8,17.3,72.7,19.3,0.7,3.8,45.6,2.4,42.9,0.0
12086006206,Census Tract 62.06; Miami-Dade County; Florida,4097.0,44.4,13.6,13.3,67.2,23.8,0.0,7.2,51.2,0.0,37.2,1.0
12086006302,Census Tract 63.02; Miami-Dade County; Florida,5644.0,39.5,23.8,15.6,80.2,14.2,0.6,2.6,40.7,0.6,53.7,1.2
12086006303,Census Tract 63.03; Miami-Dade County; Florida,3735.0,50.7,11.0,29.0,91.1,8.2,0.6,0.1,36.0,1.0,59.6,0.0
12086006304,Census Tract 63.04; Miami-Dade County; Florida,3064.0,47.6,13.7,22.0,91.0,3.5,3.6,3.2,29.4,4.5,59.3,0.6
12086006401,Census Tract 64.01; Miami-Dade County; Florida,3331.0,46.5,13.5,20.6,91.2,5.9,1.3,0.0,36.1,1.3,51.3,0.0
12086006402,Census Tract 64.02; Miami-Dade County; Florida,3961.0,38.8,12.6,14.3,81.2,15.4,2.4,0.0,45.5,2.4,44.8,0.5
12086006403,Census Tract 64.03; Miami-Dade County; Florida,3023.0,54.0,11.0,35.0,82.9,13.8,2.7,0.0,46.7,2.7,44.7,0.0
12086006501,Census Tract 65.01; Miami-Dade County; Florida,3482.0,42.4,17.9,20.2,88.7,11.0,0.0,1.2,32.7,0.0,63.2,0.0
12086006503,Census Tract 65.03; Miami-Dade County; Florida,2145.0,43.4,17.0,19.3,82.2,10.1,1.1,4.5,34.0,1.1,51.0,1.7
12086006504,Census Tract 65.04; Miami-Dade County; Florida,1967.0,46.6,14.6,21.9,80.3,16.8,1.7,0.0,49.1,2.9,40.2,1.2
12086006603,Census Tract 66.03; Miami-Dade County; Florida,2611.0,39.1,10.7,21.1,66.1,24.5,4.5,3.3,45.4,4.8,33.6,0.7
12086006604,Census Tract 66.04; Miami-Dade County; Florida,1982.0,34.6,10.9,17.1,77.0,9.5,0.0,9.9,32.3,0.0,50.5,0.0
12086006605,Census Tract 66.05; Miami-Dade County; Florida,1549.0,38.4,5.1,13.2,48.6,41.6,3.2,6.1,46.5,3.2,44.7,0.0
12086006606,Census Tract 66.06; Miami-Dade County; Florida,1376.0,46.9,18.1,9.8,97.0,0.4,0.4,0.0,35.2,5.1,53.3,1.8
12086006607,Census Tract 66.07; Miami-Dade County; Florida,3438.0,34.6,13.1,12.9,92.6,4.9,0.6,1.2,55.8,2.2,31.1,0.0
12086006608,Census Tract 66.08; Miami-Dade County; Florida,3606.0,41.6,15.9,13.8,80.6,17.6,0.6,0.7,46.4,0.6,49.9,0.0
12086006705,Census Tract 67.05; Miami-Dade County; Florida,4064.0,49.2,14.0,17.9,74.9,15.0,0.4,2.8,49.8,1.6,43.3,0.0
12086006706,Census Tract 67.06; Miami-Dade County; Florida,2793.0,43.5,10.2,12.9,68.8,25.9,4.2,1.1,37.7,4.2,55.0,0.0
12086006707,Census Tract 67.07; Miami-Dade County; Florida,4067.0,42.6,19.1,12.0,47.6,39.2,3.9,0.9,60.1,3.9,32.6,0.0
12086006709,Census Tract 67.09; Miami-Dade County; Florida,1652.0,34.7,6.1,7.0,36.4,48.7,6.9,5.8,57.7,7.2,26.6,1.6
12086006713,Census Tract 67.13; Miami-Dade County; Florida,1912.0,37.3,10.3,6.9,48.6,33.6,3.3,8.1,49.5,3.3,34.9,2.5
12086006714,Census Tract 67.14; Miami-Dade County; Florida,2166.0,41.3,10.6,18.5,55.9,19.4,2.8,14.6,45.0,2.8,43.3,0.0
12086006715,Census Tract 67.15; Miami-Dade County; Florida,3879.0,37.4,15.7,13.6,71.2,17.5,2.7,7.9,36.4,2.7,49.2,1.6
12086006716,Census Tract 67.16; Miami-Dade County; Florida,744.0,36.0,2.8,0.7,50.1,31.5,7.4,3.8,51.3,7.4,26.2,7.3
12086006717,Census Tract 67.17; Miami-Dade County; Florida,2114.0,30.9,10.1,7.7,48.4,38.8,0.0,2.3,47.2,0.0,43.7,0.9
12086006718,Census Tract 67.18; Miami-Dade County; Florida,2924.0,40.8,4.3,0.6,44.5,29.6,4.5,13.2,52.2,4.5,20.8,0.6
12086006719,Census Tract 67.19; Miami-Dade County; Florida,2123.0,32.2,6.8,1.0,26.0,63.1,0.0,9.8,72.8,0.0,15.8,0.0
12086006720,Census Tract 67.20; Miami-Dade County; Florida,2426.0,31.6,10.4,0.2,55.4,37.1,5.2,3.4,63.9,5.2,26.3,0.0
12086006721,Census Tract 67.21; Miami-Dade County; Florida,2944.0,32.1,6.0,1.6,53.8,29.9,3.4,12.2,40.0,3.4,45.5,0.0
12086006722,Census Tract 67.22; Miami-Dade County; Florida,1908.0,34.5,19.9,11.8,56.5,35.5,3.5,0.8,44.2,3.5,32.5,0.0
12086006801,Census Tract 68.01; Miami-Dade County; Florida,3039.0,46.9,17.5,26.2,30.6,59.5,1.5,7.3,75.1,1.5,21.3,0.0
12086006802,Census Tract 68.02; Miami-Dade County; Florida,3450.0,52.6,19.4,33.4,57.7,36.3,1.4,1.9,51.2,1.7,37.4,0.2
12086006901,Census Tract 69.01; Miami-Dade County; Florida,2781.0,46.9,17.2,14.0,79.8,20.2,0.0,0.0,49.8,2.0,39.7,0.0
12086006902,Census Tract 69.02; Miami-Dade County; Florida,3110.0,58.0,16.1,31.1,86.8,9.1,0.0,6.9,32.7,3.1,62.3,0.0
12086007003,Census Tract 70.03; Miami-Dade County; Florida,4492.0,33.8,21.9,11.4,88.5,8.1,0.4,3.0,22.8,0.4,66.7,0.6
12086007004,Census Tract 70.04; Miami-Dade County; Florida,4957.0,39.4,22.7,11.6,64.3,22.5,1.5,1.6,35.5,1.5,53.1,5.3
12086007005,Census Tract 70.05; Miami-Dade County; Florida,1787.0,52.4,7.4,20.9,75.8,11.9,0.7,7.6,32.0,0.7,51.7,0.0
12086007006,Census Tract 70.06; Miami-Dade County; Florida,3441.0,39.2,21.2,18.7,87.4,11.4,0.0,0.6,39.1,0.0,50.3,0.1
12086007007,Census Tract 70.07; Miami-Dade County; Florida,2829.0,27.6,18.3,5.8,48.8,20.9,2.9,26.5,30.7,2.9,36.8,0.9
12086007101,Census Tract 71.01; Miami-Dade County; Florida,2958.0,42.3,20.6,13.1,47.0,20.5,21.8,7.8,39.6,21.8,31.1,0.0
12086007103,Census Tract 71.03; Miami-Dade County; Florida,2105.0,36.9,13.2,14.1,27.5,37.0,17.9,13.5,46.7,17.9,16.8,0.0
12086007104,Census Tract 71.04; Miami-Dade County; Florida,3354.0,35.6,21.5,6.8,47.3,47.9,0.5,3.7,67.6,1.8,27.1,0.0
12086007200,Census Tract 72; Miami-Dade County; Florida,2713.0,37.8,20.3,13.8,27.0,8.4,62.1,1.0,21.0,62.3,12.4,0.6
12086007300,Census Tract 73; Miami-Dade County; Florida,4434.0,40.2,33.4,18.4,44.7,41.8,8.2,1.8,51.2,8.2,36.0,2.6
12086007401,Census Tract 74.01; Miami-Dade County; Florida,1440.0,45.5,26.1,21.1,60.4,32.8,0.0,4.1,48.1,0.0,49.0,0.0
12086007402,Census Tract 74.02; Miami-Dade County; Florida,2398.0,44.2,19.8,18.4,64.2,31.2,0.0,2.8,60.7,0.0,32.7,3.6
12086007403,Census Tract 74.03; Miami-Dade County; Florida,3179.0,33.1,10.2,20.9,50.0,34.5,1.7,15.1,45.0,1.7,42.3,0.0
12086007501,Census Tract 75.01; Miami-Dade County; Florida,2551.0,48.3,25.0,24.3,54.4,34.5,2.5,4.4,48.8,2.5,41.8,0.2
12086007503,Census Tract 75.03; Miami-Dade County; Florida,797.0,40.3,21.7,17.8,62.7,31.6,0.0,1.0,53.8,0.0,35.5,0.0
12086007601,Census Tract 76.01; Miami-Dade County; Florida,2568.0,38.4,26.6,14.3,74.0,20.5,1.6,1.7,54.7,1.9,27.1,0.7
12086007603,Census Tract 76.03; Miami-Dade County; Florida,3465.0,31.7,15.2,20.9,38.4,23.5,26.5,7.7,28.8,27.1,37.5,0.0
12086007605,Census Tract 76.05; Miami-Dade County; Florida,3178.0,39.9,17.8,13.8,66.1,20.0,8.7,2.4,46.4,8.7,37.3,0.3
12086007607,Census Tract 76.07; Miami-Dade County; Florida,2165.0,45.2,14.4,24.3,65.9,30.1,0.4,4.8,46.0,0.4,44.3,0.0
12086007608,Census Tract 76.08; Miami-Dade County; Florida,2343.0,38.9,28.2,12.1,38.6,45.2,8.5,4.9,59.8,8.5,27.0,0.0
12086007609,Census Tract 76.09; Miami-Dade County; Florida,1728.0,39.6,16.7,15.5,44.8,40.8,6.1,4.1,61.5,8.0,24.2,1.9
12086007610,Census Tract 76.10; Miami-Dade County; Florida,4534.0,40.5,15.8,12.5,57.3,24.1,3.3,8.1,39.3,3.3,49.7,0.4
12086007704,Census Tract 77.04; Miami-Dade County; Florida,5811.0,37.6,23.1,17.9,66.0,24.4,4.7,1.8,47.5,4.7,42.1,1.0
12086007705,Census Tract 77.05; Miami-Dade County; Florida,5454.0,39.2,15.7,22.8,73.9,22.5,2.4,0.0,48.4,2.4,37.4,0.4
12086007706,Census Tract 77.06; Miami-Dade County; Florida,3173.0,55.3,13.8,32.1,70.4,26.4,0.5,3.5,53.8,0.5,39.1,0.0
12086007707,Census Tract 77.07; Miami-Dade County; Florida,3124.0,39.6,17.5,16.6,73.4,24.7,0.4,1.6,42.3,0.4,53.4,0.0
12086007708,Census Tract 77.08; Miami-Dade County; Florida,2383.0,50.1,10.5,26.9,92.9,5.7,1.0,0.0,52.5,1.0,40.9,0.0
12086007709,Census Tract 77.09; Miami-Dade County; Florida,2786.0,51.2,17.0,20.6,88.5,5.6,0.1,3.5,31.4,7.4,51.7,2.2
12086007801,Census Tract 78.01; Miami-Dade County; Florida,599.0,49.9,22.9,29.4,43.2,51.1,0.7,0.7,68.3,0.7,27.4,0.7
12086007805,Census Tract 78.05; Miami-Dade County; Florida,4376.0,43.5,24.4,20.9,58.3,37.3,1.0,1.8,64.2,1.2,32.4,0.2
12086007806,Census Tract 78.06; Miami-Dade County; Florida,3872.0,42.1,29.5,22.4,39.2,51.5,2.3,4.2,60.7,2.3,32.0,2.5
12086007807,Census Tract 78.07; Miami-Dade County; Florida,4965.0,41.2,30.8,13.5,52.9,39.2,0.9,4.5,51.8,1.1,42.3,0.2
12086007808,Census Tract 78.08; Miami-Dade County; Florida,4140.0,41.5,10.2,17.9,74.1,14.6,5.6,6.3,39.7,5.6,44.3,0.0
12086007809,Census Tract 78.09; Miami-Dade County; Florida,3984.0,39.8,18.2,18.7,70.0,16.0,2.7,10.4,45.5,3.6,30.4,0.0
12086007901,Census Tract 79.01; Miami-Dade County; Florida,4221.0,42.4,23.8,24.2,64.4,21.3,0.9,9.0,45.3,0.9,42.5,3.0
12086007902,Census Tract 79.02; Miami-Dade County; Florida,3074.0,45.2,25.3,19.0,57.5,36.2,0.0,5.0,57.4,0.9,34.5,2.1
12086008000,Census Tract 80; Miami-Dade County; Florida,4664.0,48.4,19.4,20.0,67.8,26.8,0.8,2.8,48.0,0.8,45.7,0.0
12086008101,Census Tract 81.01; Miami-Dade County; Florida,3514.0,43.3,30.2,15.3,37.8,48.5,4.0,7.1,57.1,4.0,31.5,0.8
12086008102,Census Tract 81.02; Miami-Dade County; Florida,4493.0,45.1,26.1,20.9,43.0,45.4,1.0,8.1,57.0,1.0,34.6,0.0
12086008202,Census Tract 82.02; Miami-Dade County; Florida,4496.0,40.6,25.9,14.0,60.1,29.9,2.4,8.7,56.8,2.7,31.3,0.4
12086008205,Census Tract 82.05; Miami-Dade County; Florida,4043.0,45.4,26.8,23.6,40.7,48.0,1.1,6.6,64.5,1.1,30.2,0.3
12086008206,Census Tract 82.06; Miami-Dade County; Florida,3795.0,46.8,23.2,17.6,47.9,40.3,1.2,9.1,55.5,1.2,34.9,0.3
12086008207,Census Tract 82.07; Miami-Dade County; Florida,4970.0,38.2,24.6,11.0,36.1,52.3,1.5,5.7,66.7,2.2,26.8,1.4
12086008208,Census Tract 82.08; Miami-Dade County; Florida,4660.0,38.9,20.8,12.4,60.2,22.3,8.6,4.3,44.6,8.6,37.5,2.4
12086008209,Census Tract 82.09; Miami-Dade County; Florida,4155.0,39.4,26.0,16.9,40.9,44.0,9.6,3.7,59.5,9.6,22.7,1.0
12086008305,Census Tract 83.05; Miami-Dade County; Florida,5649.0,38.4,21.9,18.6,52.7,33.3,6.7,2.2,49.0,6.8,37.8,3.2
12086008308,Census Tract 83.08; Miami-Dade County; Florida,5475.0,38.5,22.9,13.5,73.9,4.6,19.0,0.9,33.1,19.8,44.1,0.1
12086008309,Census Tract 83.09; Miami-Dade County; Florida,4469.0,31.6,32.3,8.7,30.7,0.4,66.2,0.8,7.5,69.7,18.0,0.0
12086008310,Census Tract 83.10; Miami-Dade County; Florida,4383.0,42.6,25.2,17.2,60.5,15.1,18.0,2.3,31.8,18.0,45.7,0.3
12086008311,Census Tract 83.11; Miami-Dade County; Florida,4343.0,42.6,19.6,16.5,51.3,7.6,38.7,2.2,31.1,38.7,25.2,0.3
12086008312,Census Tract 83.12; Miami-Dade County; Florida,3474.0,40.8,13.3,19.5,60.0,1.2,35.0,0.0,7.4,35.3,56.3,0.0
12086008313,Census Tract 83.13; Miami-Dade County; Florida,5148.0,40.3,22.1,21.2,42.4,2.6,51.8,2.4,13.8,52.3,26.0,0.0
12086008314,Census Tract 83.14; Miami-Dade County; Florida,2957.0,35.8,22.6,14.1,58.7,2.0,32.4,4.1,14.0,38.4,21.7,2.5
12086008315,Census Tract 83.15; Miami-Dade County; Florida,4904.0,41.0,18.2,17.9,54.5,2.0,38.9,1.5,6.6,40.2,45.5,3.0
12086008409,Census Tract 84.09; Miami-Dade County; Florida,5063.0,46.3,21.2,20.8,48.1,36.6,7.1,5.6,62.1,7.1,20.7,0.6
12086008415,Census Tract 84.15; Miami-Dade County; Florida,4567.0,46.0,20.1,22.8,52.6,35.3,3.4,7.6,60.2,3.4,28.2,0.0
12086008416,Census Tract 84.16; Miami-Dade County; Florida,3203.0,39.8,18.9,19.1,73.6,23.5,0.8,2.5,43.6,0.8,44.1,0.0
12086008418,Census Tract 84.18; Miami-Dade County; Florida,2782.0,41.6,14.6,19.2,81.7,14.6,0.1,3.0,33.2,1.7,50.0,0.3
12086008419,Census Tract 84.19; Miami-Dade County; Florida,5185.0,40.2,20.2,19.1,75.4,12.2,8.1,2.0,38.8,8.7,43.5,0.5
12086008420,Census Tract 84.20; Miami-Dade County; Florida,1500.0,39.8,18.9,17.0,76.1,20.9,0.4,0.3,54.5,0.4,32.7,0.0
12086008421,Census Tract 84.21; Miami-Dade County; Florida,4394.0,53.3,13.8,24.2,66.8,29.4,1.3,0.6,59.6,1.3,27.5,1.9
12086008422,Census Tract 84.22; Miami-Dade County; Florida,2255.0,41.9,17.0,23.7,82.0,15.4,0.0,2.3,33.1,0.0,63.6,0.0
12086008423,Census Tract 84.23; Miami-Dade County; Florida,4999.0,41.8,19.7,17.0,63.3,19.8,0.0,16.8,44.6,0.0,50.8,0.0
12086008424,Census Tract 84.24; Miami-Dade County; Florida,3670.0,50.4,8.7,28.1,79.3,10.4,6.0,0.4,40.1,6.5,45.3,0.0
12086008425,Census Tract 84.25; Miami-Dade County; Florida,2018.0,51.1,19.3,25.5,69.9,20.3,1.1,7.8,49.3,1.1,36.7,0.9
12086008426,Census Tract 84.26; Miami-Dade County; Florida,4014.0,42.0,24.7,17.1,50.5,27.1,13.1,6.5,45.3,13.4,33.9,0.1
12086008427,Census Tract 84.27; Miami-Dade County; Florida,2000.0,40.3,22.2,14.7,73.3,13.7,7.2,3.6,35.8,7.2,41.3,0.0
12086008428,Census Tract 84.28; Miami-Dade County; Florida,2408.0,39.5,20.0,14.2,71.1,19.7,6.1,3.2,41.7,6.1,40.7,0.0
12086008429,Census Tract 84.29; Miami-Dade County; Florida,4580.0,28.4,44.8,12.9,67.4,28.5,1.8,0.0,42.1,1.8,43.3,0.0
12086008430,Census Tract 84.30; Miami-Dade County; Florida,5354.0,37.2,17.2,14.6,75.8,8.9,9.2,5.0,32.6,9.5,41.5,0.8
12086008431,Census Tract 84.31; Miami-Dade County; Florida,2503.0,75.6,6.6,57.4,60.2,27.0,4.6,7.2,49.5,4.6,38.4,0.0
12086008502,Census Tract 85.02; Miami-Dade County; Florida,4221.0,47.6,21.2,23.3,79.6,12.5,0.5,5.3,42.1,0.5,49.2,0.0
12086008503,Census Tract 85.03; Miami-Dade County; Florida,3367.0,44.5,12.5,29.8,92.3,7.0,0.6,0.1,46.2,0.6,52.5,0.0
12086008504,Census Tract 85.04; Miami-Dade County; Florida,2932.0,39.1,25.9,15.8,89.1,10.5,0.2,0.0,51.1,0.2,42.2,0.0
12086008601,Census Tract 86.01; Miami-Dade County; Florida,4174.0,51.7,13.0,21.0,91.6,7.5,0.5,1.0,31.0,0.7,66.8,0.0
12086008603,Census Tract 86.03; Miami-Dade County; Florida,3919.0,47.1,10.2,20.3,85.9,13.0,0.0,0.6,45.3,2.3,45.5,0.0
12086008604,Census Tract 86.04; Miami-Dade County; Florida,1272.0,47.4,23.0,27.8,89.9,3.6,1.9,4.6,29.7,1.9,60.5,0.0
12086008702,Census Tract 87.02; Miami-Dade County; Florida,5427.0,47.4,15.0,22.8,88.5,10.7,0.4,1.7,50.5,0.4,43.1,0.0
12086008703,Census Tract 87.03; Miami-Dade County; Florida,2339.0,55.1,14.2,19.5,88.7,11.1,0.1,0.1,43.4,0.1,44.1,0.0
12086008704,Census Tract 87.04; Miami-Dade County; Florida,3002.0,49.8,16.0,20.6,88.5,10.4,0.1,1.5,53.1,0.1,39.1,0.0
12086008805,Census Tract 88.05; Miami-Dade County; Florida,3816.0,50.4,8.9,24.6,91.0,5.8,0.9,2.3,41.6,1.2,51.3,0.2
12086008806,Census Tract 88.06; Miami-Dade County; Florida,4468.0,45.9,20.0,20.6,94.1,5.9,0.0,1.4,38.4,0.0,60.1,0.0
12086008807,Census Tract 88.07; Miami-Dade County; Florida,4221.0,53.0,9.4,20.3,96.8,3.2,0.1,5.3,25.8,0.1,72.7,0.0
12086008808,Census Tract 88.08; Miami-Dade County; Florida,2902.0,51.6,15.1,27.8,92.1,5.8,0.1,0.0,49.7,2.9,41.8,0.0
12086008809,Census Tract 88.09; Miami-Dade County; Florida,1930.0,50.8,13.0,30.4,89.6,9.0,0.2,1.6,52.8,0.9,42.8,0.0
12086008810,Census Tract 88.10; Miami-Dade County; Florida,4169.0,46.3,19.2,20.7,98.1,1.9,0.0,0.1,35.5,1.4,54.8,0.0
12086008904,Census Tract 89.04; Miami-Dade County; Florida,3737.0,20.1,0.8,0.0,31.1,27.6,29.6,8.9,47.0,31.0,11.7,0.3
12086008906,Census Tract 89.06; Miami-Dade County; Florida,4885.0,51.3,14.4,24.1,91.0,4.5,0.4,4.1,36.5,0.6,57.6,0.0
12086008907,Census Tract 89.07; Miami-Dade County; Florida,4374.0,50.0,16.0,27.8,79.6,12.0,3.5,4.1,32.1,3.7,58.9,0.0
12086008908,Census Tract 89.08; Miami-Dade County; Florida,3307.0,49.5,17.1,37.4,97.1,2.8,0.1,0.0,34.7,0.1,60.6,0.0
12086008909,Census Tract 89.09; Miami-Dade County; Florida,3556.0,56.3,7.3,25.0,93.5,3.1,2.1,0.0,23.8,3.7,63.7,0.0
12086008910,Census Tract 89.10; Miami-Dade County; Florida,3429.0,48.3,14.0,27.3,97.2,2.2,0.0,0.0,28.6,0.8,59.0,0.0
12086008911,Census Tract 89.11; Miami-Dade County; Florida,3119.0,44.1,21.6,17.5,82.5,15.0,0.6,0.0,53.9,0.6,41.3,0.0
12086009010,Census Tract 90.10; Miami-Dade County; Florida,7914.0,38.4,21.9,11.0,81.8,10.5,1.4,5.6,54.5,2.6,33.1,0.6
12086009014,Census Tract 90.14; Miami-Dade County; Florida,4419.0,36.9,20.8,9.7,89.8,6.9,0.0,2.1,50.6,0.0,39.9,0.2
12086009015,Census Tract 90.15; Miami-Dade County; Florida,5498.0,45.8,13.9,22.1,93.1,3.8,1.3,1.7,43.0,1.5,48.7,0.1
12086009020,Census Tract 90.20; Miami-Dade County; Florida,3004.0,37.6,20.2,13.8,94.2,4.8,0.0,0.5,18.4,0.0,73.5,0.5
12086009021,Census Tract 90.21; Miami-Dade County; Florida,4117.0,40.5,16.2,15.6,95.5,2.4,1.4,0.6,31.0,3.2,60.9,0.5
12086009022,Census Tract 90.22; Miami-Dade County; Florida,2481.0,45.7,17.1,13.1,96.4,3.5,0.0,0.2,45.4,0.0,51.8,0.0
12086009024,Census Tract 90.24; Miami-Dade County; Florida,5483.0,33.2,17.3,9.4,82.1,5.9,1.2,9.9,53.5,1.5,31.7,0.1
12086009026,Census Tract 90.26; Miami-Dade County; Florida,1993.0,47.8,12.7,20.0,93.9,6.0,0.0,0.9,54.8,0.0,31.8,0.0
12086009027,Census Tract 90.27; Miami-Dade County; Florida,3779.0,44.3,13.0,19.2,88.6,7.0,1.6,1.2,49.1,1.6,40.0,0.0
12086009028,Census Tract 90.28; Miami-Dade County; Florida,5686.0,44.2,18.0,15.3,89.9,2.1,0.2,7.2,44.8,0.5,38.7,1.9
12086009029,Census Tract 90.29; Miami-Dade County; Florida,4009.0,46.1,14.9,16.7,90.3,4.9,0.7,3.0,46.4,1.0,45.4,0.2
12086009030,Census Tract 90.30; Miami-Dade County; Florida,4662.0,45.4,12.8,22.8,95.3,3.7,0.0,0.0,47.1,0.8,44.8,1.0
12086009031,Census Tract 90.31; Miami-Dade County; Florida,4099.0,40.9,15.4,17.8,90.8,4.5,0.0,3.8,45.4,0.0,39.3,0.2
12086009039,Census Tract 90.39; Miami-Dade County; Florida,7939.0,36.3,27.0,5.2,87.9,11.4,0.0,0.7,57.0,0.1,28.9,0.0
12086009040,Census Tract 90.40; Miami-Dade County; Florida,7740.0,34.7,27.2,6.0,88.6,7.6,0.2,2.0,54.3,0.4,38.9,0.1
12086009043,Census Tract 90.43; Miami-Dade County; Florida,4877.0,32.5,33.3,4.2,83.6,11.5,0.2,2.8,54.0,0.2,35.4,0.8
12086009044,Census Tract 90.44; Miami-Dade County; Florida,3158.0,37.3,26.6,8.5,87.6,7.3,0.3,3.9,59.9,0.3,28.7,0.2
12086009048,Census Tract 90.48; Miami-Dade County; Florida,3060.0,44.3,20.4,5.0,80.0,12.5,0.0,5.5,52.6,0.0,31.8,0.0
12086009049,Census Tract 90.49; Miami-Dade County; Florida,4088.0,41.6,25.8,8.8,84.1,15.2,0.0,1.0,53.2,0.0,41.2,0.0
12086009050,Census Tract 90.50; Miami-Dade County; Florida,5594.0,36.7,25.9,6.6,88.2,9.8,0.0,1.6,60.3,0.1,30.9,0.3
12086009051,Census Tract 90.51; Miami-Dade County; Florida,2201.0,48.9,12.3,23.2,86.5,13.3,0.2,1.3,43.7,0.2,48.5,0.0
12086009052,Census Tract 90.52; Miami-Dade County; Florida,3551.0,52.1,7.8,29.3,97.1,1.5,1.0,0.0,39.6,1.0,54.7,0.3
12086009053,Census Tract 90.53; Miami-Dade County; Florida,5160.0,37.0,20.8,13.1,86.6,6.1,0.0,6.9,27.3,0.0,63.2,0.0
12086009054,Census Tract 90.54; Miami-Dade County; Florida,1949.0,47.7,14.4,21.6,95.6,4.3,0.2,0.0,34.2,0.5,57.8,0.0
12086009055,Census Tract 90.55; Miami-Dade County; Florida,2097.0,45.6,10.5,20.9,86.6,13.2,0.3,0.0,58.6,0.8,38.0,0.0
12086009056,Census Tract 90.56; Miami-Dade County; Florida,2920.0,44.6,25.8,21.5,67.1,19.2,1.0,6.2,41.8,1.0,40.8,0.0
12086009057,Census Tract 90.57; Miami-Dade County; Florida,6422.0,34.6,26.3,4.5,86.9,9.9,0.0,2.7,60.2,0.0,31.3,0.0
12086009058,Census Tract 90.58; Miami-Dade County; Florida,4039.0,43.6,22.2,17.2,85.9,7.8,1.0,0.9,54.1,1.0,35.4,2.1
12086009059,Census Tract 90.59; Miami-Dade County; Florida,3053.0,39.7,30.1,9.1,89.2,7.0,2.0,1.0,46.8,2.0,41.8,0.0
12086009060,Census Tract 90.60; Miami-Dade County; Florida,4759.0,37.8,27.9,8.5,83.3,7.6,0.7,4.5,59.4,0.7,32.3,0.0
12086009061,Census Tract 90.61; Miami-Dade County; Florida,3220.0,46.2,15.2,18.1,99.2,0.8,0.0,0.7,33.1,4.4,50.7,0.0
12086009062,Census Tract 90.62; Miami-Dade County; Florida,2739.0,46.6,6.3,17.6,89.2,2.4,3.1,5.2,36.4,3.1,49.5,0.0
12086009063,Census Tract 90.63; Miami-Dade County; Florida,2686.0,42.2,18.0,19.9,99.9,0.0,0.0,0.1,57.7,0.0,36.0,0.0
12086009064,Census Tract 90.64; Miami-Dade County; Florida,3110.0,38.2,19.3,14.3,92.5,3.2,1.2,2.1,54.7,1.2,41.9,0.0
12086009065,Census Tract 90.65; Miami-Dade County; Florida,3927.0,36.8,26.3,12.2,81.9,9.9,0.0,2.1,50.8,0.0,26.3,4.0
12086009066,Census Tract 90.66; Miami-Dade County; Florida,7188.0,34.6,17.2,8.2,91.4,6.4,0.9,1.1,49.9,1.5,40.4,0.0
12086009101,Census Tract 91.01; Miami-Dade County; Florida,2722.0,45.1,18.3,17.5,95.0,4.3,0.6,0.0,39.2,1.2,57.5,0.0
12086009102,Census Tract 91.02; Miami-Dade County; Florida,3380.0,40.6,13.6,13.8,81.7,4.4,13.0,2.5,51.4,16.2,30.0,0.0
12086009200,Census Tract 92; Miami-Dade County; Florida,3301.0,48.2,11.6,20.3,94.5,5.5,0.0,0.0,38.3,0.0,59.8,0.0
12086009305,Census Tract 93.05; Miami-Dade County; Florida,4967.0,46.7,18.7,22.8,83.2,12.4,0.0,4.1,42.4,0.0,46.3,0.4
12086009312,Census Tract 93.12; Miami-Dade County; Florida,5730.0,38.4,13.6,12.1,83.3,12.1,3.5,2.9,44.2,4.2,42.9,0.0
12086009314,Census Tract 93.14; Miami-Dade County; Florida,3543.0,48.8,15.4,26.6,99.6,0.4,0.0,0.0,26.5,0.0,69.0,0.0
12086009315,Census Tract 93.15; Miami-Dade County; Florida,3068.0,52.9,16.6,33.1,96.3,3.0,0.7,0.0,32.0,2.6,50.6,0.0
12086009316,Census Tract 93.16; Miami-Dade County; Florida,2477.0,41.4,21.2,17.6,86.9,8.4,0.3,4.0,39.4,1.6,36.7,0.6
12086009317,Census Tract 93.17; Miami-Dade County; Florida,4810.0,44.0,17.7,16.4,97.4,1.9,0.2,0.6,29.1,0.6,61.0,0.0
12086009318,Census Tract 93.18; Miami-Dade County; Florida,1738.0,41.4,17.1,15.1,89.9,9.0,0.0,0.0,34.2,0.0,55.1,0.4
12086009319,Census Tract 93.19; Miami-Dade County; Florida,4560.0,40.3,21.9,10.0,91.9,4.7,1.3,1.2,29.0,1.3,56.7,0.8
12086009320,Census Tract 93.20; Miami-Dade County; Florida,4661.0,38.5,21.0,11.2,99.3,0.2,0.0,0.7,18.8,0.0,66.3,0.5
12086009321,Census Tract 93.21; Miami-Dade County; Florida,2444.0,47.5,17.8,19.5,94.1,4.9,1.0,0.8,33.4,6.1,52.7,0.0
12086009322,Census Tract 93.22; Miami-Dade County; Florida,4249.0,47.3,21.7,29.5,99.1,0.3,0.7,0.0,27.4,0.7,56.8,0.0
12086009323,Census Tract 93.23; Miami-Dade County; Florida,2678.0,51.4,11.1,19.6,93.1,5.9,0.4,0.0,26.8,0.4,64.3,0.2
12086009324,Census Tract 93.24; Miami-Dade County; Florida,3935.0,42.7,18.4,16.6,94.7,1.7,1.2,0.0,31.0,1.2,53.3,0.0
12086009325,Census Tract 93.25; Miami-Dade County; Florida,2529.0,35.8,21.0,12.0,98.1,1.9,0.0,0.0,46.2,0.2,42.1,0.0
12086009326,Census Tract 93.26; Miami-Dade County; Florida,3042.0,51.2,13.1,31.0,91.3,8.7,0.0,0.0,28.9,0.0,58.3,0.0
12086009327,Census Tract 93.27; Miami-Dade County; Florida,3487.0,47.6,16.4,18.7,93.9,6.0,0.1,0.0,30.0,0.1,65.8,0.0
12086009401,Census Tract 94.01; Miami-Dade County; Florida,2289.0,37.2,15.9,18.5,32.7,3.1,62.3,0.0,12.9,64.3,18.3,0.0
12086009402,Census Tract 94.02; Miami-Dade County; Florida,3654.0,44.9,18.4,22.7,62.8,2.4,34.3,0.0,19.6,34.4,42.9,0.0
12086009503,Census Tract 95.03; Miami-Dade County; Florida,5161.0,36.2,26.4,15.1,26.4,1.0,72.5,0.1,12.5,73.3,13.2,0.0
12086009504,Census Tract 95.04; Miami-Dade County; Florida,4887.0,36.8,24.8,16.8,21.2,1.4,75.8,0.0,3.6,80.1,15.5,0.0
12086009505,Census Tract 95.05; Miami-Dade County; Florida,1476.0,27.5,41.1,6.2,7.7,0.0,86.2,3.4,0.0,86.2,8.4,0.5
12086009506,Census Tract 95.06; Miami-Dade County; Florida,4181.0,37.2,24.8,11.2,24.9,1.4,68.9,0.6,14.2,69.5,11.8,0.0
12086009601,Census Tract 96.01; Miami-Dade County; Florida,3263.0,40.6,13.9,19.9,20.7,3.5,73.6,1.0,9.9,74.1,12.0,0.0
12086009602,Census Tract 96.02; Miami-Dade County; Florida,3434.0,33.2,28.2,13.1,13.3,1.0,85.7,0.0,1.3,86.3,10.4,0.0
12086009703,Census Tract 97.03; Miami-Dade County; Florida,3115.0,39.8,33.5,17.2,41.9,52.5,0.1,3.3,72.8,2.2,20.0,0.0
12086009704,Census Tract 97.04; Miami-Dade County; Florida,5035.0,37.9,28.0,12.5,42.9,40.4,6.9,4.0,52.7,7.1,30.5,0.0
12086009705,Census Tract 97.05; Miami-Dade County; Florida,4547.0,49.8,11.2,28.4,70.4,12.4,13.2,0.9,30.7,13.2,40.8,0.0
12086009706,Census Tract 97.06; Miami-Dade County; Florida,3814.0,41.8,15.4,20.3,58.8,26.1,11.5,1.3,52.8,11.5,31.0,0.5
12086009803,Census Tract 98.03; Miami-Dade County; Florida,7820.0,35.2,20.5,9.2,31.0,10.7,54.2,3.5,23.6,55.3,10.3,0.0
12086009804,Census Tract 98.04; Miami-Dade County; Florida,2950.0,38.8,23.2,17.3,25.0,18.1,47.3,4.2,28.8,47.3,18.2,0.7
12086009806,Census Tract 98.06; Miami-Dade County; Florida,3318.0,49.3,12.9,23.2,31.8,23.1,36.3,4.1,30.3,37.9,20.2,2.1
12086009809,Census Tract 98.09; Miami-Dade County; Florida,4202.0,39.3,22.3,14.3,16.7,4.1,68.8,0.0,5.6,68.8,23.1,0.0
12086009810,Census Tract 98.10; Miami-Dade County; Florida,3917.0,39.9,19.3,14.5,51.3,14.3,34.2,0.2,31.7,34.2,33.3,0.0
12086009811,Census Tract 98.11; Miami-Dade County; Florida,1856.0,56.1,9.4,38.6,37.3,3.1,58.7,2.5,18.5,58.7,18.5,0.0
12086009812,Census Tract 98.12; Miami-Dade County; Florida,5741.0,35.0,27.4,8.4,31.6,36.6,23.5,1.5,45.1,23.5,27.6,0.0
12086009903,Census Tract 99.03; Miami-Dade County; Florida,5093.0,43.1,19.6,24.0,13.1,0.7,86.2,0.0,3.0,87.9,7.1,0.0
12086009904,Census Tract 99.04; Miami-Dade County; Florida,4056.0,28.6,37.0,8.6,14.6,4.4,74.8,3.4,5.5,74.8,17.6,0.0
12086009905,Census Tract 99.05; Miami-Dade County; Florida,5560.0,34.0,29.4,13.1,18.8,5.5,71.5,0.0,9.4,75.2,7.7,1.2
12086009906,Census Tract 99.06; Miami-Dade County; Florida,5181.0,41.0,22.9,18.9,14.0,2.3,79.5,1.7,4.6,80.5,7.4,0.5
12086009907,Census Tract 99.07; Miami-Dade County; Florida,4490.0,32.3,31.4,13.0,4.3,14.7,77.8,0.9,15.6,77.8,4.2,0.7
12086009908,Census Tract 99.08; Miami-Dade County; Florida,4300.0,35.4,25.9,12.1,21.6,2.0,74.1,1.6,14.5,74.7,8.4,0.0
12086009909,Census Tract 99.09; Miami-Dade County; Florida,2802.0,25.9,43.5,6.1,2.5,0.0,96.4,1.2,0.0,96.7,1.4,0.0
12086010010,Census Tract 100.10; Miami-Dade County; Florida,3674.0,40.0,17.1,11.5,69.5,3.7,24.4,2.2,34.4,26.4,30.6,0.0
12086010012,Census Tract 100.12; Miami-Dade County; Florida,6393.0,43.8,17.6,15.2,42.0,0.5,56.1,1.2,5.3,62.1,23.4,0.1
12086010013,Census Tract 100.13; Miami-Dade County; Florida,4029.0,40.3,28.1,16.0,76.6,8.9,12.0,3.4,30.7,12.8,51.8,0.0
12086010015,Census Tract 100.15; Miami-Dade County; Florida,3178.0,40.4,21.1,12.6,93.5,1.8,3.7,0.3,19.6,4.0,61.8,0.0
12086010016,Census Tract 100.16; Miami-Dade County; Florida,4349.0,49.4,17.6,24.3,75.1,3.1,14.0,7.8,31.0,15.2,36.1,0.0
12086010017,Census Tract 100.17; Miami-Dade County; Florida,3381.0,48.2,18.5,22.2,78.9,2.0,19.1,0.0,24.5,19.1,51.7,0.0
12086010018,Census Tract 100.18; Miami-Dade County; Florida,2548.0,47.4,7.3,30.1,77.7,2.6,19.1,0.5,50.0,19.1,24.6,0.0
12086010019,Census Tract 100.19; Miami-Dade County; Florida,3280.0,51.1,16.5,26.8,66.5,0.3,32.3,0.8,19.6,33.4,39.8,0.1
12086010020,Census Tract 100.20; Miami-Dade County; Florida,3484.0,42.2,19.3,16.9,73.3,1.4,25.3,0.0,35.8,27.7,27.7,0.0
12086010021,Census Tract 100.21; Miami-Dade County; Florida,3905.0,34.6,23.7,13.1,58.0,0.7,40.5,0.7,17.2,40.5,30.7,0.4
12086010022,Census Tract 100.22; Miami-Dade County; Florida,3677.0,53.5,14.7,32.7,64.7,0.2,33.5,0.2,15.6,39.8,33.3,0.0
12086010023,Census Tract 100.23; Miami-Dade County; Florida,1944.0,36.6,19.2,15.9,26.3,1.7,66.8,1.2,6.2,66.8,22.9,0.0
12086010024,Census Tract 100.24; Miami-Dade County; Florida,4759.0,34.9,28.2,14.3,32.9,0.8,60.5,0.0,2.1,67.2,26.7,0.0
12086010025,Census Tract 100.25; Miami-Dade County; Florida,4049.0,38.6,21.2,17.0,23.7,0.0,73.0,0.5,13.9,73.0,12.5,0.1
12086010026,Census Tract 100.26; Miami-Dade County; Florida,2045.0,48.8,22.6,29.9,66.7,0.0,33.3,0.0,16.0,33.3,25.6,0.0
12086010193,Census Tract 101.93; Miami-Dade County; Florida,4913.0,41.8,21.0,19.0,80.2,9.8,4.3,4.3,39.9,4.3,40.0,0.0
12086010198,Census Tract 101.98; Miami-Dade County; Florida,4068.0,37.4,29.9,11.0,66.3,13.0,8.9,11.2,31.9,10.2,35.3,0.4
12086010201,Census Tract 102.01; Miami-Dade County; Florida,4702.0,49.0,17.7,20.7,75.2,5.5,16.8,1.3,30.6,17.1,44.1,0.0
12086010205,Census Tract 102.05; Miami-Dade County; Florida,4637.0,48.2,16.0,23.4,75.4,8.5,15.0,0.6,33.8,17.0,33.1,0.6
12086010207,Census Tract 102.07; Miami-Dade County; Florida,4391.0,46.0,21.8,19.5,72.6,7.2,17.4,0.9,19.0,19.2,42.8,0.7
12086010208,Census Tract 102.08; Miami-Dade County; Florida,4899.0,34.4,23.4,15.9,77.2,0.5,16.4,3.6,24.9,19.2,40.6,0.0
12086010209,Census Tract 102.09; Miami-Dade County; Florida,6289.0,41.1,20.1,13.0,63.1,6.3,24.4,1.8,28.3,24.4,36.3,2.9
12086010211,Census Tract 102.11; Miami-Dade County; Florida,4600.0,43.0,21.4,13.1,88.3,5.6,5.1,0.0,46.8,5.1,44.3,0.0
12086010212,Census Tract 102.12; Miami-Dade County; Florida,2970.0,40.4,24.5,7.0,70.3,9.6,17.2,2.1,31.8,17.2,47.6,0.0
12086010213,Census Tract 102.13; Miami-Dade County; Florida,4864.0,39.7,16.4,18.8,60.1,3.0,31.2,3.4,23.9,34.3,33.2,2.2
12086010214,Census Tract 102.14; Miami-Dade County; Florida,1632.0,42.9,13.7,31.1,61.0,3.9,18.3,13.5,29.1,18.3,36.2,2.9
12086010301,Census Tract 103.01; Miami-Dade County; Florida,3367.0,36.8,22.4,16.4,65.5,24.6,4.7,0.7,62.5,7.0,27.8,0.0
12086010302,Census Tract 103.02; Miami-Dade County; Florida,3099.0,36.5,21.2,11.5,82.2,8.6,0.0,4.7,41.5,3.5,26.1,1.9
12086010303,Census Tract 103.03; Miami-Dade County; Florida,3698.0,46.7,15.1,20.4,54.6,35.2,6.0,1.5,52.4,7.3,36.3,0.2
12086010400,Census Tract 104; Miami-Dade County; Florida,6002.0,40.0,25.7,12.0,63.0,21.3,12.5,0.6,47.3,12.6,38.8,0.0
12086010501,Census Tract 105.01; Miami-Dade County; Florida,6157.0,37.0,26.2,15.2,54.9,2.9,39.5,2.0,21.9,40.2,35.0,0.0
12086010502,Census Tract 105.02; Miami-Dade County; Florida,11718.0,30.9,32.5,6.9,66.1,12.7,17.4,0.0,40.4,17.4,39.9,0.5
12086010604,Census Tract 106.04; Miami-Dade County; Florida,4549.0,39.1,23.3,14.9,52.5,34.7,7.8,3.6,56.6,8.5,30.2,0.2
12086010608,Census Tract 106.08; Miami-Dade County; Florida,5629.0,39.6,25.3,12.8,69.6,19.6,5.8,2.2,46.3,6.1,35.3,1.8
12086010609,Census Tract 106.09; Miami-Dade County; Florida,6220.0,31.6,21.8,14.0,77.1,13.8,7.2,2.2,37.5,7.6,47.0,0.0
12086010610,Census Tract 106.10; Miami-Dade County; Florida,4394.0,47.1,20.4,28.0,52.5,30.5,10.2,4.3,52.0,13.6,28.5,1.1
12086010613,Census Tract 106.13; Miami-Dade County; Florida,5532.0,46.5,19.2,21.8,71.8,18.4,2.4,2.6,41.9,2.4,45.5,0.7
12086010618,Census Tract 106.18; Miami-Dade County; Florida,4314.0,39.5,22.3,14.0,68.5,15.2,15.2,1.1,44.1,18.5,28.3,0.0
12086010619,Census Tract 106.19; Miami-Dade County; Florida,2453.0,39.9,25.2,16.5,57.3,12.3,22.6,5.3,26.8,26.4,30.4,0.6
12086010620,Census Tract 106.20; Miami-Dade County; Florida,2949.0,38.9,26.4,14.4,60.8,18.4,11.1,0.4,35.5,11.1,46.6,1.4
12086010621,Census Tract 106.21; Miami-Dade County; Florida,5115.0,34.9,26.7,7.0,74.7,10.2,14.1,1.0,40.1,14.7,39.2,0.0
12086010622,Census Tract 106.22; Miami-Dade County; Florida,4449.0,38.4,31.6,11.5,60.9,4.9,34.0,0.0,31.8,34.2,31.9,0.2
12086010623,Census Tract 106.23; Miami-Dade County; Florida,3406.0,35.7,21.6,8.9,57.2,29.8,9.4,3.9,51.1,9.4,28.3,0.0
12086010624,Census Tract 106.24; Miami-Dade County; Florida,3145.0,37.8,20.7,18.8,55.5,23.4,4.2,10.3,36.9,6.2,43.5,0.4
12086010625,Census Tract 106.25; Miami-Dade County; Florida,5601.0,36.3,27.9,6.4,73.4,13.0,8.3,0.6,33.1,8.5,48.2,1.8
12086010626,Census Tract 106.26; Miami-Dade County; Florida,3851.0,34.3,31.3,9.5,73.4,5.2,16.9,0.4,41.2,16.9,40.0,0.0
12086010705,Census Tract 107.05; Miami-Dade County; Florida,5437.0,33.8,26.5,8.1,76.1,7.8,15.4,0.9,48.6,19.4,24.6,0.3
12086010706,Census Tract 107.06; Miami-Dade County; Florida,3659.0,34.2,31.6,8.6,84.6,3.3,11.0,0.0,31.6,11.0,48.4,1.1
12086010707,Census Tract 107.07; Miami-Dade County; Florida,4066.0,36.3,26.6,14.6,51.0,7.3,35.1,0.0,29.3,35.1,34.5,0.0
12086010708,Census Tract 107.08; Miami-Dade County; Florida,5574.0,38.6,26.3,12.1,70.2,3.2,26.0,0.5,24.1,26.0,30.2,0.0
12086010709,Census Tract 107.09; Miami-Dade County; Florida,5784.0,33.1,32.8,5.8,65.2,21.8,4.8,2.9,33.9,4.8,48.5,2.0
12086010710,Census Tract 107.10; Miami-Dade County; Florida,6640.0,42.5,17.3,15.0,80.9,3.5,13.4,0.0,33.4,13.4,43.3,2.2
12086010803,Census Tract 108.03; Miami-Dade County; Florida,4058.0,27.2,37.9,6.0,52.0,4.5,43.5,0.3,27.3,43.5,21.5,0.0
12086010804,Census Tract 108.04; Miami-Dade County; Florida,7894.0,30.8,31.8,6.4,65.5,10.7,22.8,2.9,34.4,27.0,29.7,0.0
12086010805,Census Tract 108.05; Miami-Dade County; Florida,6127.0,27.0,29.9,8.3,79.6,6.9,12.3,1.5,60.0,13.2,17.4,0.0
12086010806,Census Tract 108.06; Miami-Dade County; Florida,4412.0,34.1,34.2,9.4,66.6,4.4,27.8,3.1,31.7,31.8,25.4,0.0
12086010900,Census Tract 109; Miami-Dade County; Florida,7010.0,33.8,27.7,9.1,80.6,4.4,12.0,0.1,45.8,12.0,28.8,2.4
12086011003,Census Tract 110.03; Miami-Dade County; Florida,4625.0,40.8,19.3,15.5,84.5,4.6,9.1,0.6,58.0,9.7,28.8,1.0
12086011008,Census Tract 110.08; Miami-Dade County; Florida,4940.0,33.0,34.5,6.0,65.6,13.2,20.9,0.7,40.4,23.5,31.2,0.0
12086011009,Census Tract 110.09; Miami-Dade County; Florida,7273.0,33.2,26.4,6.6,59.2,19.1,16.6,2.4,50.5,16.9,23.8,0.7
12086011010,Census Tract 110.10; Miami-Dade County; Florida,4734.0,34.4,24.2,15.6,64.5,2.2,33.2,0.3,43.1,33.9,18.9,0.0
12086011011,Census Tract 110.11; Miami-Dade County; Florida,3982.0,39.4,24.6,12.8,72.5,0.0,27.5,0.0,44.5,27.5,22.7,0.0
12086011012,Census Tract 110.12; Miami-Dade County; Florida,2145.0,38.3,22.2,19.5,80.9,9.9,7.4,2.9,38.0,8.6,40.5,1.3
12086011013,Census Tract 110.13; Miami-Dade County; Florida,3150.0,38.0,28.4,7.7,87.7,6.4,4.9,0.0,42.3,4.9,47.0,0.0
12086011014,Census Tract 110.14; Miami-Dade County; Florida,4690.0,34.4,28.9,10.2,69.8,13.8,12.1,1.9,50.0,12.8,30.8,0.5
12086011015,Census Tract 110.15; Miami-Dade County; Florida,10123.0,29.8,35.2,8.5,54.3,9.0,30.5,3.1,35.5,31.8,26.1,2.8
12086011103,Census Tract 111.03; Miami-Dade County; Florida,3081.0,32.5,31.0,8.5,77.4,1.9,20.8,0.0,65.1,21.5,5.0,0.0
12086011104,Census Tract 111.04; Miami-Dade County; Florida,5691.0,27.3,37.0,5.0,87.9,1.8,9.7,0.2,24.8,10.6,37.5,0.0
12086011105,Census Tract 111.05; Miami-Dade County; Florida,4140.0,35.9,22.2,11.2,73.6,18.4,4.7,0.7,60.3,4.7,28.7,0.0
12086011106,Census Tract 111.06; Miami-Dade County; Florida,3742.0,35.3,30.6,9.3,79.5,11.8,3.7,4.3,30.8,3.7,50.9,0.0
12086011203,Census Tract 112.03; Miami-Dade County; Florida,6515.0,26.8,41.4,6.1,92.0,5.6,2.5,0.0,58.7,2.5,18.6,0.0
12086011204,Census Tract 112.04; Miami-Dade County; Florida,1885.0,39.4,26.1,19.5,70.7,23.6,5.4,0.0,63.7,15.1,17.1,0.0
12086011205,Census Tract 112.05; Miami-Dade County; Florida,4059.0,30.6,30.5,7.6,50.3,24.5,24.1,0.0,46.2,25.5,26.2,0.0
12086011206,Census Tract 112.06; Miami-Dade County; Florida,3389.0,32.0,31.7,12.5,78.1,17.9,0.1,3.2,58.3,0.8,34.8,0.0
12086011301,Census Tract 113.01; Miami-Dade County; Florida,4233.0,29.4,25.6,4.5,61.6,0.5,37.9,0.0,33.4,37.9,20.3,0.0
12086011302,Census Tract 113.02; Miami-Dade County; Florida,6080.0,29.5,31.3,8.9,58.3,3.0,35.8,0.0,31.8,36.5,22.2,0.0
12086011405,Census Tract 114.05; Miami-Dade County; Florida,3961.0,28.7,32.1,18.6,48.3,1.7,50.0,0.0,22.7,51.7,13.0,0.0
12086011406,Census Tract 114.06; Miami-Dade County; Florida,3439.0,40.1,27.7,11.5,84.7,7.3,7.7,0.4,46.8,8.3,27.6,0.0
12086011407,Census Tract 114.07; Miami-Dade County; Florida,3982.0,30.9,35.4,10.7,55.5,13.8,26.0,0.6,39.3,28.3,16.8,3.3
12086011408,Census Tract 114.08; Miami-Dade County; Florida,5309.0,32.2,28.7,7.2,68.2,11.8,18.0,0.3,34.9,18.9,44.8,0.0
12086011409,Census Tract 114.09; Miami-Dade County; Florida,5679.0,36.7,24.1,9.7,67.8,13.5,16.6,0.0,31.1,19.7,31.5,1.0
12086011410,Census Tract 114.10; Miami-Dade County; Florida,4027.0,33.3,28.8,5.0,53.3,22.1,20.6,1.6,34.9,22.0,34.1,1.7
12086011411,Census Tract 114.11; Miami-Dade County; Florida,2494.0,38.1,28.7,12.1,74.3,10.3,13.6,0.0,31.6,13.6,51.5,0.0
12086011412,Census Tract 114.12; Miami-Dade County; Florida,8028.0,35.0,29.1,2.2,63.5,7.7,17.6,0.5,36.2,21.7,32.8,0.5
12086011500,Census Tract 115; Miami-Dade County; Florida,5491.0,40.5,21.9,15.1,72.7,16.6,5.7,3.9,44.0,5.7,35.3,0.0
12086011601,Census Tract 116.01; Miami-Dade County; Florida,3693.0,41.2,24.6,18.2,82.6,10.3,6.1,1.8,24.5,7.1,57.4,0.0
12086011602,Census Tract 116.02; Miami-Dade County; Florida,4343.0,37.6,24.6,6.1,82.3,3.1,12.9,0.0,18.2,13.4,49.7,0.6
12086011701,Census Tract 117.01; Miami-Dade County; Florida,1946.0,53.5,9.7,23.6,79.9,7.5,7.2,0.4,27.6,7.2,44.6,5.0
12086011702,Census Tract 117.02; Miami-Dade County; Florida,4313.0,42.5,18.2,17.3,87.6,3.1,7.6,0.7,24.8,7.6,49.1,1.0
12086011800,Census Tract 118; Miami-Dade County; Florida,3782.0,44.1,16.0,20.2,81.1,4.7,10.8,2.7,37.1,12.2,41.8,0.6
12086011900,Census Tract 119; Miami-Dade County; Florida,5847.0,43.5,20.1,15.1,83.0,7.4,7.8,2.2,29.5,7.8,52.5,0.2
12086012001,Census Tract 120.01; Miami-Dade County; Florida,3299.0,32.5,19.0,5.5,75.0,4.1,17.3,0.0,18.3,17.3,44.5,1.6
12086012002,Census Tract 120.02; Miami-Dade County; Florida,5390.0,40.4,17.5,9.1,87.7,6.0,5.4,1.0,31.0,8.3,33.2,0.0
12086012101,Census Tract 121.01; Miami-Dade County; Florida,2887.0,42.2,15.7,9.4,97.0,2.7,0.1,0.0,22.1,0.1,66.6,0.0
12086012102,Census Tract 121.02; Miami-Dade County; Florida,4938.0,39.0,20.0,8.4,87.6,4.5,1.1,0.0,35.2,1.9,51.7,3.4
12086012103,Census Tract 121.03; Miami-Dade County; Florida,3625.0,40.8,21.6,4.4,88.3,1.8,1.2,2.3,29.3,1.2,43.4,0.0
12086012104,Census Tract 121.04; Miami-Dade County; Florida,2002.0,27.3,36.7,8.9,63.4,0.3,35.8,0.4,25.7,35.8,30.8,0.0
12086012105,Census Tract 121.05; Miami-Dade County; Florida,3153.0,37.3,22.6,10.4,91.4,8.1,0.0,0.0,37.9,6.0,48.8,0.0
12086012200,Census Tract 122; Miami-Dade County; Florida,5291.0,42.4,21.4,21.9,88.7,11.0,0.0,1.4,45.0,0.0,43.9,0.0
12086012301,Census Tract 123.01; Miami-Dade County; Florida,2446.0,48.2,19.3,17.8,84.1,6.8,6.1,2.7,38.3,9.9,35.2,0.8
12086012302,Census Tract 123.02; Miami-Dade County; Florida,4449.0,41.9,21.9,14.4,83.3,7.4,6.0,3.3,34.7,6.0,49.4,0.0
12086012401,Census Tract 124.01; Miami-Dade County; Florida,5244.0,40.8,23.6,14.5,91.1,5.6,0.3,2.0,47.4,1.9,44.3,0.0
12086012402,Census Tract 124.02; Miami-Dade County; Florida,3293.0,41.9,23.3,10.4,82.8,6.7,0.0,6.1,36.3,1.1,44.0,5.1
12086012403,Census Tract 124.03; Miami-Dade County; Florida,1741.0,48.0,21.1,14.8,87.0,9.1,3.9,0.0,38.1,4.8,54.7,0.0
12086012501,Census Tract 125.01; Miami-Dade County; Florida,1651.0,48.7,16.2,20.3,96.5,3.5,0.0,0.0,37.4,0.0,52.9,0.0
12086012502,Census Tract 125.02; Miami-Dade County; Florida,4308.0,45.9,15.6,18.8,97.1,2.9,0.0,0.0,30.4,0.0,64.0,0.0
12086012601,Census Tract 126.01; Miami-Dade County; Florida,3303.0,38.7,23.1,12.3,98.4,1.4,0.0,0.3,33.1,0.2,63.2,0.0
12086012602,Census Tract 126.02; Miami-Dade County; Florida,3697.0,45.3,20.0,15.1,95.1,4.0,0.2,0.6,23.5,0.2,64.8,0.0
12086012701,Census Tract 127.01; Miami-Dade County; Florida,12936.0,34.7,25.1,9.4,88.3,4.8,1.0,5.3,28.5,1.6,56.9,1.2
12086012702,Census Tract 127.02; Miami-Dade County; Florida,4370.0,48.9,20.4,19.2,89.0,3.3,5.2,2.7,34.5,5.2,52.2,0.0
12086012801,Census Tract 128.01; Miami-Dade County; Florida,4189.0,46.8,20.7,18.1,95.4,3.5,0.6,3.2,40.2,0.6,40.3,0.0
12086012802,Census Tract 128.02; Miami-Dade County; Florida,3368.0,42.4,24.9,16.3,87.9,8.3,2.5,0.0,42.6,2.5,44.7,0.0
12086012900,Census Tract 129; Miami-Dade County; Florida,4219.0,45.0,15.2,15.4,96.6,2.9,0.0,0.0,36.8,0.0,56.5,0.5
12086013000,Census Tract 130; Miami-Dade County; Florida,4360.0,47.5,14.9,19.8,96.6,1.7,0.3,1.4,34.2,0.3,54.4,0.0
12086013100,Census Tract 131; Miami-Dade County; Florida,5076.0,44.9,17.6,16.1,97.4,1.5,0.2,0.0,33.8,0.5,48.7,0.4
12086013201,Census Tract 132.01; Miami-Dade County; Florida,2128.0,50.2,11.6,23.3,96.6,1.8,0.2,0.0,28.4,0.2,68.6,0.0
12086013202,Census Tract 132.02; Miami-Dade County; Florida,3566.0,48.8,14.0,17.6,98.1,1.9,0.0,0.0,38.4,0.1,54.1,0.0
12086013301,Census Tract 133.01; Miami-Dade County; Florida,2786.0,52.0,13.4,17.8,98.3,1.5,0.1,0.5,26.5,0.4,63.4,0.0
12086013302,Census Tract 133.02; Miami-Dade County; Florida,3459.0,38.3,29.1,12.8,94.8,5.2,0.0,0.0,35.8,0.0,44.0,0.0
12086013400,Census Tract 134; Miami-Dade County; Florida,4967.0,43.1,22.1,18.6,92.8,6.5,0.0,0.7,32.8,1.2,57.2,0.0
12086013500,Census Tract 135; Miami-Dade County; Florida,5658.0,42.9,18.7,13.4,95.5,3.0,0.3,1.2,38.8,1.1,41.6,0.0
12086013600,Census Tract 136; Miami-Dade County; Florida,5710.0,41.9,18.5,14.2,95.8,1.6,0.0,2.8,25.7,0.0,62.8,0.0
12086013700,Census Tract 137; Miami-Dade County; Florida,6220.0,39.1,19.7,18.6,96.8,2.7,0.2,0.0,30.5,0.7,57.5,0.0
12086013801,Census Tract 138.01; Miami-Dade County; Florida,1839.0,45.0,10.4,11.9,95.4,3.4,0.9,0.9,29.6,1.3,53.9,0.0
12086013802,Census Tract 138.02; Miami-Dade County; Florida,4574.0,44.7,21.4,19.4,100.0,0.0,0.0,0.0,28.8,0.3,69.3,0.0
12086013900,Census Tract 139; Miami-Dade County; Florida,4262.0,48.1,19.0,17.5,94.2,5.6,0.2,0.0,33.9,0.2,57.4,0.0
12086014100,Census Tract 141; Miami-Dade County; Florida,1889.0,39.0,0.0,12.2,39.9,23.3,34.9,1.2,31.3,39.0,22.6,0.0
12086014200,Census Tract 142; Miami-Dade County; Florida,4373.0,50.1,14.5,22.4,93.5,6.2,0.3,0.0,38.1,0.3,55.0,0.0
12086014300,Census Tract 143; Miami-Dade County; Florida,3343.0,48.1,12.3,20.0,90.5,6.3,0.4,0.1,44.3,0.5,49.3,1.0
12086014400,Census Tract 144; Miami-Dade County; Florida,4695.0,39.6,18.8,13.7,93.0,4.0,1.1,1.2,30.8,2.1,61.9,0.0
12086014500,Census Tract 145; Miami-Dade County; Florida,4291.0,48.2,14.9,25.5,86.9,8.7,0.1,2.9,45.7,0.1,49.2,0.0
12086014601,Census Tract 146.01; Miami-Dade County; Florida,2824.0,43.3,17.6,23.7,93.8,4.1,2.1,0.0,40.2,2.1,45.4,0.0
12086014602,Census Tract 146.02; Miami-Dade County; Florida,3774.0,48.8,12.8,26.7,95.0,4.1,0.1,0.8,37.7,0.1,57.8,0.0
12086014701,Census Tract 147.01; Miami-Dade County; Florida,1929.0,40.0,20.4,18.4,93.8,4.7,1.5,0.0,28.0,1.5,57.8,0.0
12086014702,Census Tract 147.02; Miami-Dade County; Florida,4000.0,50.3,13.7,19.4,95.4,3.3,0.0,0.0,45.3,0.0,52.0,0.0
12086014800,Census Tract 148; Miami-Dade County; Florida,5366.0,47.1,13.1,22.9,92.4,7.5,0.0,0.0,43.8,0.0,49.5,0.0
12086014900,Census Tract 149; Miami-Dade County; Florida,5517.0,46.9,16.3,26.6,93.8,5.1,0.2,1.1,44.7,0.2,50.0,0.0
12086015001,Census Tract 150.01; Miami-Dade County; Florida,4745.0,55.2,11.3,31.1,95.5,4.2,0.1,0.0,48.2,0.4,48.3,0.0
12086015002,Census Tract 150.02; Miami-Dade County; Florida,4893.0,42.6,20.9,18.0,91.0,3.7,0.3,3.7,40.1,0.3,48.8,1.3
12086015101,Census Tract 151.01; Miami-Dade County; Florida,4366.0,42.8,20.1,10.2,90.4,8.7,0.0,1.5,55.6,0.8,35.7,0.0
12086015102,Census Tract 151.02; Miami-Dade County; Florida,2813.0,43.2,21.1,21.7,91.0,7.3,0.0,2.4,60.4,0.0,31.1,0.0
12086015103,Census Tract 151.03; Miami-Dade County; Florida,3556.0,43.3,22.7,10.1,81.1,11.6,0.0,14.7,30.6,0.0,58.5,0.0
12086015201,Census Tract 152.01; Miami-Dade County; Florida,3028.0,41.4,24.1,14.4,81.8,12.5,1.2,4.5,37.6,2.1,44.8,0.0
12086015202,Census Tract 152.02; Miami-Dade County; Florida,4068.0,38.5,27.7,16.1,80.3,19.1,0.1,0.3,55.0,1.3,34.8,0.0
12086015300,Census Tract 153; Miami-Dade County; Florida,6353.0,42.8,20.1,17.1,97.3,2.6,0.0,0.0,44.4,0.0,45.0,0.0
12086015400,Census Tract 154; Miami-Dade County; Florida,5655.0,46.2,17.0,21.1,91.8,8.2,0.0,0.0,46.9,0.0,49.4,0.0
12086015501,Census Tract 155.01; Miami-Dade County; Florida,2635.0,50.8,17.7,31.1,91.6,8.4,0.0,0.0,40.6,0.3,53.7,0.0
12086015502,Census Tract 155.02; Miami-Dade County; Florida,2799.0,51.3,10.5,25.2,89.0,10.8,0.0,0.8,53.1,0.0,42.9,0.0
12086015600,Census Tract 156; Miami-Dade County; Florida,4572.0,37.6,20.1,12.1,71.5,22.9,2.7,0.6,58.6,2.9,35.6,0.5
12086015700,Census Tract 157; Miami-Dade County; Florida,2225.0,49.3,20.9,22.9,83.6,14.4,0.6,1.4,46.4,0.6,49.1,0.0
12086015800,Census Tract 158; Miami-Dade County; Florida,4402.0,50.3,12.2,26.9,90.1,7.3,0.4,2.2,44.1,0.4,48.7,0.0
12086015900,Census Tract 159; Miami-Dade County; Florida,3198.0,54.3,13.6,24.2,91.8,8.2,0.0,0.0,41.3,0.0,56.6,0.0
12086016000,Census Tract 160; Miami-Dade County; Florida,4177.0,51.5,12.6,26.7,84.7,7.2,0.5,7.3,40.1,0.8,45.0,0.4
12086016100,Census Tract 161; Miami-Dade County; Florida,4483.0,51.4,14.8,26.0,89.6,8.2,0.3,1.6,55.1,0.3,38.3,0.2
12086016200,Census Tract 162; Miami-Dade County; Florida,3044.0,47.6,17.9,26.9,87.2,5.9,0.7,2.3,46.4,0.7,49.8,0.0
12086016300,Census Tract 163; Miami-Dade County; Florida,4577.0,47.2,19.1,23.9,84.5,10.9,4.0,1.0,47.4,4.0,38.1,0.0
12086016401,Census Tract 164.01; Miami-Dade County; Florida,4706.0,43.0,21.0,19.0,81.2,12.5,0.1,5.8,35.5,0.1,56.3,1.6
12086016402,Census Tract 164.02; Miami-Dade County; Florida,2083.0,46.3,22.7,16.9,84.9,7.7,0.2,6.3,40.8,0.2,52.3,0.0
12086016501,Census Tract 165.01; Miami-Dade County; Florida,3384.0,45.8,11.2,16.2,81.6,11.0,0.5,6.0,32.7,0.5,52.6,0.0
12086016502,Census Tract 165.02; Miami-Dade County; Florida,4984.0,40.5,23.2,8.5,82.3,6.1,5.0,3.2,42.6,7.0,42.0,0.0
12086016600,Census Tract 166; Miami-Dade County; Florida,3460.0,50.0,11.8,21.6,93.5,3.9,1.0,1.6,32.5,1.3,61.1,0.0
12086016700,Census Tract 167; Miami-Dade County; Florida,4745.0,48.7,17.1,21.9,91.2,5.0,0.1,4.0,36.7,0.1,52.3,0.0
12086016800,Census Tract 168; Miami-Dade County; Florida,3847.0,45.5,14.1,21.0,93.6,5.6,0.0,1.1,30.4,0.5,67.4,0.0
12086016900,Census Tract 169; Miami-Dade County; Florida,4615.0,47.8,17.1,23.2,93.8,5.6,0.2,1.8,39.2,1.1,53.1,0.0
12086017000,Census Tract 170; Miami-Dade County; Florida,4668.0,49.1,16.3,22.5,92.2,5.7,1.7,1.6,29.3,2.2,64.0,0.0
12086017101,Census Tract 171.01; Miami-Dade County; Florida,3819.0,43.1,18.6,17.0,89.3,9.2,1.5,0.0,44.0,1.5,41.7,0.0
12086017102,Census Tract 171.02; Miami-Dade County; Florida,2685.0,39.7,17.9,15.8,68.4,28.0,3.2,0.4,44.8,3.2,47.0,0.0
12086017200,Census Tract 172; Miami-Dade County; Florida,3725.0,53.2,16.2,32.3,80.6,16.3,2.3,0.0,44.6,2.3,50.4,0.0
12086017300,Census Tract 173; Miami-Dade County; Florida,4253.0,49.3,14.6,22.5,77.1,11.0,2.8,9.4,28.1,3.1,53.7,1.2
12086017401,Census Tract 174.01; Miami-Dade County; Florida,1540.0,44.1,20.0,15.9,68.8,30.1,0.4,0.0,61.8,0.4,34.0,0.0
12086017402,Census Tract 174.02; Miami-Dade County; Florida,4504.0,51.6,9.9,31.8,82.7,16.7,0.4,1.2,39.1,0.5,51.3,0.0
12086017500,Census Tract 175; Miami-Dade County; Florida,3677.0,41.3,20.2,23.7,93.3,5.0,1.7,0.0,32.0,4.9,57.8,0.0
12086017600,Census Tract 176; Miami-Dade County; Florida,6627.0,40.0,15.5,11.2,86.1,6.6,0.3,6.5,31.5,0.9,57.4,0.4
12086017700,Census Tract 177; Miami-Dade County; Florida,4626.0,45.6,11.1,15.2,92.0,7.4,0.6,0.0,35.2,0.8,56.9,0.0
12086017800,Census Tract 178; Miami-Dade County; Florida,5999.0,42.0,20.6,18.7,95.1,4.7,0.0,0.0,40.1,0.0,54.9,0.2
12086017901,Census Tract 179.01; Miami-Dade County; Florida,3946.0,42.7,20.3,12.0,86.6,8.7,0.9,0.1,53.3,1.1,32.7,1.7
12086017902,Census Tract 179.02; Miami-Dade County; Florida,4453.0,48.9,14.3,19.0,76.0,11.6,0.2,11.2,30.3,1.8,49.1,0.6
12086018001,Census Tract 180.01; Miami-Dade County; Florida,1615.0,41.7,22.5,14.8,79.9,16.3,2.5,0.6,49.9,2.5,33.8,0.0
12086018002,Census Tract 180.02; Miami-Dade County; Florida,2734.0,43.2,20.5,17.9,85.2,8.1,4.1,2.6,22.5,4.1,65.0,0.0
12086018003,Census Tract 180.03; Miami-Dade County; Florida,8346.0,35.4,27.2,10.0,83.8,6.3,5.8,0.2,28.7,5.8,44.9,3.4
12086018100,Census Tract 181; Miami-Dade County; Florida,4655.0,46.7,15.7,20.3,85.3,10.8,0.5,4.5,38.2,0.8,48.2,0.0
12086018200,Census Tract 182; Miami-Dade County; Florida,2577.0,44.1,21.4,17.9,89.0,5.2,3.6,1.7,41.6,3.6,39.0,0.0
12086018300,Census Tract 183; Miami-Dade County; Florida,4290.0,42.7,16.2,17.2,78.3,11.0,4.3,0.3,38.6,4.6,41.7,4.6
12086018400,Census Tract 184; Miami-Dade County; Florida,3764.0,40.6,18.4,18.1,76.1,14.8,2.4,8.9,28.2,2.4,54.5,0.2
12086018500,Census Tract 185; Miami-Dade County; Florida,4999.0,37.4,21.5,14.0,77.1,12.6,3.7,6.2,44.0,4.6,30.7,1.6
12086018601,Census Tract 186.01; Miami-Dade County; Florida,4218.0,36.7,29.5,8.4,74.9,7.2,15.6,0.5,33.1,16.0,45.7,0.0
12086018602,Census Tract 186.02; Miami-Dade County; Florida,3487.0,47.4,17.8,24.7,87.9,8.3,0.7,1.0,41.2,0.7,48.5,0.3
12086018700,Census Tract 187; Miami-Dade County; Florida,4188.0,45.6,18.1,20.9,83.4,7.5,3.9,5.2,31.6,3.9,49.4,0.0
12086018801,Census Tract 188.01; Miami-Dade County; Florida,2624.0,50.2,19.0,29.4,59.8,35.4,2.1,2.6,60.9,2.1,33.7,0.0
12086018802,Census Tract 188.02; Miami-Dade County; Florida,2664.0,39.6,23.5,13.3,65.1,28.9,2.6,1.9,56.4,5.5,31.5,0.0
12086018803,Census Tract 188.03; Miami-Dade County; Florida,3548.0,33.6,28.0,11.4,67.5,30.8,0.0,0.5,64.6,0.0,24.4,0.0
12086018901,Census Tract 189.01; Miami-Dade County; Florida,2742.0,40.8,23.8,19.8,50.9,39.5,4.4,1.0,56.4,4.4,25.5,1.7
12086018902,Census Tract 189.02; Miami-Dade County; Florida,3253.0,47.0,24.4,17.5,64.8,28.8,0.1,5.4,51.6,0.1,38.3,0.4
12086019000,Census Tract 190; Miami-Dade County; Florida,5830.0,43.3,19.3,19.3,74.8,15.0,5.5,3.9,37.1,5.6,52.8,0.0
12086019100,Census Tract 191; Miami-Dade County; Florida,5313.0,46.8,14.2,26.1,78.1,21.5,0.0,0.5,45.5,0.0,42.6,0.3
12086019200,Census Tract 192; Miami-Dade County; Florida,5221.0,39.8,24.6,16.2,58.0,33.5,1.0,5.3,53.6,1.2,38.5,0.2
12086019301,Census Tract 193.01; Miami-Dade County; Florida,2712.0,34.6,22.3,9.8,56.6,18.2,10.3,13.2,32.9,10.3,39.3,1.7
12086019302,Census Tract 193.02; Miami-Dade County; Florida,5117.0,38.3,19.4,12.2,60.5,19.4,10.0,8.5,37.6,10.0,35.5,0.0
12086019401,Census Tract 194.01; Miami-Dade County; Florida,2673.0,36.6,26.4,17.7,52.6,34.0,3.2,4.0,48.5,3.8,27.5,3.4
12086019402,Census Tract 194.02; Miami-Dade County; Florida,5924.0,32.9,27.1,7.8,64.5,25.6,3.8,4.7,50.7,3.8,37.6,0.0
12086019501,Census Tract 195.01; Miami-Dade County; Florida,3830.0,40.2,22.8,13.5,78.7,11.3,7.0,2.8,35.3,7.0,43.1,0.0
12086019502,Census Tract 195.02; Miami-Dade County; Florida,4451.0,41.3,15.5,12.6,82.5,6.2,6.4,3.0,28.2,6.4,55.5,0.0
12086019600,Census Tract 196; Miami-Dade County; Florida,6387.0,38.5,23.2,9.5,73.2,11.8,9.6,4.6,34.2,9.6,43.7,0.2
12086019700,Census Tract 197; Miami-Dade County; Florida,4066.0,43.1,20.0,18.4,73.7,9.8,7.1,1.2,47.9,8.1,36.3,1.1
12086019801,Census Tract 198.01; Miami-Dade County; Florida,4948.0,39.8,19.3,15.5,82.0,10.8,4.0,2.6,42.5,4.3,43.3,0.7
12086019802,Census Tract 198.02; Miami-Dade County; Florida,4956.0,43.7,20.2,21.5,87.5,2.8,7.9,2.1,32.6,9.0,36.6,0.0
12086019901,Census Tract 199.01; Miami-Dade County; Florida,4156.0,36.9,28.6,17.7,74.0,17.1,0.0,5.7,37.4,0.7,47.0,2.9
12086019902,Census Tract 199.02; Miami-Dade County; Florida,6907.0,37.8,26.5,14.6,80.8,8.2,8.2,2.8,28.6,9.5,49.8,0.0
12086020001,Census Tract 200.01; Miami-Dade County; Florida,2113.0,47.7,16.5,17.5,84.9,5.2,3.8,4.1,32.3,3.8,51.3,0.0
12086020002,Census Tract 200.02; Miami-Dade County; Florida,4982.0,43.2,20.2,21.8,76.1,12.7,7.9,1.0,44.1,7.9,38.8,1.9
12086020100,Census Tract 201; Miami-Dade County; Florida,4468.0,46.2,17.9,25.4,80.1,11.0,5.1,0.0,33.0,5.3,40.2,2.6
12086020200,Census Tract 202; Miami-Dade County; Florida,5963.0,37.2,19.7,12.0,78.9,6.7,13.8,0.0,33.6,15.6,44.1,0.5
12086020300,Census Tract 203; Miami-Dade County; Florida,3231.0,44.7,17.7,20.0,88.8,3.8,5.1,1.2,29.1,5.1,54.3,1.0
12086490100,Census Tract 4901; Miami-Dade County; Florida,1244.0,42.0,11.5,16.9,96.1,2.7,0.4,0.0,38.0,0.4,57.2,0.0
12086980100,Census Tract 9801; Miami-Dade County; Florida,0.0,,,,,,,,,,,
12086980200,Census Tract 9802; Miami-Dade County; Florida,0.0,,,,,,,,,,,
12086980300,Census Tract 9803; Miami-Dade County; Florida,5890.0,19.3,1.0,0.0,15.3,58.8,16.0,8.1,65.9,16.9,9.0,0.4
12086980400,Census Tract 9804; Miami-Dade County; Florida,0.0,,,,,,,,,,,
12086980500,Census Tract 9805; Miami-Dade County; Florida,514.0,28.8,14.6,3.3,78.6,11.1,7.8,0.0,18.5,7.8,55.8,0.0
12086980600,Census Tract 9806; Miami-Dade County; Florida,0.0,,,,,,,,,,,
12086980700,Census Tract 9807; Miami-Dade County; Florida,1334.0,19.6,42.7,6.3,34.3,5.9,59.6,0.0,28.2,60.8,10.9,0.0
12086980800,Census Tract 9808; Miami-Dade County; Florida,0.0,,,,,,,,,,,
12086980900,Census Tract 9809; Miami-Dade County; Florida,0.0,,,,,,,,,,,
12086981000,Census Tract 9810; Miami-Dade County; Florida,0.0,,,,,,,,,,,
12086981100,Census Tract 9811; Miami-Dade County; Florida,396.0,41.4,4.0,8.6,42.9,14.6,38.4,1.8,30.1,41.7,27.3,0.0
12086981200,Census Tract 9812; Miami-Dade County; Florida,0.0,,,,,,,,,,,
12086981300,Census Tract 9813; Miami-Dade County; Florida,2001.0,47.9,3.5,10.0,37.1,23.9,37.4,0.2,35.5,39.9,24.4,0.0
12086990000,Census Tract 9900; Miami-Dade County; Florida,0.0,,,,,,,,,,,
