GEOID,n_routes,n_stops_served,min_headway_min,max_headway_min,median_headway_min,total_am_trips,top_routes
12086000107,4,28,9.473684210526315,120.0,48.0,181,100 (9min) | SUNNYOR (60min) | 75 (36min)
12086000109,8,87,13.846153846153847,120.0,60.0,436,3 (14min) | 75 (16min) | 135 (15min)
12086000115,3,14,60.0,120.0,90.0,22,SUNNYOR (60min) | SUNNYBL (120min) | AVTGRN (90min)
12086000118,4,32,9.473684210526315,120.0,60.0,199,100 (9min) | 75 (30min) | SUNNYOR (90min)
12086000120,6,41,13.846153846153847,120.0,37.5,276,125 (15min) | 3 (14min) | NOMRED (45min)
12086000121,2,10,90.0,120.0,105.0,19,AVTGRN (90min) | SUNNYOR (120min)
12086000122,2,14,60.0,90.0,75.0,30,AVTGRN (90min) | AVTPUR (60min)
12086000123,5,59,9.0,120.0,60.0,289,100 (9min) | 75 (18min) | SUNNYOR (60min)
12086000124,6,56,13.846153846153847,90.0,37.5,321,125 (15min) | 3 (14min) | 16 (45min)
12086000125,4,38,9.473684210526315,120.0,45.0,149,100 (9min) | 75 (30min) | SUNNYOR (60min)
12086000126,4,44,9.0,120.0,54.0,238,100 (9min) | 75 (18min) | SUNNYOR (90min)
12086000128,7,33,13.846153846153847,90.0,30.0,196,75 (16min) | 3 (14min) | 9 (20min)
12086000129,1,2,60.0,60.0,60.0,6,AVTYEL (60min)
12086000130,4,30,9.473684210526315,120.0,48.0,307,100 (9min) | SUNNYOR (60min) | 75 (36min)
12086000131,5,19,15.0,60.0,25.714285714285715,98,3 (15min) | 9 (16min) | AVTYEL (60min)
12086000132,4,47,13.846153846153847,60.0,25.0,200,3 (14min) | AVTYEL (60min) | 9 (20min)
12086000134,13,102,5.294117647058823,120.0,36.0,547,100 (5min) | 9 (6min) | AVTPUR (36min)
12086000140,4,31,9.473684210526315,120.0,48.0,167,100 (9min) | 75 (36min) | SUNNYOR (60min)
12086000141,7,27,9.473684210526315,120.0,30.0,155,9 (9min) | 3 (15min) | 183 (22min)
12086000142,5,16,9.0,120.0,60.0,50,100 (9min) | AVTGRN (60min) | AVTYEL (60min)
12086000143,6,49,9.0,120.0,60.0,207,100 (9min) | AVTGRN (60min) | AVTPUR (60min)
12086000144,6,35,9.0,120.0,60.0,133,100 (9min) | AVTGRN (60min) | AVTYEL (60min)
12086000145,2,16,90.0,90.0,90.0,32,AVTPUR (90min) | AVTGRN (90min)
12086000146,2,11,60.0,90.0,75.0,24,AVTPUR (60min) | AVTGRN (90min)
12086000204,6,93,10.588235294117647,60.0,20.0,555,17 (20min) | 77 (11min) | 75 (16min)
12086000206,11,82,7.5,120.0,30.0,458,75 (9min) | 9 (8min) | 3 (14min)
12086000211,8,76,13.846153846153847,90.0,27.857142857142858,462,9 (20min) | 3 (14min) | 183 (22min)
12086000212,5,33,13.846153846153847,90.0,30.0,166,9 (20min) | 510 (45min) | 3 (14min)
12086000213,6,72,16.363636363636363,60.0,21.25,336,9 (18min) | 17 (20min) | 75 (16min)
12086000215,4,35,16.363636363636363,60.0,19.0,247,9 (18min) | 75 (16min) | 17 (20min)
12086000216,8,44,9.473684210526315,120.0,60.0,289,9 (13min) | 75 (9min) | 17 (20min)
12086000218,6,41,18.0,90.0,60.0,217,9 (18min) | 135 (30min) | 25 (22min)
12086000219,7,68,9.473684210526315,90.0,45.0,406,125 (15min) | 9 (9min) | 16 (45min)
12086000220,8,61,15.0,90.0,45.0,302,9 (18min) | 135 (30min) | 16 (45min)
12086000221,3,30,20.0,60.0,45.0,137,9 (20min) | 510 (45min) | NMBEACB (60min)
12086000222,5,77,20.0,60.0,25.714285714285715,371,183 (22min) | 9 (20min) | 510 (26min)
12086000223,7,54,20.0,90.0,45.0,250,135 (30min) | 9 (20min) | 16 (45min)
12086000224,7,56,15.0,120.0,45.0,256,3 (15min) | 135 (30min) | 16 (45min)
12086000225,8,86,6.923076923076923,60.0,25.714285714285715,588,75 (9min) | 9 (7min) | 510 (26min)
12086000226,10,37,7.826086956521739,120.0,60.0,194,9 (8min) | 75 (9min) | 183 (22min)
12086000227,2,12,18.0,90.0,54.0,82,9 (18min) | NOMORG (90min)
12086000228,4,25,18.0,120.0,37.5,129,9 (18min) | 135 (30min) | 16 (45min)
12086000302,1,6,12.857142857142858,12.857142857142858,12.857142857142858,84,77 (13min)
12086000306,8,69,9.473684210526315,45.0,45.0,446,9 (9min) | 125 (15min) | 135 (30min)
12086000307,6,40,10.588235294117647,90.0,37.5,322,77 (11min) | 125 (15min) | 135 (30min)
12086000308,5,41,15.0,90.0,45.0,191,125 (15min) | 25 (45min) | 135 (30min)
12086000309,5,20,18.0,90.0,90.0,105,9 (18min) | 135 (30min) | NOMORG (90min)
12086000310,4,19,20.0,90.0,60.0,115,9 (20min) | 135 (30min) | NOMORG (90min)
12086000311,4,21,16.363636363636363,60.0,20.0,154,9 (20min) | 75 (16min) | 17 (20min)
12086000312,3,12,10.588235294117647,90.0,16.363636363636363,127,77 (11min) | 75 (16min) | NMBEACD (90min)
12086000402,3,25,15.0,45.0,22.5,208,27 (15min) | 17 (22min) | OPALCKA (45min)
12086000405,5,28,10.588235294117647,90.0,30.0,216,77 (11min) | 135 (30min) | NOMGRN (90min)
12086000408,4,46,10.588235294117647,30.0,21.923076923076923,394,77 (11min) | 103 (30min) | 22 (30min)
12086000409,4,32,10.588235294117647,90.0,20.357142857142858,348,77 (11min) | 125 (15min) | 17 (26min)
12086000410,5,56,10.588235294117647,90.0,25.714285714285715,432,125 (15min) | 77 (11min) | 25 (45min)
12086000411,3,19,10.588235294117647,30.0,25.714285714285715,199,77 (11min) | 17 (26min) | 103 (30min)
12086000413,4,38,10.0,90.0,26.25,356,77 (10min) | 135 (30min) | 17 (22min)
12086000414,4,18,3.5294117647058822,90.0,7.403225806451613,265,77 (6min) | 95 (4min) | 75 (9min)
12086000415,5,37,15.0,45.0,30.0,249,17 (26min) | 125 (15min) | 22 (30min)
12086000416,6,73,13.846153846153847,45.0,30.0,571,27 (14min) | 22 (30min) | 125 (15min)
12086000417,4,57,15.0,36.0,26.25,413,27 (15min) | 17 (22min) | OPALCKA (36min)
12086000418,2,16,22.5,45.0,33.75,103,17 (22min) | OPALCKA (45min)
12086000419,7,52,15.0,45.0,30.0,389,27 (15min) | 125 (15min) | 25 (45min)
12086000420,5,45,15.0,45.0,30.0,282,17 (26min) | 125 (15min) | 25 (45min)
12086000504,5,45,15.0,25.714285714285715,18.0,269,32 (18min) | OPALCKA (20min) | 27 (15min)
12086000505,3,40,22.5,45.0,30.0,164,42 (45min) | 37 (30min) | HIAMAR (22min)
12086000506,3,23,15.0,45.0,30.0,182,27 (15min) | 32 (30min) | OPALCKA (45min)
12086000507,3,45,12.0,36.0,30.0,256,32 (30min) | 75 (12min) | 37 (36min)
12086000508,9,91,7.5,45.0,22.5,673,27 (8min) | 32 (15min) | 125 (8min)
12086000509,5,45,15.0,25.714285714285715,18.0,329,27 (15min) | 32 (18min) | 135 (15min)
12086000601,2,21,36.0,45.0,40.5,78,HIAMAR (36min) | 42 (45min)
12086000602,1,10,30.0,30.0,30.0,50,37 (30min)
12086000603,3,33,30.0,45.0,36.0,150,HIAMAR (45min) | 103 (36min) | 37 (30min)
12086000605,4,46,10.0,45.0,24.923076923076923,280,79 (14min) | HIAMAR (36min) | 42 (45min)
12086000607,2,26,22.5,36.0,29.25,119,HIAMAR (22min) | 37 (36min)
12086000609,4,38,15.0,36.0,29.25,207,HIAMAR (22min) | HIAFLA (36min) | 37 (36min)
12086000610,1,5,22.5,22.5,22.5,37,HIAMAR (22min)
12086000611,3,40,36.0,45.0,36.0,157,HIAMAR (36min) | 42 (45min) | 103 (36min)
12086000612,3,40,36.0,45.0,36.0,157,HIAMAR (36min) | 42 (45min) | 103 (36min)
12086000705,4,36,25.714285714285715,45.0,33.0,167,HIAFLA (26min) | 103 (30min) | HIAMAR (45min)
12086000710,4,19,10.0,22.5,16.875,146,183 (11min) | HIAFLA (22min) | 2600 (10min)
12086000711,5,28,10.0,36.0,22.5,176,54 (30min) | HIAFLA (36min) | 2600 (10min)
12086000712,4,6,10.0,30.0,16.875,70,2600 (10min) | 183 (11min) | 54 (30min)
12086000713,5,37,22.5,45.0,30.0,189,183 (22min) | 103 (30min) | 54 (30min)
12086000714,2,17,22.5,36.0,29.25,99,183 (22min) | HIAFLA (36min)
12086000715,5,41,22.5,45.0,30.0,236,183 (22min) | 54 (30min) | 103 (30min)
12086000716,1,9,30.0,30.0,30.0,50,54 (30min)
12086000717,2,14,30.0,36.0,33.0,69,54 (30min) | HIAFLA (36min)
12086000718,5,70,22.5,45.0,30.0,342,54 (30min) | 103 (30min) | HIAMAR (45min)
12086000719,1,1,36.0,36.0,36.0,5,HIAFLA (36min)
12086000720,2,24,22.5,36.0,29.25,133,183 (22min) | HIAFLA (36min)
12086000804,8,70,9.0,90.0,20.25,375,54 (15min) | HIAFLA (22min) | 79 (9min)
12086000805,2,24,36.0,45.0,40.5,101,42 (45min) | 62 (36min)
12086000806,8,104,9.0,90.0,20.25,664,HIAMAR (22min) | 79 (9min) | HIAFLA (22min)
12086000807,3,19,30.0,90.0,36.0,77,37 (30min) | MIASPG (90min) | 62 (36min)
12086000808,7,29,9.0,90.0,18.0,199,37 (18min) | 54 (15min) | 2600 (10min)
12086000903,8,78,7.5,30.0,13.351648351648352,690,79 (14min) | 27 (8min) | 2600 (10min)
12086000904,7,56,10.0,30.0,15.0,511,79 (14min) | 27 (15min) | 2600 (10min)
12086000905,2,21,13.846153846153847,30.0,21.923076923076923,193,27 (14min) | 32 (30min)
12086000906,1,7,30.0,30.0,30.0,40,32 (30min)
12086000907,3,17,13.846153846153847,30.0,30.0,131,27 (14min) | 32 (30min) | 103 (30min)
12086000908,2,13,30.0,36.0,33.0,73,32 (30min) | 103 (36min)
12086001003,7,71,13.846153846153847,30.0,25.714285714285715,570,27 (14min) | 79 (14min) | 22 (26min)
12086001004,8,99,10.588235294117647,30.0,24.107142857142858,807,79 (14min) | 12 (30min) | 77 (11min)
12086001005,2,20,10.588235294117647,30.0,20.294117647058822,220,77 (11min) | 103 (30min)
12086001006,5,43,10.0,36.0,20.0,448,77 (10min) | 79 (15min) | 2 (20min)
12086001007,5,28,13.846153846153847,30.0,22.5,199,17 (14min) | 79 (14min) | 22 (30min)
12086001008,4,23,10.0,30.0,19.78021978021978,295,77 (10min) | 79 (14min) | 279 (26min)
12086001101,7,44,9.473684210526315,45.0,45.0,474,9 (9min) | 125 (15min) | 77 (11min)
12086001102,2,22,9.473684210526315,10.588235294117647,10.03095975232198,362,9 (9min) | 77 (11min)
12086001103,2,19,10.588235294117647,30.0,20.294117647058822,243,77 (11min) | 103 (30min)
12086001104,7,65,9.473684210526315,45.0,30.0,540,9 (9min) | 103 (30min) | 16 (45min)
12086001204,4,37,13.846153846153847,90.0,22.5,347,3 (14min) | 125 (15min) | 203 (30min)
12086001205,9,67,12.857142857142858,45.0,36.0,404,3 (15min) | 16 (45min) | 103 (36min)
12086001206,4,27,15.0,45.0,33.0,204,3 (15min) | 203 (30min) | 103 (36min)
12086001208,6,35,13.846153846153847,90.0,37.5,276,3 (14min) | 125 (15min) | 16 (45min)
12086001209,2,14,13.846153846153847,30.0,21.923076923076923,148,3 (14min) | 203 (30min)
12086001301,6,49,13.846153846153847,36.0,21.03896103896104,394,79 (15min) | 3 (14min) | 103 (16min)
12086001302,7,40,10.0,36.0,16.363636363636363,361,3 (15min) | 79 (15min) | 62 (10min)
12086001401,5,41,10.588235294117647,30.0,20.0,360,2 (20min) | 79 (15min) | 279 (26min)
12086001402,5,45,9.473684210526315,36.0,13.846153846153847,479,9 (9min) | 2 (11min) | 79 (14min)
12086001501,5,64,20.0,60.0,30.0,387,21 (30min) | 12 (30min) | 62 (20min)
12086001502,8,64,7.5,60.0,27.857142857142858,499,62 (11min) | 27 (8min) | 12 (30min)
12086001603,5,45,30.0,45.0,36.0,206,54 (30min) | 62 (36min) | 42 (45min)
12086001605,4,30,20.0,60.0,37.5,121,62 (20min) | 37 (30min) | MIASPG (45min)
12086001606,5,54,30.0,90.0,36.0,221,HIAFLA (36min) | 37 (30min) | 54 (30min)
12086001607,5,28,15.0,60.0,30.0,139,42 (45min) | 54 (30min) | 36 (15min)
12086001608,5,43,30.0,45.0,36.0,188,37 (30min) | 42 (45min) | HIAFLA (36min)
12086001701,6,48,7.5,60.0,12.794117647058822,362,27 (8min) | 54 (15min) | 32 (30min)
12086001702,4,28,7.826086956521739,30.0,12.5,266,27 (8min) | 54 (15min) | 32 (30min)
12086001704,5,35,10.0,30.0,15.0,322,27 (14min) | 36 (15min) | 32 (30min)
12086001705,5,45,8.181818181818182,30.0,13.846153846153847,342,20 (30min) | 36 (8min) | 32 (30min)
12086001801,7,67,7.5,60.0,15.0,473,62 (11min) | 27 (8min) | 54 (15min)
12086001802,6,53,5.0,120.0,22.5,406,17 (13min) | 22 (15min) | 2600 (5min)
12086001803,6,36,7.826086956521739,60.0,14.423076923076923,323,27 (8min) | 54 (15min) | 22 (30min)
12086001901,5,59,10.0,60.0,30.0,475,77 (10min) | 62 (20min) | 21 (30min)
12086001903,6,63,20.0,60.0,30.0,348,21 (30min) | 12 (30min) | 62 (20min)
12086001904,6,67,10.588235294117647,60.0,30.0,436,77 (11min) | 54 (30min) | MIALIB (60min)
12086002001,6,57,9.473684210526315,60.0,20.0,480,9 (9min) | 62 (20min) | MIAHAIT (30min)
12086002003,6,47,11.25,60.0,20.0,325,2 (20min) | 62 (20min) | 54 (30min)
12086002004,6,57,10.0,36.0,17.18181818181818,507,9 (10min) | 62 (20min) | MIAHAIT (18min)
12086002100,8,56,9.473684210526315,36.0,15.0,539,3 (15min) | 9 (9min) | 62 (10min)
12086002201,8,67,9.473684210526315,36.0,16.5,681,9 (9min) | 3 (15min) | MIAHAIT (18min)
12086002202,7,53,10.588235294117647,60.0,20.0,440,77 (11min) | 2 (20min) | MIAHAIT (18min)
12086002300,5,48,10.588235294117647,45.0,30.0,338,77 (11min) | 17 (13min) | 12 (30min)
12086002402,6,71,10.0,30.0,26.25,533,MIAALP (10min) | 20 (30min) | 32 (30min)
12086002403,3,24,13.846153846153847,30.0,15.0,218,36 (15min) | 27 (14min) | 22 (30min)
12086002404,5,39,5.0,120.0,15.0,361,17 (14min) | 36 (15min) | 22 (15min)
12086002501,6,38,5.0,30.0,15.681818181818182,354,36 (8min) | 2600 (5min) | 17 (22min)
12086002502,7,35,5.0,45.0,22.5,434,77 (10min) | 36 (15min) | 2600 (5min)
12086002600,9,69,10.0,36.0,15.0,659,36 (15min) | 9 (10min) | MIABIS (11min)
12086002702,13,121,2.5,36.0,15.0,1331,9 (10min) | 3 (15min) | MIABIS (11min)
12086002705,3,13,15.0,36.0,16.363636363636363,125,3 (15min) | 36 (16min) | 203 (36min)
12086002707,3,11,16.363636363636363,36.0,18.0,104,3 (16min) | MIABIS (18min) | 203 (36min)
12086002708,2,13,15.0,18.0,16.5,131,3 (15min) | MIABIS (18min)
12086002709,6,24,15.0,36.0,30.0,186,MIABIS (20min) | 3 (15min) | 32 (30min)
12086002710,10,31,2.5,36.0,15.681818181818182,313,MMO (2min) | 15 (16min) | MIABIS (20min)
12086002800,7,46,10.588235294117647,30.0,20.0,335,2 (20min) | MIAWYNW (30min) | 20 (30min)
12086002900,12,91,5.0,36.0,18.0,750,77 (11min) | MIAALP (18min) | 2600 (5min)
12086003001,12,130,5.0,36.0,18.0,1144,77 (11min) | 2600 (5min) | MIAOVT (18min)
12086003004,10,89,5.0,36.0,27.857142857142858,687,2600 (5min) | 95 (13min) | MIAALP (18min)
12086003005,5,29,10.0,30.0,30.0,217,MIAALP (10min) | 20 (30min) | 32 (30min)
12086003006,5,42,18.0,30.0,30.0,280,MIAALP (18min) | 17 (26min) | 20 (30min)
12086003100,10,96,10.588235294117647,36.0,30.0,784,77 (11min) | MIAALP (18min) | 2 (20min)
12086003400,12,70,2.5,45.0,16.5,836,2600 (5min) | 7 (15min) | 2 (20min)
12086003603,6,19,10.0,18.0,17.18181818181818,250,77 (10min) | 11 (12min) | 208 (16min)
12086003604,5,18,12.0,20.0,16.363636363636363,212,11 (12min) | 207 (15min) | 208 (16min)
12086003605,7,17,10.0,25.714285714285715,15.0,194,MIAHAVA (18min) | 207 (15min) | 8 (15min)
12086003606,22,83,1.25,45.0,12.794117647058822,1403,MMO (1min) | MMI (1min) | 7 (15min)
12086003607,5,30,5.0,36.0,15.0,344,77 (10min) | 2600 (5min) | 7 (15min)
12086003703,11,34,2.5,30.0,20.0,757,MMI (2min) | MMO (5min) | 100 (9min)
12086003704,15,52,2.5,30.0,15.0,1026,MMO (2min) | MMI (2min) | 100 (9min)
12086003705,18,40,2.5,45.0,10.03095975232198,777,MMO (2min) | 100 (5min) | MMI (2min)
12086003706,20,62,1.25,45.0,9.236842105263158,1484,MMI (1min) | MMO (1min) | 2600 (5min)
12086003707,12,54,2.5,30.0,11.722689075630253,996,MMO (2min) | MMI (2min) | 100 (9min)
12086003708,8,46,2.5,30.0,17.5,635,100 (9min) | MMI (2min) | 3 (15min)
12086003709,5,7,5.0,45.0,15.0,122,2600 (5min) | 7 (15min) | 95 (9min)
12086003710,16,92,2.5,30.0,15.0,1394,MMO (2min) | 9 (10min) | 100 (9min)
12086003801,1,8,16.363636363636363,16.363636363636363,16.363636363636363,88,125 (16min)
12086003803,2,12,9.473684210526315,15.0,12.236842105263158,188,100 (9min) | 125 (15min)
12086003804,2,24,8.181818181818182,9.473684210526315,8.827751196172247,372,100 (9min) | 125 (8min)
12086003906,2,32,9.473684210526315,13.846153846153847,11.65991902834008,480,100 (9min) | 79 (14min)
12086003909,2,17,9.473684210526315,16.363636363636363,12.91866028708134,294,100 (9min) | 79 (16min)
12086003911,1,10,9.473684210526315,9.473684210526315,9.473684210526315,178,100 (9min)
12086003913,3,18,9.473684210526315,15.0,12.857142857142858,243,100 (9min) | 79 (15min) | 279 (13min)
12086003914,3,26,9.473684210526315,15.0,12.857142857142858,352,100 (9min) | 79 (15min) | 279 (13min)
12086003915,3,15,9.473684210526315,22.5,15.0,169,79 (15min) | 100 (9min) | 279 (22min)
12086003916,2,8,15.0,22.5,18.75,76,79 (15min) | 279 (22min)
12086003917,2,12,15.0,25.714285714285715,20.357142857142858,116,79 (15min) | 279 (26min)
12086003918,2,12,15.0,25.714285714285715,20.357142857142858,116,79 (15min) | 279 (26min)
12086003919,2,42,9.473684210526315,13.846153846153847,11.65991902834008,629,100 (9min) | 79 (14min)
12086003921,2,22,9.473684210526315,15.0,12.236842105263158,325,100 (9min) | 79 (15min)
12086003922,2,22,10.0,13.846153846153847,11.923076923076923,329,100 (10min) | 79 (14min)
12086004000,6,62,9.473684210526315,30.0,14.423076923076923,699,100 (9min) | 79 (14min) | 36 (14min)
12086004102,5,36,9.0,36.0,30.0,279,100 (9min) | 15 (36min) | 101 (30min)
12086004103,5,54,9.473684210526315,30.0,15.0,618,100 (9min) | 36 (14min) | 79 (15min)
12086004105,6,79,9.473684210526315,30.0,15.681818181818182,862,100 (9min) | 36 (14min) | 79 (15min)
12086004106,6,29,10.0,30.0,15.681818181818182,196,101 (30min) | 15 (16min) | 100 (10min)
12086004204,3,24,25.714285714285715,36.0,30.0,136,20 (26min) | 101 (30min) | 15 (36min)
12086004205,7,24,7.5,30.0,15.0,236,100 (9min) | 79 (8min) | 14 (30min)
12086004206,7,73,7.5,30.0,15.0,701,100 (9min) | 79 (8min) | 36 (8min)
12086004207,2,8,25.714285714285715,30.0,27.857142857142858,48,20 (26min) | 101 (30min)
12086004208,3,16,25.714285714285715,36.0,30.0,90,20 (26min) | 15 (36min) | 101 (30min)
12086004301,2,16,30.0,30.0,30.0,96,101 (30min) | 20 (30min)
12086004303,3,10,9.473684210526315,30.0,30.0,82,100 (9min) | 14 (30min) | 150 (30min)
12086004304,5,25,10.0,30.0,30.0,160,101 (30min) | 20 (30min) | 100 (10min)
12086004403,3,21,9.0,30.0,30.0,186,100 (9min) | 14 (30min) | 150 (30min)
12086004404,3,18,9.0,30.0,30.0,155,100 (9min) | 14 (30min) | 150 (30min)
12086004405,4,19,9.0,30.0,30.0,180,100 (9min) | 101 (30min) | 20 (30min)
12086004406,4,18,9.0,30.0,30.0,135,101 (30min) | 100 (9min) | 20 (30min)
12086004500,5,19,9.0,30.0,30.0,143,14 (30min) | 100 (9min) | 150 (15min)
12086004602,1,17,6.0,6.0,6.0,275,26 (6min)
12086004605,1,6,11.25,11.25,11.25,93,26 (11min)
12086004607,1,10,6.0,6.0,6.0,168,26 (6min)
12086004608,1,8,11.25,11.25,11.25,121,26 (11min)
12086004701,4,15,10.0,45.0,25.0,66,MIASPG (45min) | 62 (20min) | 2600 (10min)
12086004703,7,61,15.0,120.0,45.0,227,36 (15min) | 37 (30min) | MIASPG (45min)
12086004704,4,27,25.714285714285715,120.0,90.0,79,36 (26min) | 132 (90min) | MIASPG (90min)
12086004705,4,36,25.714285714285715,120.0,67.5,99,36 (26min) | MIASPG (45min) | 132 (90min)
12086004901,5,39,15.0,60.0,22.5,240,37 (15min) | MIAFLAG (22min) | 7 (16min)
12086004903,5,39,11.25,45.0,16.363636363636363,298,11 (11min) | 7 (16min) | MIAFLAG (20min)
12086004904,8,63,5.142857142857143,45.0,15.681818181818182,584,11 (12min) | 7 (16min) | 37 (15min)
12086005002,4,43,15.0,30.0,15.681818181818182,399,7 (16min) | 37 (15min) | MIAFLAG (30min)
12086005003,6,14,15.0,60.0,30.0,112,37 (15min) | 27 (15min) | MIAFLAG (30min)
12086005004,3,18,15.0,30.0,15.0,154,37 (15min) | 27 (15min) | MIAFLAG (30min)
12086005102,6,36,15.0,36.0,30.0,296,7 (15min) | 22 (30min) | 17 (22min)
12086005103,3,17,15.0,30.0,16.363636363636363,163,7 (16min) | 27 (15min) | 22 (30min)
12086005104,2,9,15.0,30.0,22.5,80,27 (15min) | 22 (30min)
12086005201,9,58,12.0,60.0,16.363636363636363,510,11 (12min) | 7 (15min) | 17 (22min)
12086005202,8,40,12.0,60.0,17.18181818181818,380,7 (15min) | 11 (12min) | 12 (30min)
12086005303,8,41,12.0,60.0,18.18181818181818,370,11 (12min) | MIAHAVA (20min) | 208 (16min)
12086005304,6,35,15.0,30.0,19.0,310,8 (16min) | 208 (18min) | 17 (22min)
12086005305,7,27,12.0,60.0,18.0,259,11 (12min) | MIAHAVA (20min) | 12 (30min)
12086005306,5,27,15.0,30.0,18.0,258,8 (16min) | 207 (15min) | 208 (18min)
12086005403,5,21,12.857142857142858,22.5,16.363636363636363,235,27 (15min) | 7 (16min) | 11 (13min)
12086005405,6,35,12.0,25.714285714285715,16.363636363636363,347,11 (12min) | 7 (16min) | 22 (26min)
12086005406,7,35,12.0,22.5,16.363636363636363,366,11 (12min) | 7 (16min) | 17 (22min)
12086005407,8,65,12.0,25.714285714285715,16.363636363636363,662,27 (14min) | 11 (12min) | 8 (16min)
12086005409,7,41,12.0,25.714285714285715,16.363636363636363,397,11 (12min) | 22 (26min) | 208 (16min)
12086005410,6,31,16.363636363636363,30.0,18.0,267,8 (16min) | MIAHAVA (18min) | 17 (22min)
12086005503,6,36,5.142857142857143,18.0,15.681818181818182,429,11 (12min) | MIAHAVA (18min) | CGABLE (5min)
12086005504,6,40,12.857142857142858,18.0,16.363636363636363,438,27 (14min) | MIAHAVA (18min) | 8 (16min)
12086005505,7,42,5.142857142857143,30.0,15.0,462,7 (16min) | MIAHAVA (11min) | 37 (15min)
12086005506,5,35,12.0,22.5,16.363636363636363,389,11 (12min) | 7 (16min) | 27 (15min)
12086005600,8,74,5.142857142857143,60.0,16.363636363636363,810,11 (11min) | CGABLE (5min) | 8 (16min)
12086005701,6,77,11.25,60.0,24.0,604,11 (11min) | MIAFLAG (18min) | 211 (16min)
12086005705,2,9,30.0,30.0,30.0,51,7 (30min) | MIAFLAG (30min)
12086005706,3,24,18.0,60.0,30.0,134,7 (30min) | MIAFLAG (18min) | 57 (60min)
12086005707,5,37,11.25,60.0,18.0,261,11 (11min) | MIAFLAG (18min) | 7 (30min)
12086005708,4,33,11.25,30.0,18.18181818181818,270,11 (11min) | 7 (30min) | MIAFLAG (20min)
12086005803,6,51,11.25,60.0,18.18181818181818,453,11 (11min) | 8 (14min) | MIAFLAG (20min)
12086005804,6,61,11.25,45.0,23.18181818181818,499,11 (11min) | 8 (14min) | MIAFLAG (36min)
12086005805,4,24,11.25,45.0,16.363636363636363,214,11 (11min) | 8 (16min) | MIAFLAG (45min)
12086005806,5,35,11.25,60.0,16.363636363636363,307,11 (11min) | 8 (16min) | MIAFLAG (20min)
12086005901,4,30,13.846153846153847,60.0,45.0,197,8 (14min) | 73 (45min) | 57 (60min)
12086005902,3,26,13.846153846153847,45.0,36.0,201,8 (14min) | 73 (45min) | MIAFLAG (36min)
12086005903,2,22,22.5,45.0,33.75,136,24 (22min) | 73 (45min)
12086005904,3,33,22.5,45.0,30.0,174,24 (22min) | 57 (30min) | 73 (45min)
12086006002,3,28,22.5,45.0,30.0,172,40 (30min) | 24 (22min) | 73 (45min)
12086006003,2,15,22.5,45.0,33.75,84,24 (22min) | 73 (45min)
12086006004,3,23,22.5,45.0,30.0,136,57 (30min) | 24 (22min) | 73 (45min)
12086006103,1,11,20.0,20.0,20.0,87,24 (20min)
12086006104,3,43,20.0,30.0,30.0,211,24 (20min) | 57 (30min) | 40 (30min)
12086006105,3,23,16.363636363636363,30.0,22.5,148,8 (16min) | 57 (30min) | 24 (22min)
12086006106,2,12,16.363636363636363,60.0,38.18181818181818,99,8 (16min) | MIAFLAG (60min)
12086006201,3,23,10.0,45.0,16.363636363636363,206,CGABLE (10min) | 8 (16min) | 42 (45min)
12086006203,6,61,10.0,45.0,17.5,530,CGABLE (10min) | 24 (20min) | 37 (15min)
12086006205,4,31,10.0,18.0,15.681818181818182,436,CGABLE (10min) | 37 (15min) | 8 (16min)
12086006206,6,54,10.0,45.0,17.5,528,CGABLE (10min) | 24 (20min) | 37 (15min)
12086006302,4,39,13.846153846153847,22.5,17.5,358,27 (14min) | MIACOR (22min) | 37 (15min)
12086006303,3,24,13.846153846153847,18.0,16.363636363636363,262,27 (14min) | 8 (16min) | MIAHAVA (18min)
12086006304,3,16,16.363636363636363,18.0,16.363636363636363,166,37 (16min) | 8 (16min) | MIAHAVA (18min)
12086006401,6,40,13.846153846153847,30.0,17.18181818181818,390,27 (14min) | 8 (16min) | 22 (30min)
12086006402,6,36,16.363636363636363,30.0,18.0,298,8 (16min) | 17 (22min) | 22 (30min)
12086006403,6,40,15.0,30.0,19.0,340,8 (16min) | 17 (22min) | 208 (18min)
12086006501,4,34,13.846153846153847,30.0,21.25,269,27 (14min) | 22 (30min) | MIACOR (22min)
12086006503,4,32,20.0,30.0,22.5,214,22 (30min) | MIACOR (22min) | 17 (22min)
12086006504,4,29,20.0,30.0,22.5,193,17 (22min) | 12 (30min) | MIACOR (22min)
12086006603,11,37,5.0,20.0,9.473684210526315,532,MIAHAVA (9min) | 26 (10min) | MMO (5min)
12086006604,7,19,12.857142857142858,25.714285714285715,18.0,177,MIAHAVA (18min) | MIACOR (26min) | 26 (13min)
12086006605,5,16,15.0,25.714285714285715,18.0,161,MIAHAVA (18min) | 8 (15min) | 207 (15min)
12086006606,4,13,15.0,20.0,17.18181818181818,139,8 (16min) | 207 (15min) | MIAHAVA (18min)
12086006607,5,29,15.0,30.0,18.0,272,8 (16min) | MIAHAVA (20min) | 208 (18min)
12086006608,4,35,20.0,30.0,24.107142857142858,228,MIACOR (26min) | 12 (30min) | 24 (20min)
12086006705,3,18,10.0,18.0,15.0,229,26 (10min) | MIABRK (15min) | MIABIS (18min)
12086006706,3,18,10.0,30.0,16.363636363636363,239,26 (10min) | MIABRK (16min) | 12 (30min)
12086006707,1,1,8.571428571428571,8.571428571428571,8.571428571428571,21,MIABRK (9min)
12086006709,2,8,15.0,18.0,16.5,75,MIABIS (18min) | MIABRK (15min)
12086006713,4,11,5.0,18.0,9.285714285714285,196,MMO (5min) | MIABRK (9min) | 26 (10min)
12086006714,4,13,5.0,18.0,12.5,217,26 (10min) | MMO (5min) | MIABRK (15min)
12086006715,8,75,5.0,18.0,14.423076923076923,760,26 (10min) | MIABRK (15min) | MIACOR (14min)
12086006716,4,21,5.0,18.0,12.5,358,MMO (5min) | 26 (10min) | MIABRK (15min)
12086006717,11,27,5.0,20.0,8.571428571428571,571,MMO (5min) | 26 (10min) | 2600 (5min)
12086006718,4,23,5.0,18.0,9.285714285714285,419,MMO (5min) | MIABRK (9min) | MIABIS (18min)
12086006719,11,23,5.0,20.0,8.571428571428571,508,MMO (5min) | 2600 (5min) | MIABRK (9min)
12086006720,3,16,5.0,18.0,15.0,308,MMO (5min) | MIABIS (18min) | MIABRK (15min)
12086006721,3,11,5.0,18.0,8.571428571428571,171,MMO (5min) | MIABRK (9min) | MIABIS (18min)
12086006722,2,6,8.571428571428571,18.0,13.285714285714285,72,MIABRK (9min) | MIABIS (18min)
12086006801,4,48,5.0,45.0,19.285714285714285,348,MIABRK (9min) | 22 (30min) | 2600 (5min)
12086006802,9,67,5.0,60.0,13.846153846153847,681,MIABRK (9min) | 12 (15min) | 26 (10min)
12086006901,6,38,5.0,45.0,21.25,328,27 (15min) | 22 (30min) | 2600 (5min)
12086006902,5,36,20.0,30.0,22.5,240,MIACOR (22min) | 22 (30min) | 24 (20min)
12086007003,3,18,15.0,22.5,22.5,150,27 (15min) | MIACOR (22min) | 24 (22min)
12086007004,3,20,15.0,22.5,20.0,173,37 (15min) | MIACOR (22min) | 24 (20min)
12086007005,4,13,5.0,30.0,11.59090909090909,157,2600 (5min) | 27 (8min) | 22 (15min)
12086007006,2,10,15.0,60.0,37.5,81,37 (15min) | MIACOCO (60min)
12086007007,8,44,5.142857142857143,60.0,14.181818181818182,503,CGABLE (5min) | 37 (8min) | 2600 (5min)
12086007101,8,39,5.142857142857143,60.0,14.181818181818182,279,2600 (5min) | MIACOCO (30min) | 37 (8min)
12086007103,2,15,30.0,60.0,45.0,47,MIACOCO (60min) | 22 (30min)
12086007104,4,26,5.0,30.0,11.59090909090909,197,2600 (5min) | 22 (15min) | MIACOCO (30min)
12086007200,9,54,5.142857142857143,60.0,16.363636363636363,361,MIACOCO (30min) | CGABGA (12min) | 37 (8min)
12086007300,3,24,30.0,60.0,60.0,114,37 (30min) | MIACOCO (60min) | 136 (60min)
12086007401,3,10,60.0,60.0,60.0,30,136 (60min) | 57 (60min) | 56 (60min)
12086007402,5,49,9.473684210526315,60.0,30.0,411,CGABLE (9min) | 40 (30min) | 57 (60min)
12086007403,10,59,5.142857142857143,60.0,21.03896103896104,436,CGABLE (5min) | 40 (16min) | 2600 (5min)
12086007501,3,25,30.0,60.0,60.0,95,40 (30min) | 57 (60min) | 56 (60min)
12086007503,3,8,5.142857142857143,30.0,30.0,94,2600 (5min) | 57 (30min) | 56 (30min)
12086007601,2,9,30.0,60.0,45.0,37,40 (30min) | 56 (60min)
12086007603,5,29,5.0,60.0,15.0,222,2600 (5min) | 37 (15min) | 72 (15min)
12086007605,4,37,30.0,60.0,37.5,155,73 (45min) | 40 (30min) | 56 (60min)
12086007607,3,26,30.0,60.0,45.0,107,73 (45min) | 40 (30min) | 56 (60min)
12086007608,4,30,30.0,60.0,37.5,132,73 (45min) | 72 (30min) | 56 (60min)
12086007609,9,21,5.0,45.0,30.0,194,2600 (5min) | 104 (14min) | 72 (30min)
12086007610,4,38,5.0,20.0,15.0,264,73 (20min) | 2600 (5min) | 72 (15min)
12086007704,8,17,5.0,30.0,27.857142857142858,177,2600 (5min) | 72 (30min) | 204 (11min)
12086007705,3,33,30.0,30.0,30.0,188,87 (30min) | 72 (30min) | 272 (30min)
12086007706,3,22,30.0,60.0,30.0,107,72 (30min) | 40 (30min) | 56 (60min)
12086007707,3,33,30.0,60.0,30.0,172,87 (30min) | 40 (30min) | 56 (60min)
12086007708,2,13,20.0,30.0,25.0,93,24 (20min) | 40 (30min)
12086007709,3,26,20.0,30.0,30.0,166,87 (30min) | 24 (20min) | 40 (30min)
12086007801,1,15,36.0,36.0,36.0,67,73 (36min)
12086007805,5,28,8.571428571428571,30.0,25.714285714285715,226,104 (26min) | 602 (12min) | 88 (30min)
12086007806,1,31,36.0,36.0,36.0,132,73 (36min)
12086007807,8,19,5.0,45.0,27.857142857142858,269,602 (6min) | 2600 (5min) | 601 (6min)
12086007808,10,45,5.0,30.0,19.78021978021978,453,2600 (5min) | 104 (14min) | 87 (30min)
12086007809,5,14,8.571428571428571,30.0,25.714285714285715,124,601 (9min) | 104 (26min) | 602 (12min)
12086007901,3,16,30.0,60.0,60.0,86,37 (30min) | 57 (60min) | 136 (60min)
12086007902,2,19,30.0,36.0,33.0,95,37 (30min) | 73 (36min)
12086008000,1,5,30.0,30.0,30.0,29,37 (30min)
12086008101,1,13,45.0,45.0,45.0,52,73 (45min)
12086008102,3,26,8.571428571428571,45.0,11.25,228,602 (11min) | 73 (45min) | 601 (9min)
12086008202,5,14,8.571428571428571,22.5,15.0,120,73 (22min) | 601 (9min) | 602 (11min)
12086008205,2,18,25.714285714285715,45.0,35.35714285714286,87,73 (45min) | PALPNR (26min)
12086008206,6,33,8.571428571428571,25.714285714285715,15.681818181818182,268,602 (11min) | 73 (22min) | 601 (9min)
12086008207,2,11,25.714285714285715,45.0,35.35714285714286,50,73 (45min) | PALPNR (26min)
12086008208,6,40,8.181818181818182,120.0,24.0,307,602 (11min) | 601 (8min) | 287 (18min)
12086008209,2,9,36.0,120.0,78.0,41,287 (36min) | 500 (120min)
12086008305,5,23,8.571428571428571,22.5,15.0,192,602 (11min) | 52 (16min) | 152 (15min)
12086008308,2,26,30.0,36.0,33.0,146,52 (30min) | 107 (36min)
12086008309,7,65,8.181818181818182,120.0,30.0,473,52 (30min) | 602 (11min) | 107 (30min)
12086008310,6,43,8.571428571428571,36.0,15.681818181818182,299,152 (15min) | 52 (16min) | 602 (11min)
12086008311,6,28,8.181818181818182,36.0,24.0,216,52 (30min) | 602 (11min) | 107 (36min)
12086008312,3,43,30.0,36.0,30.0,247,107 (30min) | 152 (30min) | 52 (36min)
12086008313,3,61,30.0,36.0,30.0,333,152 (30min) | 52 (36min) | 107 (30min)
12086008314,2,21,30.0,30.0,30.0,117,52 (30min) | 152 (30min)
12086008315,3,46,30.0,36.0,30.0,253,52 (30min) | 107 (36min) | 152 (30min)
12086008409,4,16,8.571428571428571,90.0,35.625,182,602 (11min) | 601 (9min) | 104 (60min)
12086008415,1,11,60.0,60.0,60.0,33,104 (60min)
12086008416,4,38,30.0,45.0,33.0,173,107 (36min) | 104 (45min) | 88 (30min)
12086008418,3,22,25.714285714285715,30.0,25.714285714285715,132,72 (26min) | 272 (26min) | 107 (30min)
12086008419,6,34,30.0,45.0,30.0,175,107 (30min) | 88 (30min) | 72 (30min)
12086008420,3,31,20.0,30.0,25.714285714285715,183,107 (30min) | 104 (26min) | 204 (20min)
12086008421,5,26,20.0,30.0,30.0,168,88 (30min) | 104 (26min) | 107 (30min)
12086008422,2,19,30.0,30.0,30.0,114,72 (30min) | 272 (30min)
12086008423,5,47,25.714285714285715,30.0,30.0,263,104 (26min) | 88 (30min) | 87 (30min)
12086008424,3,20,20.0,30.0,30.0,88,104 (30min) | 204 (20min) | 107 (30min)
12086008425,5,49,12.857142857142858,30.0,20.0,270,107 (15min) | 104 (13min) | 204 (20min)
12086008426,2,11,30.0,60.0,45.0,54,107 (30min) | 104 (60min)
12086008427,3,20,20.0,30.0,25.714285714285715,120,107 (30min) | 104 (26min) | 204 (20min)
12086008428,2,36,30.0,45.0,37.5,127,104 (45min) | 88 (30min)
12086008429,2,39,25.714285714285715,30.0,27.857142857142858,185,104 (26min) | 88 (30min)
12086008430,4,23,30.0,45.0,33.0,127,88 (30min) | 107 (36min) | 288 (30min)
12086008431,5,15,25.714285714285715,36.0,30.0,84,107 (36min) | 72 (26min) | 272 (26min)
12086008502,4,38,30.0,60.0,30.0,186,72 (30min) | 87 (30min) | 56 (60min)
12086008503,2,20,30.0,30.0,30.0,114,40 (30min) | 87 (30min)
12086008504,2,18,30.0,60.0,45.0,69,56 (60min) | 87 (30min)
12086008601,4,24,30.0,60.0,30.0,114,40 (30min) | 72 (30min) | 56 (60min)
12086008603,4,29,30.0,60.0,30.0,138,107 (30min) | 56 (60min) | 72 (30min)
12086008604,4,18,30.0,60.0,30.0,88,72 (30min) | 56 (60min) | 107 (30min)
12086008702,3,28,30.0,60.0,30.0,144,40 (30min) | 107 (30min) | 56 (60min)
12086008703,2,18,30.0,30.0,30.0,102,107 (30min) | 40 (30min)
12086008704,2,18,30.0,60.0,45.0,78,107 (30min) | 56 (60min)
12086008805,3,27,22.5,30.0,30.0,171,87 (30min) | 24 (22min) | 40 (30min)
12086008806,2,13,22.5,30.0,26.25,90,24 (22min) | 40 (30min)
12086008807,2,22,22.5,30.0,26.25,155,24 (22min) | 107 (30min)
12086008808,2,15,30.0,30.0,30.0,85,40 (30min) | 107 (30min)
12086008809,2,13,22.5,30.0,26.25,78,107 (30min) | 24 (22min)
12086008810,2,27,30.0,30.0,30.0,153,40 (30min) | 107 (30min)
12086008904,7,36,6.0,120.0,18.0,264,11 (6min) | 8 (16min) | 107 (18min)
12086008906,5,29,6.0,120.0,18.0,250,24 (12min) | 11 (6min) | 107 (18min)
12086008907,4,21,10.0,120.0,26.18181818181818,154,11 (10min) | 8 (16min) | 107 (36min)
12086008908,2,14,30.0,30.0,30.0,79,8 (30min) | 87 (30min)
12086008909,2,20,22.5,30.0,26.25,140,24 (22min) | 87 (30min)
12086008910,2,11,15.0,30.0,22.5,74,8 (15min) | 87 (30min)
12086008911,2,19,20.0,30.0,25.0,133,24 (20min) | 87 (30min)
12086009010,15,213,18.0,120.0,30.0,844,DLOOP1 (18min) | DLOOP2 (30min) | 87 (30min)
12086009014,4,56,10.588235294117647,36.0,23.18181818181818,402,11 (11min) | 87 (30min) | 7 (36min)
12086009015,5,43,10.588235294117647,120.0,30.0,382,11 (11min) | 211 (16min) | 7 (30min)
12086009020,8,65,9.0,90.0,30.0,318,11 (10min) | 8 (30min) | 211 (9min)
12086009021,6,44,30.0,120.0,37.5,140,8 (30min) | 137 (30min) | 107 (30min)
12086009022,4,20,30.0,120.0,75.0,63,8 (30min) | 137 (30min) | SWTWTA (120min)
12086009024,2,7,30.0,30.0,30.0,39,7 (30min) | 87 (30min)
12086009026,4,20,10.588235294117647,30.0,23.18181818181818,135,7 (30min) | 87 (30min) | 11 (11min)
12086009027,2,12,30.0,30.0,30.0,66,7 (30min) | 87 (30min)
12086009028,7,20,30.0,120.0,45.0,87,7 (30min) | DLOOP4 (45min) | 107 (30min)
12086009029,9,71,10.0,120.0,30.0,427,11 (10min) | 211 (15min) | 7 (30min)
12086009030,2,13,30.0,36.0,33.0,67,87 (30min) | 7 (36min)
12086009031,2,21,30.0,36.0,33.0,109,7 (36min) | 87 (30min)
12086009039,4,26,22.5,60.0,37.5,120,DLOOP1 (30min) | DLOOP3 (22min) | DLOOP4 (45min)
12086009040,8,54,10.0,36.0,24.107142857142858,283,DLOOP3 (26min) | DLOOP4 (22min) | 87 (16min)
12086009043,3,16,30.0,60.0,45.0,71,DLOOP1 (30min) | DLOOP3 (45min) | DLOOP4 (60min)
12086009044,2,10,30.0,45.0,37.5,44,DLOOP1 (30min) | DLOOP3 (45min)
12086009048,3,15,30.0,45.0,36.0,63,DLOOP3 (36min) | DLOOP4 (45min) | DLOOP1 (30min)
12086009049,2,14,30.0,45.0,37.5,68,DLOOP1 (30min) | DLOOP3 (45min)
12086009050,3,25,22.5,45.0,30.0,120,DLOOP1 (30min) | DLOOP3 (45min) | DLOOP4 (22min)
12086009051,5,35,10.588235294117647,36.0,16.363636363636363,310,11 (11min) | 87 (30min) | 8 (15min)
12086009052,4,24,10.588235294117647,120.0,23.18181818181818,223,11 (11min) | 211 (16min) | 8 (30min)
12086009053,4,23,10.588235294117647,30.0,23.18181818181818,209,11 (11min) | 211 (16min) | 87 (30min)
12086009054,8,41,10.0,120.0,33.0,302,11 (10min) | 8 (30min) | 211 (15min)
12086009055,4,21,10.588235294117647,120.0,23.18181818181818,183,11 (11min) | 211 (16min) | 8 (30min)
12086009056,4,29,22.5,60.0,40.5,130,DLOOP3 (22min) | DLOOP1 (36min) | DLOOP4 (45min)
12086009057,3,30,36.0,36.0,36.0,132,DLOOP3 (36min) | DLOOP4 (36min) | DLOOP1 (36min)
12086009058,4,19,36.0,120.0,48.0,85,DLOOP1 (36min) | DLOOP3 (36min) | DLOOP2 (60min)
12086009059,3,14,30.0,45.0,36.0,66,DLOOP1 (30min) | DLOOP4 (45min) | DLOOP3 (36min)
12086009060,2,11,30.0,45.0,37.5,56,DLOOP1 (30min) | DLOOP3 (45min)
12086009061,5,42,30.0,120.0,30.0,142,107 (30min) | 8 (30min) | 137 (30min)
12086009062,9,72,9.0,90.0,30.0,288,137 (30min) | 211 (9min) | DLOOP4 (45min)
12086009063,4,18,30.0,120.0,75.0,61,8 (30min) | 137 (30min) | SWTWTA (120min)
12086009064,6,20,30.0,120.0,37.5,67,107 (30min) | 7 (30min) | DLOOP4 (45min)
12086009065,6,44,30.0,120.0,48.0,136,36 (30min) | DLOOP2 (60min) | 87 (30min)
12086009066,7,78,16.363636363636363,120.0,36.0,315,87 (26min) | DLOOP2 (45min) | 36 (16min)
12086009101,6,34,10.588235294117647,45.0,23.18181818181818,290,11 (11min) | 7 (30min) | 73 (45min)
12086009102,9,74,11.25,120.0,30.0,363,73 (36min) | 11 (11min) | 36 (30min)
12086009200,1,1,45.0,45.0,45.0,4,37 (45min)
12086009305,2,19,22.5,30.0,26.25,103,37 (30min) | 183 (22min)
12086009312,3,43,12.0,30.0,22.5,282,75 (12min) | 183 (22min) | 37 (30min)
12086009314,2,22,36.0,45.0,40.5,90,HIAFLA (45min) | 54 (36min)
12086009315,2,8,36.0,45.0,40.5,36,54 (36min) | HIAFLA (45min)
12086009316,2,9,22.5,30.0,26.25,32,54 (30min) | HIAFLA (22min)
12086009317,2,17,22.5,60.0,41.25,113,183 (22min) | 54 (60min)
12086009318,1,2,22.5,22.5,22.5,16,183 (22min)
12086009319,1,4,22.5,22.5,22.5,32,183 (22min)
12086009320,1,9,22.5,22.5,22.5,69,183 (22min)
12086009321,1,5,30.0,30.0,30.0,24,37 (30min)
12086009322,2,12,36.0,45.0,40.5,45,HIAFLA (45min) | 54 (36min)
12086009323,3,22,22.5,45.0,36.0,111,183 (22min) | 54 (36min) | HIAFLA (45min)
12086009324,1,7,22.5,22.5,22.5,53,183 (22min)
12086009325,2,7,30.0,45.0,37.5,33,37 (30min) | HIAMAR (45min)
12086009326,3,27,22.5,45.0,36.0,142,183 (22min) | 54 (36min) | HIAFLA (45min)
12086009327,1,14,22.5,22.5,22.5,110,183 (22min)
12086009401,5,42,15.0,60.0,30.0,294,27 (15min) | 183 (22min) | 75 (30min)
12086009402,5,38,22.5,60.0,30.0,218,32 (30min) | 183 (22min) | 27 (30min)
12086009503,5,63,15.0,60.0,22.5,436,17 (22min) | 27 (15min) | 183 (22min)
12086009504,4,34,20.0,45.0,29.25,188,75 (36min) | 183 (22min) | 17 (20min)
12086009505,3,13,10.588235294117647,90.0,22.5,97,17 (22min) | 77 (11min) | NMBEACD (90min)
12086009506,4,65,10.588235294117647,90.0,21.25,492,77 (11min) | 17 (20min) | 183 (22min)
12086009601,3,15,20.0,30.0,20.0,99,77 (20min) | 17 (20min) | 199 (30min)
12086009602,4,45,10.588235294117647,90.0,21.25,295,17 (20min) | 77 (11min) | 183 (22min)
12086009703,2,10,30.0,60.0,45.0,51,199 (30min) | 95 (60min)
12086009704,9,83,9.473684210526315,90.0,30.0,504,9 (9min) | 183 (22min) | 510 (26min)
12086009705,5,65,20.0,90.0,25.714285714285715,321,510 (26min) | 9 (20min) | 183 (22min)
12086009706,4,35,20.0,60.0,24.107142857142858,170,510 (26min) | 183 (22min) | 9 (20min)
12086009803,1,10,30.0,30.0,30.0,56,199 (30min)
12086009804,1,16,15.0,15.0,15.0,98,199 (15min)
12086009806,1,19,15.0,15.0,15.0,120,199 (15min)
12086009809,1,11,30.0,30.0,30.0,61,199 (30min)
12086009810,1,11,30.0,30.0,30.0,66,199 (30min)
12086009811,1,11,30.0,30.0,30.0,66,199 (30min)
12086009812,2,18,15.0,25.714285714285715,20.357142857142858,115,199 (15min) | 510 (26min)
12086009903,5,54,15.0,60.0,22.5,364,17 (20min) | 183 (22min) | 27 (15min)
12086009904,2,9,7.826086956521739,30.0,18.91304347826087,68,27 (8min) | 199 (30min)
12086009905,3,46,12.0,22.5,20.0,338,17 (20min) | 77 (12min) | 183 (22min)
12086009906,5,67,10.588235294117647,90.0,22.5,489,77 (11min) | 17 (22min) | 183 (22min)
12086009907,1,4,30.0,30.0,30.0,24,199 (30min)
12086009908,1,12,16.363636363636363,16.363636363636363,16.363636363636363,88,199 (16min)
12086009909,1,4,18.0,18.0,18.0,25,199 (18min)
12086010010,4,38,22.5,60.0,30.0,227,183 (22min) | 27 (30min) | 32 (30min)
12086010012,2,36,25.714285714285715,30.0,27.857142857142858,209,27 (26min) | 199 (30min)
12086010013,4,27,12.0,60.0,33.0,167,183 (12min) | 32 (30min) | 95 (60min)
12086010015,2,19,18.0,30.0,24.0,95,199 (30min) | 32 (18min)
12086010016,2,15,18.0,30.0,24.0,81,199 (30min) | 32 (18min)
12086010017,6,41,12.0,60.0,30.0,247,183 (12min) | 75 (30min) | 32 (30min)
12086010018,3,24,30.0,30.0,30.0,120,75 (30min) | 32 (30min) | 37 (30min)
12086010019,3,27,18.0,30.0,30.0,149,199 (30min) | 32 (18min) | 27 (30min)
12086010020,3,29,18.0,30.0,25.714285714285715,155,199 (30min) | 32 (18min) | 27 (26min)
12086010021,5,28,22.5,60.0,30.0,163,183 (22min) | 32 (30min) | 75 (30min)
12086010022,4,39,22.5,60.0,30.0,213,32 (30min) | 183 (22min) | 75 (30min)
12086010023,2,27,30.0,30.0,30.0,154,27 (30min) | 199 (30min)
12086010024,3,54,15.0,60.0,22.5,330,27 (15min) | 183 (22min) | 95 (60min)
12086010025,2,25,7.826086956521739,30.0,18.91304347826087,202,27 (8min) | 199 (30min)
12086010026,1,8,25.714285714285715,25.714285714285715,25.714285714285715,52,27 (26min)
12086010198,1,6,16.363636363636363,16.363636363636363,16.363636363636363,38,152 (16min)
12086010201,1,1,30.0,30.0,30.0,6,137 (30min)
12086010205,3,40,16.363636363636363,45.0,30.0,232,52 (16min) | 137 (30min) | 97 (45min)
12086010207,6,52,8.181818181818182,120.0,22.5,369,52 (15min) | 601 (8min) | 602 (11min)
12086010208,3,50,15.0,36.0,30.0,280,52 (15min) | 97 (30min) | 137 (36min)
12086010209,1,2,30.0,30.0,30.0,11,137 (30min)
12086010211,2,20,18.0,30.0,24.0,115,137 (30min) | 52 (18min)
12086010212,1,8,30.0,30.0,30.0,45,137 (30min)
12086010213,6,22,11.25,120.0,25.0,156,137 (30min) | 52 (15min) | 602 (11min)
12086010214,9,41,8.181818181818182,120.0,30.0,325,52 (15min) | 601 (8min) | 602 (11min)
12086010301,2,8,10.588235294117647,60.0,35.294117647058826,47,602 (11min) | 70 (60min)
12086010400,5,26,7.826086956521739,60.0,16.363636363636363,275,602 (11min) | 601 (8min) | 70 (60min)
12086010501,9,62,8.181818181818182,120.0,30.0,509,52 (15min) | 602 (11min) | 35 (11min)
12086010502,5,41,8.181818181818182,90.0,22.5,242,35 (22min) | 70 (60min) | 602 (11min)
12086010604,3,35,36.0,120.0,60.0,114,287 (36min) | 97 (60min) | 500 (120min)
12086010608,2,19,45.0,120.0,82.5,42,97 (45min) | 500 (120min)
12086010609,10,73,7.826086956521739,120.0,18.0,495,52 (8min) | 601 (8min) | 602 (11min)
12086010610,2,24,36.0,120.0,78.0,83,287 (36min) | 500 (120min)
12086010613,2,23,36.0,120.0,78.0,71,287 (36min) | 500 (120min)
12086010618,4,19,15.0,120.0,48.0,95,52 (15min) | 287 (36min) | 70 (60min)
12086010619,2,7,36.0,120.0,78.0,19,287 (36min) | 500 (120min)
12086010620,2,11,36.0,120.0,78.0,39,287 (36min) | 500 (120min)
12086010621,3,21,22.5,90.0,60.0,107,35 (22min) | 70 (60min) | AVTYEL (90min)
12086010622,6,46,15.0,60.0,40.5,313,35 (20min) | 52 (15min) | 70 (60min)
12086010623,6,36,8.181818181818182,120.0,22.5,240,601 (8min) | 602 (11min) | 107 (30min)
12086010624,2,29,45.0,120.0,82.5,73,97 (45min) | 500 (120min)
12086010626,2,10,15.0,60.0,37.5,71,52 (15min) | 70 (60min)
12086010705,1,12,20.0,20.0,20.0,97,35 (20min)
12086010706,2,8,22.5,60.0,41.25,49,35 (22min) | HOMECR (60min)
12086010707,1,12,22.5,22.5,22.5,95,35 (22min)
12086010708,2,13,22.5,60.0,41.25,90,35 (22min) | 70 (60min)
12086010709,2,10,22.5,60.0,41.25,39,70 (60min) | 35 (22min)
12086010710,1,10,60.0,60.0,60.0,30,70 (60min)
12086010803,4,20,7.826086956521739,60.0,16.544117647058822,156,35 (22min) | 601 (8min) | 602 (11min)
12086010804,4,53,7.826086956521739,60.0,16.25,419,35 (22min) | 602 (10min) | 70 (60min)
12086010805,2,20,22.5,60.0,41.25,112,35 (22min) | 70 (60min)
12086010806,1,7,22.5,22.5,22.5,56,35 (22min)
12086010900,4,36,7.826086956521739,60.0,16.25,227,35 (22min) | 70 (60min) | 601 (8min)
12086011003,2,17,20.0,60.0,40.0,126,35 (20min) | HOMECR (60min)
12086011008,1,1,60.0,60.0,60.0,3,HOMECR (60min)
12086011009,2,8,11.25,60.0,35.625,37,HOMECR (60min) | 35 (11min)
12086011010,4,23,22.5,60.0,36.0,115,35 (22min) | HOMECR (36min) | 344 (36min)
12086011011,5,29,7.826086956521739,60.0,22.5,255,35 (22min) | 601 (8min) | 602 (10min)
12086011012,2,7,22.5,60.0,41.25,48,35 (22min) | HOMECR (60min)
12086011013,1,8,22.5,22.5,22.5,60,35 (22min)
12086011014,3,8,36.0,60.0,60.0,28,HOMECR (60min) | 344 (36min) | HOMELR (60min)
12086011015,2,8,11.25,60.0,35.625,37,HOMECR (60min) | 35 (11min)
12086011103,6,21,7.826086956521739,36.0,29.25,150,35 (22min) | 601 (8min) | 602 (10min)
12086011104,8,65,7.5,90.0,25.0,408,601 (8min) | 35 (20min) | 344 (20min)
12086011105,2,21,10.0,60.0,35.0,103,602 (10min) | 70 (60min)
12086011106,4,33,7.826086956521739,60.0,35.294117647058826,139,70 (60min) | 601 (8min) | 602 (11min)
12086011203,4,24,20.0,60.0,52.5,76,70 (60min) | HOMEDT (60min) | 35 (20min)
12086011204,2,5,60.0,60.0,60.0,14,HOMEDT (60min) | 70 (60min)
12086011205,2,15,45.0,60.0,52.5,41,70 (45min) | HOMEDT (60min)
12086011206,1,2,60.0,60.0,60.0,5,70 (60min)
12086011301,7,49,7.5,60.0,30.0,333,35 (20min) | 602 (10min) | HOMEDT (30min)
12086011302,6,54,20.0,60.0,40.5,235,35 (20min) | 70 (45min) | HOMEDT (30min)
12086011405,7,76,5.0,90.0,30.0,372,35 (13min) | 70 (30min) | 344 (36min)
12086011406,7,66,5.0,90.0,30.0,333,344 (36min) | 35 (13min) | 70 (30min)
12086011407,1,6,36.0,36.0,36.0,27,344 (36min)
12086011408,1,6,20.0,20.0,20.0,30,344 (20min)
12086011409,5,38,36.0,90.0,45.0,144,344 (36min) | HOMELR (36min) | 301 (45min)
12086011410,1,3,60.0,60.0,60.0,9,HOMELR (60min)
12086011411,2,5,60.0,60.0,60.0,15,HOMELR (60min) | HOMECR (60min)
12086011412,4,18,36.0,90.0,52.5,60,344 (36min) | 301 (45min) | 302 (90min)
12086011500,1,2,36.0,36.0,36.0,9,344 (36min)
12086011601,3,10,11.25,60.0,36.0,77,183 (11min) | 199 (36min) | 95 (60min)
12086011602,5,27,11.25,60.0,18.0,227,183 (11min) | 75 (18min) | 37 (20min)
12086011701,1,1,36.0,36.0,36.0,5,199 (36min)
12086011702,3,14,11.25,60.0,36.0,110,183 (11min) | 199 (36min) | 95 (60min)
12086011800,1,1,36.0,36.0,36.0,5,199 (36min)
12086011900,2,11,22.5,60.0,41.25,65,183 (22min) | 95 (60min)
12086012001,2,13,22.5,60.0,41.25,91,183 (22min) | 95 (60min)
12086012002,2,9,22.5,60.0,41.25,57,183 (22min) | 95 (60min)
12086012101,1,1,60.0,60.0,60.0,3,95 (60min)
12086012102,1,6,22.5,22.5,22.5,48,183 (22min)
12086012104,1,3,22.5,22.5,22.5,24,183 (22min)
12086012200,1,12,30.0,30.0,30.0,39,54 (30min)
12086012401,1,9,30.0,30.0,30.0,30,54 (30min)
12086012403,1,2,60.0,60.0,60.0,6,54 (60min)
12086012501,2,9,25.714285714285715,60.0,42.85714285714286,36,HIAMAR (26min) | HIAFLA (60min)
12086012502,1,8,36.0,36.0,36.0,31,HIAMAR (36min)
12086012601,1,3,45.0,45.0,45.0,10,HIAFLA (45min)
12086012602,2,6,36.0,60.0,48.0,25,HIAMAR (36min) | HIAFLA (60min)
12086012701,1,7,22.5,22.5,22.5,36,HIAFLA (22min)
12086012702,1,9,60.0,60.0,60.0,27,54 (60min)
12086012802,1,14,60.0,60.0,60.0,42,54 (60min)
12086012900,2,16,22.5,30.0,26.25,71,HIAFLA (22min) | 54 (30min)
12086013000,3,20,36.0,60.0,45.0,68,HIAFLA (45min) | 54 (60min) | HIAMAR (36min)
12086013100,2,7,25.714285714285715,60.0,42.85714285714286,26,HIAFLA (26min) | 54 (60min)
12086013201,3,16,25.714285714285715,60.0,36.0,56,HIAFLA (26min) | 54 (60min) | HIAMAR (36min)
12086013202,2,8,25.714285714285715,36.0,30.857142857142858,36,HIAMAR (36min) | HIAFLA (26min)
12086013301,3,10,36.0,60.0,45.0,33,HIAMAR (36min) | HIAFLA (45min) | 54 (60min)
12086013302,1,6,36.0,36.0,36.0,27,HIAMAR (36min)
12086013400,3,27,30.0,45.0,36.0,96,HIAFLA (45min) | 54 (30min) | HIAMAR (36min)
12086013500,2,25,22.5,30.0,26.25,107,HIAFLA (22min) | 54 (30min)
12086013600,4,20,30.0,60.0,45.0,85,103 (30min) | HIAFLA (45min) | HIAMAR (45min)
12086013700,3,27,20.0,25.714285714285715,22.5,127,HIAMAR (22min) | 103 (20min) | HIAFLA (26min)
12086013801,3,16,20.0,36.0,30.0,67,HIAMAR (36min) | 54 (30min) | 103 (20min)
12086013802,3,7,30.0,60.0,45.0,28,54 (60min) | 103 (30min) | HIAFLA (45min)
12086013900,3,15,20.0,36.0,30.0,64,HIAMAR (36min) | 54 (30min) | 103 (20min)
12086014100,2,2,22.5,30.0,26.25,14,836 (22min) | 837 (30min)
12086014400,5,5,22.5,120.0,36.0,21,836 (22min) | 137 (30min) | 8 (36min)
12086014500,4,17,30.0,120.0,75.0,84,137 (30min) | 8 (30min) | SWTWTA (120min)
12086014601,1,7,30.0,30.0,30.0,39,8 (30min)
12086014602,1,6,30.0,30.0,30.0,33,8 (30min)
12086014701,1,4,30.0,30.0,30.0,22,8 (30min)
12086014702,2,15,30.0,30.0,30.0,83,8 (30min) | 137 (30min)
12086014800,2,11,30.0,30.0,30.0,60,8 (30min) | 137 (30min)
12086014900,2,23,30.0,30.0,30.0,124,137 (30min) | 8 (30min)
12086015001,2,15,30.0,30.0,30.0,78,137 (30min) | 8 (30min)
12086015002,1,6,18.0,18.0,18.0,34,8 (18min)
12086015101,2,7,18.0,30.0,24.0,36,8 (18min) | 837 (30min)
12086015103,1,3,45.0,45.0,45.0,12,8 (45min)
12086015201,1,3,45.0,45.0,45.0,12,8 (45min)
12086015202,1,2,13.846153846153847,13.846153846153847,13.846153846153847,20,40 (14min)
12086015300,2,16,18.0,25.714285714285715,21.857142857142858,88,8 (18min) | 40 (26min)
12086015400,3,37,25.714285714285715,30.0,30.0,206,8 (30min) | 137 (30min) | 40 (26min)
12086015501,2,8,30.0,30.0,30.0,42,40 (30min) | 8 (30min)
12086015502,2,13,25.714285714285715,30.0,27.857142857142858,75,40 (26min) | 8 (30min)
12086015600,4,31,25.714285714285715,60.0,27.857142857142858,179,72 (26min) | 107 (30min) | 272 (26min)
12086015700,6,34,25.714285714285715,60.0,27.857142857142858,188,72 (26min) | 40 (26min) | 88 (30min)
12086015800,2,11,25.714285714285715,60.0,42.85714285714286,51,40 (26min) | 56 (60min)
12086015900,3,28,25.714285714285715,60.0,30.0,139,137 (30min) | 40 (26min) | 56 (60min)
12086016000,3,27,25.714285714285715,60.0,30.0,138,137 (30min) | 40 (26min) | 56 (60min)
12086016100,2,12,25.714285714285715,60.0,42.85714285714286,57,40 (26min) | 56 (60min)
12086016200,1,4,13.846153846153847,13.846153846153847,13.846153846153847,32,40 (14min)
12086016300,2,16,13.846153846153847,30.0,21.923076923076923,64,56 (30min) | 40 (14min)
12086016401,1,3,60.0,60.0,60.0,9,56 (60min)
12086016402,1,2,60.0,60.0,60.0,6,56 (60min)
12086016501,2,9,25.714285714285715,60.0,42.85714285714286,45,272 (26min) | 56 (60min)
12086016502,1,2,25.714285714285715,25.714285714285715,25.714285714285715,12,272 (26min)
12086016600,3,11,25.714285714285715,60.0,36.0,53,272 (26min) | 56 (60min) | 72 (36min)
12086016700,3,13,25.714285714285715,30.0,30.0,66,72 (30min) | 272 (26min) | 56 (30min)
12086016800,4,38,25.714285714285715,60.0,30.0,187,137 (30min) | 72 (30min) | 272 (26min)
12086016900,1,5,30.0,30.0,30.0,28,137 (30min)
12086017000,4,30,25.714285714285715,60.0,30.0,149,137 (30min) | 72 (30min) | 56 (60min)
12086017101,1,6,60.0,60.0,60.0,18,56 (60min)
12086017102,2,10,25.714285714285715,25.714285714285715,25.714285714285715,62,72 (26min) | 272 (26min)
12086017200,5,29,25.714285714285715,30.0,30.0,173,72 (26min) | 137 (30min) | 272 (26min)
12086017300,3,20,30.0,30.0,30.0,118,88 (30min) | 137 (30min) | 288 (30min)
12086017401,3,20,25.714285714285715,30.0,30.0,115,137 (30min) | 72 (30min) | 272 (26min)
12086017402,5,31,25.714285714285715,36.0,30.0,174,88 (30min) | 137 (30min) | 72 (30min)
12086017500,2,14,25.714285714285715,30.0,27.857142857142858,79,72 (30min) | 272 (26min)
12086017600,3,19,30.0,36.0,30.0,102,88 (30min) | 288 (36min) | 72 (30min)
12086017700,3,23,30.0,30.0,30.0,127,72 (30min) | 88 (30min) | 288 (30min)
12086017800,3,17,25.714285714285715,30.0,30.0,97,72 (30min) | 272 (26min) | 288 (30min)
12086017901,5,16,22.5,60.0,30.0,88,272 (22min) | 72 (30min) | 88 (30min)
12086017902,5,30,22.5,60.0,30.0,173,272 (22min) | 72 (30min) | 288 (30min)
12086018001,2,12,20.0,45.0,32.5,62,204 (20min) | 104 (45min)
12086018002,2,19,20.0,60.0,40.0,99,204 (20min) | 104 (60min)
12086018003,6,32,12.0,16.363636363636363,15.104895104895105,201,104 (14min) | 204 (12min) | 272 (14min)
12086018100,4,33,20.0,36.0,26.25,196,104 (22min) | 204 (20min) | 88 (30min)
12086018200,2,18,20.0,45.0,32.5,97,204 (20min) | 104 (45min)
12086018300,5,21,20.0,45.0,30.0,102,88 (30min) | 104 (45min) | 204 (20min)
12086018400,2,4,20.0,45.0,32.5,22,204 (20min) | 104 (45min)
12086018500,2,15,20.0,22.5,21.25,111,104 (22min) | 204 (20min)
12086018601,2,10,22.5,22.5,22.5,75,104 (22min) | 204 (22min)
12086018602,2,10,30.0,36.0,33.0,53,88 (30min) | 288 (36min)
12086018700,2,10,22.5,22.5,22.5,75,104 (22min) | 204 (22min)
12086018801,3,17,20.0,30.0,22.5,116,104 (22min) | 137 (30min) | 204 (20min)
12086018802,3,19,30.0,36.0,30.0,108,137 (30min) | 88 (30min) | 288 (36min)
12086018803,3,14,20.0,30.0,22.5,98,104 (22min) | 204 (20min) | 137 (30min)
12086018901,3,15,20.0,30.0,25.714285714285715,102,137 (30min) | 204 (20min) | 104 (26min)
12086018902,2,10,20.0,25.714285714285715,22.857142857142858,74,104 (26min) | 204 (20min)
12086019000,5,40,20.0,30.0,30.0,258,88 (30min) | 137 (30min) | 104 (26min)
12086019100,4,20,20.0,30.0,27.857142857142858,136,204 (20min) | 88 (30min) | 104 (26min)
12086019200,2,10,20.0,25.714285714285715,22.857142857142858,76,204 (20min) | 104 (26min)
12086019301,1,3,30.0,30.0,30.0,18,107 (30min)
12086019302,1,12,30.0,30.0,30.0,72,152 (30min)
12086019401,2,16,25.714285714285715,30.0,27.857142857142858,92,137 (30min) | 152 (26min)
12086019402,1,8,30.0,30.0,30.0,48,137 (30min)
12086019501,2,18,25.714285714285715,30.0,27.857142857142858,110,152 (26min) | 137 (30min)
12086019502,2,6,25.714285714285715,30.0,27.857142857142858,36,137 (30min) | 152 (26min)
12086019600,1,1,16.363636363636363,16.363636363636363,16.363636363636363,11,152 (16min)
12086019700,2,5,16.363636363636363,30.0,23.18181818181818,32,152 (16min) | 137 (30min)
12086019802,1,11,30.0,30.0,30.0,61,137 (30min)
12086019901,1,11,30.0,30.0,30.0,61,137 (30min)
12086019902,1,8,30.0,30.0,30.0,44,137 (30min)
12086020001,1,15,30.0,30.0,30.0,83,137 (30min)
12086020002,2,12,30.0,36.0,33.0,65,137 (30min) | 152 (36min)
12086020100,2,13,25.714285714285715,30.0,27.857142857142858,70,137 (30min) | 152 (26min)
12086020200,3,37,18.0,30.0,25.714285714285715,224,152 (26min) | 137 (30min) | 52 (18min)
12086020300,1,5,16.363636363636363,16.363636363636363,16.363636363636363,42,52 (16min)
12086490100,4,44,15.0,45.0,23.18181818181818,331,7 (16min) | 37 (15min) | MIAFLAG (30min)
12086980200,1,8,30.0,30.0,30.0,48,137 (30min)
12086980300,3,23,5.142857142857143,30.0,30.0,139,2600 (5min) | 57 (30min) | 56 (30min)
12086980400,1,17,10.588235294117647,10.588235294117647,10.588235294117647,270,26 (11min)
12086980500,16,139,1.7475728155339805,120.0,19.43181818181818,866,MIA (2min) | 36 (15min) | 7 (16min)
12086980700,2,15,20.0,60.0,40.0,116,35 (20min) | HOMECR (60min)
12086980800,3,13,36.0,45.0,45.0,52,42 (45min) | 32 (36min) | 37 (45min)
12086981000,9,52,9.0,30.0,25.714285714285715,454,100 (9min) | 14 (26min) | 101 (30min)
12086981100,1,8,36.0,36.0,36.0,28,HIAMAR (36min)
