GEOID,NAME,hh_no_vehicle_pct,hh_1_vehicle_pct,hh_2_vehicles_pct,hh_3plus_vehicles_pct,owner_occupied_pct,renter_occupied_pct,median_gross_rent,rent_burden_30pct_plus,rent_burden_50pct_plus,total_housing_units,occupied_units_pct,vacant_units_pct
12086000107,Census Tract 1.07; Miami-Dade County; Florida,18.9,48.5,23.9,8.6,37.1,62.9,2094,6.6,67.9,2509,55.8,44.2
12086000109,Census Tract 1.09; Miami-Dade County; Florida,7.0,51.8,35.9,5.3,22.2,77.8,1712,14.5,51.8,1788,82.6,17.4
12086000115,Census Tract 1.15; Miami-Dade County; Florida,10.5,45.2,25.4,19.0,67.2,32.8,2139,0.0,52.5,2351,32.0,68.0
12086000118,Census Tract 1.18; Miami-Dade County; Florida,14.5,58.2,22.3,5.0,80.0,20.0,2750,0.0,46.8,1757,24.0,76.0
12086000120,Census Tract 1.20; Miami-Dade County; Florida,9.6,45.6,33.9,11.0,74.2,25.8,1748,5.8,62.4,2101,91.4,8.6
12086000121,Census Tract 1.21; Miami-Dade County; Florida,1.9,63.1,30.9,4.1,67.8,32.2,2242,2.9,65.9,1546,56.6,43.4
12086000122,Census Tract 1.22; Miami-Dade County; Florida,7.0,51.8,31.8,9.4,74.1,25.9,2281,0.0,55.8,2936,61.0,39.0
12086000123,Census Tract 1.23; Miami-Dade County; Florida,3.7,61.1,29.7,5.6,70.0,30.0,1683,22.1,50.8,4012,47.8,52.2
12086000124,Census Tract 1.24; Miami-Dade County; Florida,12.5,66.9,17.1,3.4,32.1,67.9,1482,11.3,53.4,1378,89.1,10.9
12086000125,Census Tract 1.25; Miami-Dade County; Florida,11.1,58.9,27.9,2.1,52.2,47.8,2528,3.7,67.7,2873,65.2,34.8
12086000126,Census Tract 1.26; Miami-Dade County; Florida,15.6,67.3,13.1,3.9,51.4,48.6,1447,7.1,61.8,1940,53.8,46.2
12086000127,Census Tract 1.27; Miami-Dade County; Florida,7.6,60.5,28.3,3.5,76.2,23.8,1710,13.2,42.0,1905,80.7,19.3
12086000128,Census Tract 1.28; Miami-Dade County; Florida,6.6,56.8,31.9,4.7,54.5,45.5,2104,18.1,46.8,2702,71.0,29.0
12086000129,Census Tract 1.29; Miami-Dade County; Florida,5.9,49.2,38.0,6.8,82.9,17.1,3501,0.0,75.2,2033,48.2,51.8
12086000130,Census Tract 1.30; Miami-Dade County; Florida,3.7,58.1,36.5,1.7,73.3,26.7,2669,13.4,46.6,2972,51.3,48.7
12086000131,Census Tract 1.31; Miami-Dade County; Florida,2.6,60.3,28.5,8.6,59.3,40.7,2568,5.4,61.6,3015,66.4,33.6
12086000132,Census Tract 1.32; Miami-Dade County; Florida,14.5,58.9,20.2,6.4,66.3,33.7,2191,11.7,52.6,3593,79.2,20.8
12086000134,Census Tract 1.34; Miami-Dade County; Florida,12.7,56.7,23.4,7.2,58.3,41.7,1705,13.1,63.8,1931,70.3,29.7
12086000140,Census Tract 1.40; Miami-Dade County; Florida,3.8,73.7,21.7,0.8,23.1,76.9,1868,9.7,47.2,2010,77.0,23.0
12086000141,Census Tract 1.41; Miami-Dade County; Florida,3.8,44.2,47.1,4.9,28.7,71.3,2694,16.6,45.0,1315,66.6,33.4
12086000142,Census Tract 1.42; Miami-Dade County; Florida,9.7,48.3,39.1,2.9,65.0,35.0,3105,0.0,78.1,3984,53.9,46.1
12086000143,Census Tract 1.43; Miami-Dade County; Florida,15.3,47.2,34.4,3.2,57.9,42.1,2169,1.8,57.1,2143,74.0,26.0
12086000144,Census Tract 1.44; Miami-Dade County; Florida,3.2,62.5,34.3,0.0,42.0,58.0,3101,8.5,57.4,845,63.1,36.9
12086000145,Census Tract 1.45; Miami-Dade County; Florida,1.7,17.6,67.3,13.3,91.9,8.1,1176,8.3,20.8,1024,86.3,13.7
12086000146,Census Tract 1.46; Miami-Dade County; Florida,1.3,50.7,33.6,14.5,66.8,33.2,2740,3.8,62.9,2649,65.7,34.3
12086000204,Census Tract 2.04; Miami-Dade County; Florida,5.5,22.7,42.4,29.4,75.4,24.6,1606,0.0,65.0,1279,93.0,7.0
12086000206,Census Tract 2.06; Miami-Dade County; Florida,14.5,37.4,37.5,10.6,54.0,46.0,1528,9.5,72.4,2108,93.1,6.9
12086000211,Census Tract 2.11; Miami-Dade County; Florida,10.0,32.3,31.6,26.1,56.9,43.1,2082,4.5,77.8,1121,84.1,15.9
12086000212,Census Tract 2.12; Miami-Dade County; Florida,15.0,52.0,23.6,9.4,14.9,85.1,1347,3.7,55.5,2232,86.7,13.3
12086000213,Census Tract 2.13; Miami-Dade County; Florida,7.2,50.5,24.8,17.4,50.2,49.8,1728,11.2,48.1,1804,91.9,8.1
12086000215,Census Tract 2.15; Miami-Dade County; Florida,10.4,42.6,24.2,22.8,43.1,56.9,1648,8.1,73.4,1756,96.0,4.0
12086000216,Census Tract 2.16; Miami-Dade County; Florida,12.7,28.3,40.6,18.4,70.2,29.8,1740,9.8,69.6,1357,93.5,6.5
12086000218,Census Tract 2.18; Miami-Dade County; Florida,9.0,48.1,30.3,12.7,68.1,31.9,1346,8.7,61.3,1031,94.9,5.1
12086000219,Census Tract 2.19; Miami-Dade County; Florida,11.7,51.1,32.0,5.2,16.4,83.6,1394,5.3,58.4,1742,87.5,12.5
12086000220,Census Tract 2.20; Miami-Dade County; Florida,6.4,56.0,23.0,14.5,31.6,68.4,1519,1.3,90.1,1802,94.1,5.9
12086000221,Census Tract 2.21; Miami-Dade County; Florida,0.0,51.3,33.6,15.1,51.4,48.6,1768,12.2,56.6,710,87.6,12.4
12086000222,Census Tract 2.22; Miami-Dade County; Florida,6.2,36.2,40.3,17.3,72.2,27.8,1431,37.8,49.5,1506,91.6,8.4
12086000223,Census Tract 2.23; Miami-Dade County; Florida,5.4,42.9,33.9,17.9,40.4,59.6,1661,0.0,94.1,1100,93.2,6.8
12086000224,Census Tract 2.24; Miami-Dade County; Florida,20.9,41.6,27.8,9.7,9.9,90.1,1479,2.3,63.1,1880,98.0,2.0
12086000225,Census Tract 2.25; Miami-Dade County; Florida,6.1,70.6,21.9,1.5,18.7,81.3,1490,1.0,59.3,2123,90.3,9.7
12086000226,Census Tract 2.26; Miami-Dade County; Florida,18.9,48.9,28.6,3.6,91.7,8.3,2644,0.0,84.4,1061,73.8,26.2
12086000227,Census Tract 2.27; Miami-Dade County; Florida,21.2,31.3,26.8,20.7,53.0,47.0,1342,9.7,55.4,876,97.5,2.5
12086000228,Census Tract 2.28; Miami-Dade County; Florida,4.1,51.7,28.8,15.5,31.0,69.0,1523,7.9,68.6,1133,95.7,4.3
12086000302,Census Tract 3.02; Miami-Dade County; Florida,4.9,21.5,46.4,27.2,84.8,15.2,2608,0.0,96.8,729,84.8,15.2
12086000306,Census Tract 3.06; Miami-Dade County; Florida,17.6,47.1,17.6,17.8,26.6,73.4,1396,6.9,59.7,1988,88.2,11.8
12086000307,Census Tract 3.07; Miami-Dade County; Florida,7.2,32.5,42.8,17.5,78.9,21.1,1782,0.0,82.8,1207,95.6,4.4
12086000308,Census Tract 3.08; Miami-Dade County; Florida,4.5,21.5,44.8,29.2,87.2,12.8,2038,0.0,48.5,1356,93.1,6.9
12086000309,Census Tract 3.09; Miami-Dade County; Florida,9.4,42.3,38.5,9.7,22.5,77.5,1485,6.3,54.6,1252,90.2,9.8
12086000310,Census Tract 3.10; Miami-Dade County; Florida,15.5,34.9,43.1,6.4,61.2,38.8,1641,0.0,87.3,1352,94.5,5.5
12086000311,Census Tract 3.11; Miami-Dade County; Florida,4.3,42.4,20.6,32.6,68.8,31.2,1409,0.0,100.0,1323,95.7,4.3
12086000312,Census Tract 3.12; Miami-Dade County; Florida,16.3,42.1,27.9,13.6,31.9,68.1,1407,0.0,82.0,1412,87.2,12.8
12086000402,Census Tract 4.02; Miami-Dade County; Florida,5.1,37.2,36.8,20.9,60.8,39.2,2051,0.0,70.8,1338,94.9,5.1
12086000405,Census Tract 4.05; Miami-Dade County; Florida,8.4,31.1,45.3,15.1,85.5,14.5,1612,16.6,55.8,1139,98.9,1.1
12086000408,Census Tract 4.08; Miami-Dade County; Florida,20.9,40.0,27.6,11.6,37.5,62.5,1216,10.6,52.2,1973,93.8,6.2
12086000409,Census Tract 4.09; Miami-Dade County; Florida,6.4,38.0,36.1,19.6,50.9,49.1,1711,4.0,61.8,1270,95.0,5.0
12086000410,Census Tract 4.10; Miami-Dade County; Florida,0.0,17.7,49.7,32.5,85.4,14.6,1884,0.0,48.6,1229,96.5,3.5
12086000411,Census Tract 4.11; Miami-Dade County; Florida,14.0,50.3,21.9,13.8,36.5,63.5,1564,10.0,53.0,2151,96.8,3.2
12086000413,Census Tract 4.13; Miami-Dade County; Florida,4.0,50.9,16.7,28.5,71.8,28.2,-666666666,7.5,21.3,1534,95.6,4.4
12086000414,Census Tract 4.14; Miami-Dade County; Florida,9.8,62.5,15.7,12.0,29.5,70.5,1349,15.5,53.2,2087,90.2,9.8
12086000415,Census Tract 4.15; Miami-Dade County; Florida,10.9,21.4,54.5,13.2,79.6,20.4,1452,0.0,69.4,740,95.4,4.6
12086000416,Census Tract 4.16; Miami-Dade County; Florida,29.3,24.8,32.5,13.5,45.0,55.0,-666666666,6.2,46.5,1905,92.7,7.3
12086000417,Census Tract 4.17; Miami-Dade County; Florida,20.9,50.2,24.4,4.5,33.3,66.7,1263,2.0,58.9,1788,93.5,6.5
12086000418,Census Tract 4.18; Miami-Dade County; Florida,12.6,25.8,44.6,17.0,57.8,42.2,1336,0.0,84.2,962,96.7,3.3
12086000419,Census Tract 4.19; Miami-Dade County; Florida,12.1,37.1,16.7,34.1,55.3,44.7,1296,3.1,60.8,1074,95.5,4.5
12086000420,Census Tract 4.20; Miami-Dade County; Florida,13.7,29.5,30.5,26.2,94.7,5.3,-666666666,0.0,70.0,988,95.2,4.8
12086000504,Census Tract 5.04; Miami-Dade County; Florida,9.9,43.7,24.7,21.7,61.0,39.0,1058,5.8,58.7,1698,95.1,4.9
12086000505,Census Tract 5.05; Miami-Dade County; Florida,10.5,28.4,39.7,21.4,38.3,61.7,1501,11.4,41.3,1913,98.2,1.8
12086000506,Census Tract 5.06; Miami-Dade County; Florida,7.7,25.0,54.1,13.1,80.8,19.2,2831,24.5,75.5,743,97.3,2.7
12086000507,Census Tract 5.07; Miami-Dade County; Florida,7.8,18.2,43.4,30.6,42.1,57.9,1543,14.1,42.0,1257,95.3,4.7
12086000508,Census Tract 5.08; Miami-Dade County; Florida,21.0,48.4,29.9,0.6,2.2,97.8,1307,16.0,64.9,1412,95.6,4.4
12086000509,Census Tract 5.09; Miami-Dade County; Florida,11.1,22.9,42.7,23.3,53.8,46.2,1195,0.0,61.8,1114,89.5,10.5
12086000601,Census Tract 6.01; Miami-Dade County; Florida,5.1,26.8,38.5,29.6,71.9,28.1,2018,31.0,39.4,1273,95.7,4.3
12086000602,Census Tract 6.02; Miami-Dade County; Florida,3.2,32.3,31.1,33.4,81.5,18.5,1578,6.2,30.0,1753,96.1,3.9
12086000603,Census Tract 6.03; Miami-Dade County; Florida,4.9,22.7,51.3,21.2,59.1,40.9,1827,2.8,43.3,1595,95.6,4.4
12086000605,Census Tract 6.05; Miami-Dade County; Florida,10.0,21.3,27.0,41.8,85.3,14.7,2060,0.0,45.8,1424,97.1,2.9
12086000607,Census Tract 6.07; Miami-Dade County; Florida,9.7,34.8,38.0,17.5,58.8,41.2,1557,1.8,62.0,1582,98.5,1.5
12086000609,Census Tract 6.09; Miami-Dade County; Florida,12.8,45.5,24.6,17.1,25.0,75.0,1089,19.2,37.1,1348,97.3,2.7
12086000610,Census Tract 6.10; Miami-Dade County; Florida,6.0,27.9,29.3,36.7,53.0,47.0,1493,32.3,32.0,958,96.0,4.0
12086000611,Census Tract 6.11; Miami-Dade County; Florida,10.8,24.1,28.6,36.6,56.6,43.4,1589,0.0,78.1,833,93.3,6.7
12086000612,Census Tract 6.12; Miami-Dade County; Florida,7.1,22.3,41.7,28.8,72.7,27.3,1449,4.3,68.8,957,96.9,3.1
12086000705,Census Tract 7.05; Miami-Dade County; Florida,15.6,49.8,27.7,6.8,32.0,68.0,1419,19.4,38.0,2190,98.2,1.8
12086000710,Census Tract 7.10; Miami-Dade County; Florida,14.5,44.9,32.0,8.5,9.0,91.0,1309,14.9,48.7,2003,95.8,4.2
12086000711,Census Tract 7.11; Miami-Dade County; Florida,11.8,53.7,25.1,9.4,27.6,72.4,1417,15.1,56.7,2113,98.2,1.8
12086000712,Census Tract 7.12; Miami-Dade County; Florida,5.0,36.9,46.6,11.5,27.4,72.6,1452,6.1,76.2,883,97.5,2.5
12086000713,Census Tract 7.13; Miami-Dade County; Florida,23.8,48.1,13.1,15.1,28.1,71.9,1600,5.4,66.1,1481,97.8,2.2
12086000714,Census Tract 7.14; Miami-Dade County; Florida,5.8,33.4,45.9,14.9,37.5,62.5,1708,4.0,57.4,1644,100.0,0.0
12086000715,Census Tract 7.15; Miami-Dade County; Florida,8.9,26.2,41.0,23.9,62.5,37.5,1834,15.4,53.6,1109,95.2,4.8
12086000716,Census Tract 7.16; Miami-Dade County; Florida,7.9,36.6,28.4,27.1,78.4,21.6,1854,22.0,39.9,860,100.0,0.0
12086000717,Census Tract 7.17; Miami-Dade County; Florida,11.8,24.3,31.9,31.9,80.4,19.6,1727,0.0,57.7,887,98.2,1.8
12086000718,Census Tract 7.18; Miami-Dade County; Florida,16.9,25.6,47.4,10.1,46.7,53.3,1771,13.9,70.8,1384,94.6,5.4
12086000719,Census Tract 7.19; Miami-Dade County; Florida,19.0,30.9,44.8,5.3,53.2,46.8,1658,7.1,75.0,453,100.0,0.0
12086000720,Census Tract 7.20; Miami-Dade County; Florida,18.7,32.4,26.2,22.7,39.7,60.3,1435,6.1,70.7,1317,95.6,4.4
12086000804,Census Tract 8.04; Miami-Dade County; Florida,8.3,27.8,35.3,28.6,36.2,63.8,1863,15.6,49.3,1548,97.1,2.9
12086000805,Census Tract 8.05; Miami-Dade County; Florida,3.0,32.5,46.1,18.3,56.2,43.8,1675,11.5,60.8,1694,98.9,1.1
12086000806,Census Tract 8.06; Miami-Dade County; Florida,21.8,44.1,25.4,8.8,24.9,75.1,1329,29.7,49.8,1639,96.4,3.6
12086000807,Census Tract 8.07; Miami-Dade County; Florida,15.3,36.5,31.2,17.1,12.5,87.5,1242,12.8,56.4,1650,98.4,1.6
12086000808,Census Tract 8.08; Miami-Dade County; Florida,9.9,47.6,28.0,14.5,30.8,69.2,1331,6.5,58.5,1516,95.3,4.7
12086000903,Census Tract 9.03; Miami-Dade County; Florida,9.0,51.5,29.6,9.8,47.1,52.9,1062,0.0,66.7,1292,95.0,5.0
12086000904,Census Tract 9.04; Miami-Dade County; Florida,5.5,43.2,29.5,21.8,76.5,23.5,1474,20.7,64.4,789,97.1,2.9
12086000905,Census Tract 9.05; Miami-Dade County; Florida,0.0,41.5,34.3,24.2,67.8,32.2,1395,0.0,69.9,1221,93.1,6.9
12086000906,Census Tract 9.06; Miami-Dade County; Florida,2.5,21.3,44.6,31.5,65.9,34.1,2484,0.0,24.6,558,100.0,0.0
12086000907,Census Tract 9.07; Miami-Dade County; Florida,0.0,14.7,45.6,39.7,63.5,36.5,2288,10.5,39.3,532,98.5,1.5
12086000908,Census Tract 9.08; Miami-Dade County; Florida,3.5,18.5,16.9,61.1,79.1,20.9,1582,0.0,62.4,949,100.0,0.0
12086001003,Census Tract 10.03; Miami-Dade County; Florida,5.3,27.5,43.1,24.1,66.1,33.9,1642,9.8,38.8,2129,96.1,3.9
12086001004,Census Tract 10.04; Miami-Dade County; Florida,24.8,41.0,18.2,16.0,21.1,78.9,1324,14.7,40.1,2854,88.0,12.0
12086001005,Census Tract 10.05; Miami-Dade County; Florida,34.3,40.7,21.4,3.5,29.7,70.3,-666666666,15.4,45.3,912,83.4,16.6
12086001006,Census Tract 10.06; Miami-Dade County; Florida,32.2,41.6,20.7,5.5,37.0,63.0,942,4.7,48.7,1818,90.5,9.5
12086001007,Census Tract 10.07; Miami-Dade County; Florida,6.6,33.0,41.5,18.9,71.3,28.7,1671,21.5,51.9,1055,91.7,8.3
12086001008,Census Tract 10.08; Miami-Dade County; Florida,7.6,52.5,27.9,12.0,44.9,55.1,-666666666,5.3,59.2,1231,96.5,3.5
12086001101,Census Tract 11.01; Miami-Dade County; Florida,3.2,24.7,42.4,29.7,68.0,32.0,1577,0.0,64.1,1484,93.4,6.6
12086001102,Census Tract 11.02; Miami-Dade County; Florida,5.7,17.3,44.7,32.2,83.5,16.5,1791,0.0,38.1,1301,97.6,2.4
12086001103,Census Tract 11.03; Miami-Dade County; Florida,6.3,24.9,48.5,20.4,50.0,50.0,1463,11.8,41.3,1625,88.6,11.4
12086001104,Census Tract 11.04; Miami-Dade County; Florida,3.2,31.4,45.3,20.1,93.4,6.6,2342,0.0,54.4,1791,96.6,3.4
12086001204,Census Tract 12.04; Miami-Dade County; Florida,8.4,52.5,33.5,5.6,51.7,48.3,1794,4.6,70.9,2817,88.1,11.9
12086001205,Census Tract 12.05; Miami-Dade County; Florida,9.8,41.6,36.3,12.4,72.1,27.9,1778,7.6,40.8,1109,79.5,20.5
12086001206,Census Tract 12.06; Miami-Dade County; Florida,3.9,43.1,41.9,11.1,74.9,25.1,1486,3.5,60.3,2231,79.5,20.5
12086001207,Census Tract 12.07; Miami-Dade County; Florida,0.0,37.6,44.8,17.6,72.1,27.9,1829,9.0,69.0,618,94.7,5.3
12086001208,Census Tract 12.08; Miami-Dade County; Florida,9.2,51.4,38.6,0.9,19.2,80.8,1673,1.4,46.2,1420,93.7,6.3
12086001209,Census Tract 12.09; Miami-Dade County; Florida,14.9,46.2,34.9,4.0,26.5,73.5,1718,7.7,44.2,1470,87.4,12.6
12086001301,Census Tract 13.01; Miami-Dade County; Florida,21.5,39.6,30.3,8.6,30.0,70.0,1925,14.0,56.1,2904,91.9,8.1
12086001302,Census Tract 13.02; Miami-Dade County; Florida,10.5,44.9,26.2,18.4,51.9,48.1,1814,3.1,49.5,3427,86.3,13.7
12086001401,Census Tract 14.01; Miami-Dade County; Florida,28.0,49.4,16.6,6.0,13.8,86.2,1204,4.0,59.5,2402,88.8,11.2
12086001402,Census Tract 14.02; Miami-Dade County; Florida,21.4,58.6,13.9,6.0,20.1,79.9,1193,3.9,57.8,2501,89.9,10.1
12086001501,Census Tract 15.01; Miami-Dade County; Florida,48.5,25.5,17.6,8.5,29.9,70.1,576,4.3,42.6,1287,80.8,19.2
12086001502,Census Tract 15.02; Miami-Dade County; Florida,17.5,48.4,14.9,19.2,33.3,66.7,1062,0.3,59.9,1586,84.6,15.4
12086001603,Census Tract 16.03; Miami-Dade County; Florida,14.7,27.2,34.4,23.7,67.2,32.8,1786,2.6,24.2,1170,95.0,5.0
12086001605,Census Tract 16.05; Miami-Dade County; Florida,30.3,44.1,18.6,7.0,8.4,91.6,1094,9.6,46.3,1899,92.3,7.7
12086001606,Census Tract 16.06; Miami-Dade County; Florida,18.7,40.7,28.1,12.4,6.7,93.3,1214,13.8,42.8,1727,97.7,2.3
12086001607,Census Tract 16.07; Miami-Dade County; Florida,9.5,22.1,47.2,21.2,66.5,33.5,1286,6.0,47.4,1170,98.2,1.8
12086001608,Census Tract 16.08; Miami-Dade County; Florida,12.8,27.1,25.4,34.7,70.3,29.7,1663,10.2,51.9,950,97.6,2.4
12086001701,Census Tract 17.01; Miami-Dade County; Florida,8.1,39.7,32.8,19.3,43.1,56.9,1237,7.2,52.7,1820,94.7,5.3
12086001702,Census Tract 17.02; Miami-Dade County; Florida,10.8,52.1,19.8,17.3,33.9,66.1,1376,2.8,74.4,1485,89.9,10.1
12086001704,Census Tract 17.04; Miami-Dade County; Florida,17.7,39.4,24.6,18.2,49.8,50.2,1315,3.5,44.8,861,88.6,11.4
12086001705,Census Tract 17.05; Miami-Dade County; Florida,6.1,37.1,48.7,8.1,8.4,91.6,1399,6.0,40.9,731,94.7,5.3
12086001801,Census Tract 18.01; Miami-Dade County; Florida,20.8,32.9,28.1,18.2,46.8,53.2,1208,8.2,52.8,1885,89.6,10.4
12086001802,Census Tract 18.02; Miami-Dade County; Florida,13.0,46.8,31.0,9.1,40.4,59.6,1715,2.2,63.9,1644,96.1,3.9
12086001803,Census Tract 18.03; Miami-Dade County; Florida,31.1,55.6,3.3,9.9,15.2,84.8,527,29.3,39.1,1710,80.6,19.4
12086001901,Census Tract 19.01; Miami-Dade County; Florida,25.5,56.3,14.1,4.1,18.8,81.2,1201,7.4,54.6,2390,84.7,15.3
12086001903,Census Tract 19.03; Miami-Dade County; Florida,33.7,47.8,15.5,3.0,16.9,83.1,1193,11.7,50.9,1567,82.1,17.9
12086001904,Census Tract 19.04; Miami-Dade County; Florida,19.7,52.6,17.0,10.7,23.4,76.6,1529,11.3,71.0,1852,86.2,13.8
12086002001,Census Tract 20.01; Miami-Dade County; Florida,31.4,51.6,13.0,4.0,11.0,89.0,731,8.5,54.7,1573,83.0,17.0
12086002003,Census Tract 20.03; Miami-Dade County; Florida,29.9,53.5,13.0,3.5,16.1,83.9,1246,10.7,66.0,1495,86.7,13.3
12086002004,Census Tract 20.04; Miami-Dade County; Florida,31.7,45.7,7.4,15.2,17.6,82.4,1288,7.5,66.3,1186,88.1,11.9
12086002100,Census Tract 21; Miami-Dade County; Florida,10.0,53.5,21.1,15.4,52.1,47.9,2142,16.6,42.7,1569,75.8,24.2
12086002201,Census Tract 22.01; Miami-Dade County; Florida,5.0,48.4,41.3,5.3,29.6,70.4,2018,11.8,59.2,1263,90.8,9.2
12086002202,Census Tract 22.02; Miami-Dade County; Florida,11.5,31.7,50.2,6.7,55.1,44.9,1639,13.5,46.0,2028,77.7,22.3
12086002300,Census Tract 23; Miami-Dade County; Florida,26.0,30.0,32.9,11.0,53.1,46.9,1565,9.2,59.7,2150,84.3,15.7
12086002402,Census Tract 24.02; Miami-Dade County; Florida,14.8,48.7,24.1,12.4,34.9,65.1,1339,10.7,58.5,1989,94.6,5.4
12086002403,Census Tract 24.03; Miami-Dade County; Florida,20.9,27.2,27.7,24.2,23.4,76.6,1536,13.7,48.8,1410,97.9,2.1
12086002404,Census Tract 24.04; Miami-Dade County; Florida,26.1,53.6,16.8,3.5,12.1,87.9,1170,6.3,62.1,2553,91.3,8.7
12086002501,Census Tract 25.01; Miami-Dade County; Florida,15.1,48.4,28.1,8.4,24.5,75.5,1343,6.4,72.4,2017,95.5,4.5
12086002502,Census Tract 25.02; Miami-Dade County; Florida,29.2,34.2,30.7,5.9,31.9,68.1,1321,12.9,71.6,1209,93.1,6.9
12086002600,Census Tract 26; Miami-Dade County; Florida,17.9,57.3,22.9,1.9,20.7,79.3,2081,4.9,51.9,3553,75.7,24.3
12086002702,Census Tract 27.02; Miami-Dade County; Florida,15.4,57.9,24.8,1.9,4.4,95.6,2519,12.6,51.7,3313,82.9,17.1
12086002705,Census Tract 27.05; Miami-Dade County; Florida,19.9,41.8,32.7,5.5,24.2,75.8,2801,22.9,43.2,2895,79.3,20.7
12086002707,Census Tract 27.07; Miami-Dade County; Florida,2.6,80.2,17.2,0.0,42.3,57.7,2723,7.5,57.1,1809,81.1,18.9
12086002708,Census Tract 27.08; Miami-Dade County; Florida,2.1,65.7,31.5,0.7,17.4,82.6,2246,12.2,29.2,1827,93.1,6.9
12086002709,Census Tract 27.09; Miami-Dade County; Florida,8.5,74.4,14.5,2.5,49.3,50.7,2325,7.7,39.1,3666,74.1,25.9
12086002710,Census Tract 27.10; Miami-Dade County; Florida,7.8,59.8,26.6,5.9,54.6,45.4,2422,2.2,37.2,1640,69.8,30.2
12086002800,Census Tract 28; Miami-Dade County; Florida,26.7,65.6,6.2,1.6,2.9,97.1,1783,4.4,63.4,636,80.8,19.2
12086002900,Census Tract 29; Miami-Dade County; Florida,23.4,38.1,27.5,11.1,22.9,77.1,1391,3.6,62.9,1639,95.2,4.8
12086003001,Census Tract 30.01; Miami-Dade County; Florida,35.0,43.3,16.4,5.3,19.1,80.9,1161,15.5,57.3,1712,84.2,15.8
12086003004,Census Tract 30.04; Miami-Dade County; Florida,26.5,53.7,18.4,1.3,6.0,94.0,1363,16.6,54.8,2633,93.8,6.2
12086003005,Census Tract 30.05; Miami-Dade County; Florida,18.0,57.9,20.5,3.7,18.4,81.6,1303,0.0,81.8,742,96.0,4.0
12086003006,Census Tract 30.06; Miami-Dade County; Florida,21.7,36.8,25.8,15.7,18.1,81.9,1459,2.9,57.3,1817,95.9,4.1
12086003100,Census Tract 31; Miami-Dade County; Florida,25.3,32.3,15.5,26.9,15.3,84.7,990,11.1,32.4,2066,89.4,10.6
12086003400,Census Tract 34; Miami-Dade County; Florida,44.7,38.2,12.9,4.3,0.0,100.0,1320,11.2,61.3,2034,87.2,12.8
12086003603,Census Tract 36.03; Miami-Dade County; Florida,23.7,57.1,15.8,3.4,7.4,92.6,1380,15.0,50.7,1199,84.9,15.1
12086003604,Census Tract 36.04; Miami-Dade County; Florida,32.1,43.9,20.7,3.3,6.7,93.3,1641,16.6,47.7,1549,79.5,20.5
12086003605,Census Tract 36.05; Miami-Dade County; Florida,35.4,42.3,18.4,3.9,12.2,87.8,1352,11.9,54.3,1772,87.0,13.0
12086003606,Census Tract 36.06; Miami-Dade County; Florida,45.2,44.3,7.4,3.1,0.0,100.0,1116,23.0,47.9,1374,95.8,4.2
12086003607,Census Tract 36.07; Miami-Dade County; Florida,14.3,62.4,22.6,0.7,14.2,85.8,1368,13.9,66.0,989,95.4,4.6
12086003703,Census Tract 37.03; Miami-Dade County; Florida,17.9,69.5,10.1,2.4,31.2,68.8,2652,4.5,33.3,2282,75.2,24.8
12086003704,Census Tract 37.04; Miami-Dade County; Florida,39.8,48.4,11.8,0.0,15.8,84.2,2130,14.9,44.2,1322,67.7,32.3
12086003705,Census Tract 37.05; Miami-Dade County; Florida,9.3,61.8,24.9,4.0,51.4,48.6,2683,5.9,53.1,1413,71.3,28.7
12086003706,Census Tract 37.06; Miami-Dade County; Florida,35.1,59.0,5.9,0.0,0.0,100.0,2433,16.2,51.9,854,83.4,16.6
12086003707,Census Tract 37.07; Miami-Dade County; Florida,22.3,67.3,10.4,0.0,27.8,72.2,2419,7.2,46.0,1643,70.5,29.5
12086003708,Census Tract 37.08; Miami-Dade County; Florida,0.0,77.4,22.6,0.0,41.1,58.9,2808,7.1,65.8,817,74.8,25.2
12086003709,Census Tract 37.09; Miami-Dade County; Florida,7.0,59.2,27.1,6.7,16.9,83.1,1959,16.6,49.0,839,92.3,7.7
12086003710,Census Tract 37.10; Miami-Dade County; Florida,7.3,62.7,28.4,1.5,16.0,84.0,2873,4.2,57.0,4283,80.6,19.4
12086003801,Census Tract 38.01; Miami-Dade County; Florida,6.3,48.8,36.4,8.5,50.9,49.1,2348,15.9,64.9,2634,83.5,16.5
12086003803,Census Tract 38.03; Miami-Dade County; Florida,7.3,49.0,25.7,18.0,65.8,34.2,2734,10.4,71.0,3629,36.9,63.1
12086003804,Census Tract 38.04; Miami-Dade County; Florida,10.1,41.5,40.3,8.1,66.1,33.9,1795,21.6,58.3,3841,53.4,46.6
12086003906,Census Tract 39.06; Miami-Dade County; Florida,4.1,30.6,45.6,19.7,87.8,12.2,2579,0.0,65.7,1113,77.4,22.6
12086003909,Census Tract 39.09; Miami-Dade County; Florida,39.1,45.9,12.8,2.2,12.7,87.3,1445,23.2,40.5,1116,66.4,33.6
12086003911,Census Tract 39.11; Miami-Dade County; Florida,15.8,46.3,27.8,10.2,37.0,63.0,1656,5.8,65.5,2651,76.4,23.6
12086003912,Census Tract 39.12; Miami-Dade County; Florida,18.2,52.0,22.0,7.8,21.7,78.3,1757,7.2,60.5,1962,92.3,7.7
12086003913,Census Tract 39.13; Miami-Dade County; Florida,22.9,51.0,22.2,3.9,28.5,71.5,1534,7.3,60.7,2425,75.5,24.5
12086003914,Census Tract 39.14; Miami-Dade County; Florida,21.9,64.9,13.2,0.0,38.6,61.4,1636,21.2,49.6,3465,60.7,39.3
12086003915,Census Tract 39.15; Miami-Dade County; Florida,22.5,28.3,37.6,11.5,42.8,57.2,1711,13.6,54.1,2555,84.9,15.1
12086003916,Census Tract 39.16; Miami-Dade County; Florida,24.4,39.5,26.2,9.9,29.0,71.0,1652,15.2,42.8,2068,89.7,10.3
12086003917,Census Tract 39.17; Miami-Dade County; Florida,1.6,49.0,44.3,5.1,39.1,60.9,1966,7.3,50.9,2689,79.3,20.7
12086003918,Census Tract 39.18; Miami-Dade County; Florida,6.0,58.0,29.3,6.8,37.8,62.2,2348,11.9,48.1,1675,76.5,23.5
12086003919,Census Tract 39.19; Miami-Dade County; Florida,5.2,50.0,40.1,4.7,67.0,33.0,2850,9.0,45.4,2383,53.0,47.0
12086003921,Census Tract 39.21; Miami-Dade County; Florida,3.4,63.9,28.0,4.7,61.7,38.3,2959,0.0,40.9,3036,40.4,59.6
12086003922,Census Tract 39.22; Miami-Dade County; Florida,3.1,63.3,31.8,1.8,52.8,47.2,2552,17.5,32.2,2794,32.5,67.5
12086004000,Census Tract 40; Miami-Dade County; Florida,6.3,27.3,49.3,17.0,82.0,18.0,1797,7.0,41.7,2825,56.2,43.8
12086004102,Census Tract 41.02; Miami-Dade County; Florida,7.7,45.5,36.4,10.5,88.9,11.1,3501,10.2,41.7,1875,61.2,38.8
12086004103,Census Tract 41.03; Miami-Dade County; Florida,29.6,56.8,13.6,0.0,25.8,74.2,1579,8.3,40.7,2054,61.0,39.0
12086004105,Census Tract 41.05; Miami-Dade County; Florida,31.2,56.3,8.6,3.9,40.8,59.2,1590,0.0,75.7,2789,54.5,45.5
12086004106,Census Tract 41.06; Miami-Dade County; Florida,10.1,40.2,33.7,16.0,67.6,32.4,3501,0.0,20.5,1560,67.4,32.6
12086004204,Census Tract 42.04; Miami-Dade County; Florida,45.5,39.3,12.7,2.5,16.2,83.8,1660,6.9,58.8,1682,75.1,24.9
12086004205,Census Tract 42.05; Miami-Dade County; Florida,51.0,41.4,6.7,0.9,29.6,70.4,1696,13.1,48.6,2239,53.3,46.7
12086004206,Census Tract 42.06; Miami-Dade County; Florida,16.1,36.3,45.9,1.6,38.1,61.9,1737,4.3,57.7,1371,66.4,33.6
12086004207,Census Tract 42.07; Miami-Dade County; Florida,18.6,50.1,29.7,1.6,9.4,90.6,2400,3.9,46.5,1786,60.7,39.3
12086004208,Census Tract 42.08; Miami-Dade County; Florida,27.0,57.1,12.7,3.2,42.9,57.1,2141,2.5,51.4,1188,70.5,29.5
12086004301,Census Tract 43.01; Miami-Dade County; Florida,14.9,67.3,16.1,1.8,45.7,54.3,2161,18.0,61.2,2234,63.8,36.2
12086004303,Census Tract 43.03; Miami-Dade County; Florida,47.4,48.5,4.1,0.0,16.2,83.8,1659,15.4,63.0,1815,79.4,20.6
12086004304,Census Tract 43.04; Miami-Dade County; Florida,32.4,50.5,17.1,0.0,46.6,53.4,1683,24.2,43.7,1634,78.5,21.5
12086004403,Census Tract 44.03; Miami-Dade County; Florida,32.2,58.0,8.6,1.1,20.8,79.2,1693,6.0,57.0,2230,67.6,32.4
12086004404,Census Tract 44.04; Miami-Dade County; Florida,49.2,44.7,4.4,1.7,25.9,74.1,1274,11.2,33.6,2147,68.2,31.8
12086004405,Census Tract 44.05; Miami-Dade County; Florida,49.7,36.9,7.7,5.7,20.4,79.6,1548,7.8,65.7,2223,86.2,13.8
12086004406,Census Tract 44.06; Miami-Dade County; Florida,24.7,58.9,15.7,0.7,30.2,69.8,2195,4.6,46.3,1988,70.7,29.3
12086004500,Census Tract 45; Miami-Dade County; Florida,17.6,49.4,28.5,4.5,44.3,55.7,1240,11.0,42.0,4666,45.0,55.0
12086004602,Census Tract 46.02; Miami-Dade County; Florida,0.8,15.3,52.1,31.8,79.5,20.5,3501,17.9,60.4,1382,84.7,15.3
12086004605,Census Tract 46.05; Miami-Dade County; Florida,5.6,48.9,36.7,8.8,70.7,29.3,3501,7.6,66.2,2300,66.4,33.6
12086004607,Census Tract 46.07; Miami-Dade County; Florida,0.0,50.0,44.6,5.4,66.8,33.2,3501,23.5,38.6,2718,54.3,45.7
12086004608,Census Tract 46.08; Miami-Dade County; Florida,7.6,60.1,26.9,5.4,57.6,42.4,2710,10.2,49.9,1114,74.5,25.5
12086004701,Census Tract 47.01; Miami-Dade County; Florida,10.9,31.5,41.7,15.8,71.2,28.8,1408,0.0,67.5,2140,99.0,1.0
12086004703,Census Tract 47.03; Miami-Dade County; Florida,5.7,41.9,40.9,11.6,55.1,44.9,1368,7.0,42.0,1841,94.9,5.1
12086004704,Census Tract 47.04; Miami-Dade County; Florida,1.9,39.7,37.6,20.8,53.9,46.1,1614,14.8,57.1,862,92.9,7.1
12086004705,Census Tract 47.05; Miami-Dade County; Florida,2.5,51.8,30.8,14.9,60.8,39.2,1212,9.1,58.1,1674,97.4,2.6
12086004901,Census Tract 49.01; Miami-Dade County; Florida,10.4,47.9,16.8,24.9,25.1,74.9,1541,8.1,58.0,1759,88.7,11.3
12086004903,Census Tract 49.03; Miami-Dade County; Florida,5.9,58.7,20.8,14.6,30.8,69.2,1472,2.5,66.9,1562,86.7,13.3
12086004904,Census Tract 49.04; Miami-Dade County; Florida,10.6,36.9,34.4,18.1,43.9,56.1,1367,14.2,59.0,1063,86.9,13.1
12086005002,Census Tract 50.02; Miami-Dade County; Florida,12.0,33.0,33.7,21.3,49.3,50.7,1603,6.7,41.7,1854,94.3,5.7
12086005003,Census Tract 50.03; Miami-Dade County; Florida,20.7,26.6,33.7,19.0,50.8,49.2,1230,8.9,73.5,1258,100.0,0.0
12086005004,Census Tract 50.04; Miami-Dade County; Florida,3.0,25.8,50.2,21.0,76.1,23.9,1426,0.0,21.8,1150,94.9,5.1
12086005102,Census Tract 51.02; Miami-Dade County; Florida,28.0,54.1,10.6,7.3,26.0,74.0,1077,13.0,38.2,2773,93.3,6.7
12086005103,Census Tract 51.03; Miami-Dade County; Florida,20.6,37.3,37.1,4.9,20.9,79.1,1512,11.3,50.0,975,96.4,3.6
12086005104,Census Tract 51.04; Miami-Dade County; Florida,12.3,50.4,29.0,8.3,14.8,85.2,1531,10.7,63.8,1892,95.2,4.8
12086005201,Census Tract 52.01; Miami-Dade County; Florida,30.3,43.4,24.0,2.3,5.4,94.6,1515,6.3,54.1,2471,99.0,1.0
12086005202,Census Tract 52.02; Miami-Dade County; Florida,27.8,49.4,15.2,7.7,3.5,96.5,1346,8.4,58.7,2175,98.1,1.9
12086005303,Census Tract 53.03; Miami-Dade County; Florida,28.9,38.9,19.5,12.7,6.0,94.0,1382,1.7,50.2,1422,97.2,2.8
12086005304,Census Tract 53.04; Miami-Dade County; Florida,30.5,51.2,15.8,2.6,9.4,90.6,1243,8.4,58.3,1866,93.9,6.1
12086005305,Census Tract 53.05; Miami-Dade County; Florida,33.5,53.4,12.6,0.4,5.7,94.3,1310,9.8,52.3,2043,87.9,12.1
12086005306,Census Tract 53.06; Miami-Dade County; Florida,47.7,43.7,8.2,0.4,3.5,96.5,1380,24.2,55.1,2180,96.5,3.5
12086005403,Census Tract 54.03; Miami-Dade County; Florida,12.0,56.6,21.5,9.9,43.6,56.4,1216,5.4,43.6,545,90.5,9.5
12086005405,Census Tract 54.05; Miami-Dade County; Florida,13.1,31.3,35.5,20.1,22.6,77.4,1364,10.8,57.6,1263,99.3,0.7
12086005406,Census Tract 54.06; Miami-Dade County; Florida,40.5,31.4,23.4,4.7,11.8,88.2,1371,7.5,55.1,1540,96.9,3.1
12086005407,Census Tract 54.07; Miami-Dade County; Florida,21.3,43.9,22.4,12.4,26.6,73.4,1291,12.5,47.6,992,95.1,4.9
12086005409,Census Tract 54.09; Miami-Dade County; Florida,33.8,38.1,16.9,11.2,7.7,92.3,1148,11.3,63.2,1928,96.5,3.5
12086005410,Census Tract 54.10; Miami-Dade County; Florida,24.7,59.6,13.6,2.1,8.9,91.1,1325,10.5,59.2,1379,87.2,12.8
12086005503,Census Tract 55.03; Miami-Dade County; Florida,13.1,31.0,38.9,17.1,47.4,52.6,1521,4.5,57.2,1359,90.5,9.5
12086005504,Census Tract 55.04; Miami-Dade County; Florida,7.9,42.2,24.3,25.6,27.1,72.9,1591,11.4,37.1,1201,94.9,5.1
12086005505,Census Tract 55.05; Miami-Dade County; Florida,16.8,35.1,24.6,23.5,32.1,67.9,1599,12.3,48.6,874,93.1,6.9
12086005506,Census Tract 55.06; Miami-Dade County; Florida,7.6,23.2,54.9,14.3,37.4,62.6,1752,23.3,49.2,1230,96.4,3.6
12086005600,Census Tract 56; Miami-Dade County; Florida,16.2,39.8,32.3,11.8,42.6,57.4,1756,9.9,65.6,1966,95.1,4.9
12086005701,Census Tract 57.01; Miami-Dade County; Florida,12.3,34.9,41.4,11.3,48.7,51.3,1113,16.4,43.8,2673,98.2,1.8
12086005705,Census Tract 57.05; Miami-Dade County; Florida,16.2,60.8,20.4,2.6,31.9,68.1,1612,8.5,52.3,1600,89.8,10.3
12086005706,Census Tract 57.06; Miami-Dade County; Florida,23.6,38.7,36.6,1.1,38.2,61.8,1658,15.8,54.1,2043,86.9,13.1
12086005707,Census Tract 57.07; Miami-Dade County; Florida,10.3,39.4,32.2,18.1,6.1,93.9,1692,17.2,59.1,680,94.1,5.9
12086005708,Census Tract 57.08; Miami-Dade County; Florida,17.9,44.2,27.3,10.7,40.9,59.1,1425,24.1,39.1,2258,95.0,5.0
12086005803,Census Tract 58.03; Miami-Dade County; Florida,6.3,22.5,38.7,32.5,46.9,53.1,1630,5.8,42.9,2215,93.3,6.7
12086005804,Census Tract 58.04; Miami-Dade County; Florida,10.8,30.2,28.3,30.7,72.8,27.2,1298,0.0,90.7,1239,97.1,2.9
12086005805,Census Tract 58.05; Miami-Dade County; Florida,5.4,30.7,23.4,40.5,63.4,36.6,1635,23.4,50.0,885,88.2,11.8
12086005806,Census Tract 58.06; Miami-Dade County; Florida,15.2,43.7,26.0,15.1,62.9,37.1,1377,19.6,35.5,1524,100.0,0.0
12086005901,Census Tract 59.01; Miami-Dade County; Florida,7.7,33.5,37.4,21.5,62.0,38.0,2087,12.8,52.4,2005,92.1,7.9
12086005902,Census Tract 59.02; Miami-Dade County; Florida,7.6,26.8,46.8,18.8,53.5,46.5,2003,9.9,68.9,1250,91.6,8.4
12086005903,Census Tract 59.03; Miami-Dade County; Florida,9.5,33.1,31.5,25.8,36.0,64.0,1549,11.4,52.4,1893,100.0,0.0
12086005904,Census Tract 59.04; Miami-Dade County; Florida,4.5,45.2,30.8,19.5,42.3,57.7,1999,2.1,58.4,2152,95.0,5.0
12086006002,Census Tract 60.02; Miami-Dade County; Florida,1.6,21.9,48.4,28.1,73.7,26.3,-666666666,0.0,25.7,2062,91.7,8.3
12086006003,Census Tract 60.03; Miami-Dade County; Florida,3.2,21.6,45.3,29.9,86.7,13.3,2260,15.7,26.5,993,100.0,0.0
12086006004,Census Tract 60.04; Miami-Dade County; Florida,3.5,21.6,43.4,31.5,91.2,8.8,2763,0.0,80.3,1022,89.2,10.8
12086006103,Census Tract 61.03; Miami-Dade County; Florida,2.7,27.1,58.0,12.2,92.6,7.4,3501,0.0,51.9,865,84.2,15.8
12086006104,Census Tract 61.04; Miami-Dade County; Florida,5.8,40.7,41.7,11.8,78.9,21.1,2118,1.8,58.7,2109,79.7,20.3
12086006105,Census Tract 61.05; Miami-Dade County; Florida,1.0,26.2,62.3,10.5,92.3,7.7,3501,33.3,47.2,866,90.1,9.9
12086006106,Census Tract 61.06; Miami-Dade County; Florida,4.8,31.3,51.9,12.0,91.2,8.8,2885,0.0,56.4,975,90.7,9.3
12086006201,Census Tract 62.01; Miami-Dade County; Florida,25.5,43.1,24.8,6.6,47.4,52.6,1548,8.0,54.9,1421,96.5,3.5
12086006203,Census Tract 62.03; Miami-Dade County; Florida,10.6,65.7,17.1,6.6,36.1,63.9,1784,9.5,44.1,1452,90.4,9.6
12086006205,Census Tract 62.05; Miami-Dade County; Florida,8.8,70.6,19.0,1.6,22.2,77.8,1831,8.2,32.7,2358,85.0,15.0
12086006206,Census Tract 62.06; Miami-Dade County; Florida,7.7,50.7,35.2,6.4,39.1,60.9,2419,10.9,29.5,2172,90.1,9.9
12086006302,Census Tract 63.02; Miami-Dade County; Florida,9.5,44.2,26.6,19.7,48.7,51.3,1751,12.7,52.3,2251,92.5,7.5
12086006303,Census Tract 63.03; Miami-Dade County; Florida,27.6,30.6,32.8,8.9,33.7,66.3,1001,11.3,52.2,1806,95.4,4.6
12086006304,Census Tract 63.04; Miami-Dade County; Florida,11.0,56.0,28.1,5.0,27.1,72.9,1433,2.2,51.9,1438,89.7,10.3
12086006401,Census Tract 64.01; Miami-Dade County; Florida,23.5,37.6,19.9,19.1,27.3,72.7,1302,5.4,55.8,1436,93.5,6.5
12086006402,Census Tract 64.02; Miami-Dade County; Florida,7.0,45.5,32.3,15.2,36.2,63.8,1694,7.1,69.9,1815,86.4,13.6
12086006403,Census Tract 64.03; Miami-Dade County; Florida,13.5,56.0,22.3,8.3,55.7,44.3,1428,12.0,50.1,1704,90.7,9.3
12086006501,Census Tract 65.01; Miami-Dade County; Florida,9.3,27.8,52.8,10.1,51.2,48.8,1752,15.7,45.0,1373,94.1,5.9
12086006503,Census Tract 65.03; Miami-Dade County; Florida,11.4,36.0,39.5,13.1,62.6,37.4,1901,14.5,55.4,843,93.0,7.0
12086006504,Census Tract 65.04; Miami-Dade County; Florida,9.8,39.7,33.4,17.1,62.1,37.9,1834,10.3,52.7,902,91.4,8.6
12086006603,Census Tract 66.03; Miami-Dade County; Florida,32.7,32.5,33.1,1.7,4.2,95.8,1623,11.0,63.4,1322,100.0,0.0
12086006604,Census Tract 66.04; Miami-Dade County; Florida,25.3,60.8,13.9,0.0,4.1,95.9,1705,24.9,44.5,1507,83.8,16.2
12086006605,Census Tract 66.05; Miami-Dade County; Florida,18.2,54.7,14.0,13.1,37.6,62.4,2256,4.0,44.5,1074,88.6,11.4
12086006606,Census Tract 66.06; Miami-Dade County; Florida,7.7,86.4,5.8,0.0,1.7,98.3,1452,4.2,50.6,609,95.7,4.3
12086006607,Census Tract 66.07; Miami-Dade County; Florida,9.2,58.5,24.5,7.7,20.9,79.1,1584,7.7,47.6,1654,83.3,16.7
12086006608,Census Tract 66.08; Miami-Dade County; Florida,12.2,37.2,38.7,11.8,48.9,51.1,1807,5.6,49.8,1598,84.5,15.5
12086006705,Census Tract 67.05; Miami-Dade County; Florida,1.7,65.7,31.5,1.1,52.6,47.4,2084,9.8,53.4,2607,79.8,20.2
12086006706,Census Tract 67.06; Miami-Dade County; Florida,3.6,64.9,27.5,4.0,31.2,68.8,2507,6.8,55.4,1901,79.3,20.7
12086006707,Census Tract 67.07; Miami-Dade County; Florida,7.1,59.9,31.6,1.4,54.9,45.1,2882,8.0,48.6,3245,63.9,36.1
12086006709,Census Tract 67.09; Miami-Dade County; Florida,10.1,69.4,14.6,5.9,41.5,58.5,3501,2.8,32.1,1701,57.3,42.7
12086006713,Census Tract 67.13; Miami-Dade County; Florida,8.2,62.6,26.3,2.8,47.0,53.0,2532,6.7,51.0,1826,61.1,38.9
12086006714,Census Tract 67.14; Miami-Dade County; Florida,10.3,69.5,12.8,7.4,48.4,51.6,2627,2.6,39.3,1936,63.9,36.1
12086006715,Census Tract 67.15; Miami-Dade County; Florida,2.1,58.9,34.2,4.8,41.7,58.3,2369,24.1,52.4,1984,91.8,8.2
12086006716,Census Tract 67.16; Miami-Dade County; Florida,14.5,77.2,8.3,0.0,17.6,82.4,2181,4.8,77.3,1114,51.9,48.1
12086006717,Census Tract 67.17; Miami-Dade County; Florida,27.6,49.6,22.8,0.0,38.4,61.6,2835,2.8,39.2,1454,82.6,17.4
12086006718,Census Tract 67.18; Miami-Dade County; Florida,13.7,53.1,32.4,0.8,40.3,59.7,2912,0.0,17.7,2224,73.9,26.1
12086006719,Census Tract 67.19; Miami-Dade County; Florida,16.8,69.2,14.0,0.0,7.7,92.3,3441,14.0,47.9,1937,77.4,22.6
12086006720,Census Tract 67.20; Miami-Dade County; Florida,19.8,62.6,17.6,0.0,35.8,64.2,3155,3.0,23.5,1907,75.8,24.2
12086006721,Census Tract 67.21; Miami-Dade County; Florida,4.6,64.9,30.5,0.0,15.6,84.4,3501,3.2,34.3,2218,81.0,19.0
12086006722,Census Tract 67.22; Miami-Dade County; Florida,11.3,69.1,13.0,6.5,8.7,91.3,2669,18.6,44.1,946,81.2,18.8
12086006801,Census Tract 68.01; Miami-Dade County; Florida,6.1,49.5,33.4,11.0,66.1,33.9,2675,0.0,44.2,1837,77.0,23.0
12086006802,Census Tract 68.02; Miami-Dade County; Florida,9.7,29.2,50.7,10.4,80.0,20.0,-666666666,14.5,52.5,1835,80.9,19.1
12086006901,Census Tract 69.01; Miami-Dade County; Florida,6.7,53.5,29.1,10.7,63.5,36.5,1656,4.2,56.4,1291,93.2,6.8
12086006902,Census Tract 69.02; Miami-Dade County; Florida,10.2,41.1,47.6,1.1,81.3,18.7,1386,0.0,52.5,1521,87.1,12.9
12086007003,Census Tract 70.03; Miami-Dade County; Florida,12.0,48.9,30.5,8.7,33.5,66.5,2210,1.2,64.7,1791,89.6,10.4
12086007004,Census Tract 70.04; Miami-Dade County; Florida,3.3,65.4,19.4,11.9,50.0,50.0,2095,0.3,54.5,2338,90.8,9.2
12086007005,Census Tract 70.05; Miami-Dade County; Florida,8.4,66.8,21.8,3.0,37.4,62.6,2205,0.0,54.1,1123,88.8,11.2
12086007006,Census Tract 70.06; Miami-Dade County; Florida,3.4,53.1,31.5,12.0,35.4,64.6,2187,19.8,58.8,1404,91.8,8.2
12086007007,Census Tract 70.07; Miami-Dade County; Florida,5.0,40.3,52.7,2.0,8.3,91.7,2575,24.4,43.2,1508,86.7,13.3
12086007101,Census Tract 71.01; Miami-Dade County; Florida,13.1,45.2,28.3,13.5,49.0,51.0,1066,0.0,47.7,1286,92.9,7.1
12086007103,Census Tract 71.03; Miami-Dade County; Florida,4.3,78.9,16.7,0.0,48.5,51.5,2169,15.1,20.0,1503,79.9,20.1
12086007104,Census Tract 71.04; Miami-Dade County; Florida,4.0,46.8,39.0,10.3,46.7,53.3,2040,2.0,39.5,1645,85.8,14.2
12086007200,Census Tract 72; Miami-Dade County; Florida,23.2,52.8,14.9,9.0,22.4,77.6,1354,13.2,57.5,1350,85.3,14.7
12086007300,Census Tract 73; Miami-Dade County; Florida,1.8,27.0,58.8,12.4,91.5,8.5,1645,19.3,33.0,1778,88.2,11.8
12086007401,Census Tract 74.01; Miami-Dade County; Florida,2.7,36.9,49.5,10.9,89.8,10.2,3501,14.3,17.9,579,94.6,5.4
12086007402,Census Tract 74.02; Miami-Dade County; Florida,1.7,44.2,37.4,16.8,82.1,17.9,2958,7.3,74.4,1283,84.0,16.0
12086007403,Census Tract 74.03; Miami-Dade County; Florida,1.8,60.6,25.8,11.8,45.4,54.6,3100,4.9,43.5,2363,77.1,22.9
12086007501,Census Tract 75.01; Miami-Dade County; Florida,1.9,28.7,51.1,18.4,96.7,3.3,3501,0.0,36.7,975,92.7,7.3
12086007503,Census Tract 75.03; Miami-Dade County; Florida,14.1,44.6,28.0,13.3,65.8,34.2,2125,0.0,55.1,418,84.7,15.3
12086007601,Census Tract 76.01; Miami-Dade County; Florida,7.6,29.4,44.2,18.8,78.2,21.8,2063,2.7,63.4,918,93.1,6.9
12086007603,Census Tract 76.03; Miami-Dade County; Florida,24.7,47.9,18.4,9.0,33.0,67.0,1685,11.9,65.7,1888,82.3,17.7
12086007605,Census Tract 76.05; Miami-Dade County; Florida,4.8,42.6,38.4,14.1,54.3,45.7,2068,9.4,68.3,1738,89.2,10.8
12086007607,Census Tract 76.07; Miami-Dade County; Florida,2.0,45.0,30.9,22.0,75.7,24.3,2310,0.0,100.0,1008,93.0,7.0
12086007608,Census Tract 76.08; Miami-Dade County; Florida,3.7,33.3,47.1,16.0,78.2,21.8,1411,15.2,39.3,843,96.7,3.3
12086007609,Census Tract 76.09; Miami-Dade County; Florida,7.4,51.8,35.1,5.7,56.7,43.3,2307,13.8,29.0,865,89.1,10.9
12086007610,Census Tract 76.10; Miami-Dade County; Florida,6.2,39.6,30.1,24.1,63.5,36.5,1655,5.5,46.1,1974,96.7,3.3
12086007704,Census Tract 77.04; Miami-Dade County; Florida,2.2,67.2,29.3,1.3,31.7,68.3,1992,21.0,47.4,3357,87.5,12.5
12086007705,Census Tract 77.05; Miami-Dade County; Florida,4.6,46.8,40.4,8.2,43.0,57.0,1752,5.1,49.9,2693,97.1,2.9
12086007706,Census Tract 77.06; Miami-Dade County; Florida,10.1,29.5,33.9,26.5,87.4,12.6,3055,9.9,47.9,1413,93.6,6.4
12086007707,Census Tract 77.07; Miami-Dade County; Florida,1.0,25.0,20.2,53.8,94.3,5.7,-666666666,15.9,0.0,889,94.5,5.5
12086007708,Census Tract 77.08; Miami-Dade County; Florida,6.9,19.7,47.5,25.9,58.2,41.8,1683,4.4,74.1,919,87.8,12.2
12086007709,Census Tract 77.09; Miami-Dade County; Florida,4.2,25.4,44.7,25.7,77.9,22.1,1665,9.8,23.7,1053,92.7,7.3
12086007801,Census Tract 78.01; Miami-Dade County; Florida,0.0,8.7,52.3,39.0,95.4,4.6,-666666666,0.0,100.0,219,89.0,11.0
12086007805,Census Tract 78.05; Miami-Dade County; Florida,3.7,26.8,44.1,25.3,76.9,23.1,1975,0.0,57.5,1786,93.4,6.6
12086007806,Census Tract 78.06; Miami-Dade County; Florida,5.6,15.6,47.2,31.6,97.3,2.7,-666666666,0.0,0.0,1251,93.8,6.2
12086007807,Census Tract 78.07; Miami-Dade County; Florida,2.8,33.8,44.5,18.9,79.3,20.7,1775,11.2,47.9,1770,91.6,8.4
12086007808,Census Tract 78.08; Miami-Dade County; Florida,11.1,59.0,29.3,0.6,32.0,68.0,1863,12.6,59.7,2814,86.7,13.3
12086007809,Census Tract 78.09; Miami-Dade County; Florida,10.5,45.5,36.6,7.4,51.9,48.1,1901,4.1,35.5,1857,93.2,6.8
12086007901,Census Tract 79.01; Miami-Dade County; Florida,24.9,28.0,33.9,13.3,82.9,17.1,2090,0.0,72.1,1842,92.8,7.2
12086007902,Census Tract 79.02; Miami-Dade County; Florida,1.6,36.0,41.5,20.8,79.6,20.4,2530,26.6,55.1,1217,91.2,8.8
12086008000,Census Tract 80; Miami-Dade County; Florida,2.9,31.0,36.3,29.8,71.4,28.6,1988,3.4,56.1,2242,82.8,17.2
12086008101,Census Tract 81.01; Miami-Dade County; Florida,0.0,19.4,42.1,38.4,97.1,2.9,3501,0.0,0.0,1142,89.8,10.2
12086008102,Census Tract 81.02; Miami-Dade County; Florida,0.0,35.0,36.8,28.3,78.5,21.5,-666666666,6.3,62.2,1641,97.9,2.1
12086008202,Census Tract 82.02; Miami-Dade County; Florida,1.8,25.7,49.7,22.8,83.3,16.7,1459,17.4,47.7,1507,100.0,0.0
12086008205,Census Tract 82.05; Miami-Dade County; Florida,2.7,28.5,44.9,24.0,94.5,5.5,3501,7.9,30.2,1506,91.2,8.8
12086008206,Census Tract 82.06; Miami-Dade County; Florida,3.6,37.3,40.7,18.4,73.1,26.9,1432,7.5,69.9,1553,96.1,3.9
12086008207,Census Tract 82.07; Miami-Dade County; Florida,0.4,18.1,35.9,45.7,96.7,3.3,-666666666,0.0,0.0,1535,94.5,5.5
12086008208,Census Tract 82.08; Miami-Dade County; Florida,13.0,33.0,39.0,15.0,46.0,54.0,1967,6.0,59.2,1984,87.6,12.4
12086008209,Census Tract 82.09; Miami-Dade County; Florida,5.4,19.3,38.7,36.6,86.6,13.4,3431,5.5,40.2,1420,91.1,8.9
12086008305,Census Tract 83.05; Miami-Dade County; Florida,4.4,29.4,43.8,22.3,53.6,46.4,1677,8.6,56.8,1999,96.7,3.3
12086008308,Census Tract 83.08; Miami-Dade County; Florida,3.8,21.4,43.8,31.0,58.6,41.4,1635,6.0,37.2,1883,89.3,10.7
12086008309,Census Tract 83.09; Miami-Dade County; Florida,11.7,37.3,38.9,12.1,35.7,64.3,1284,10.3,51.0,1636,86.0,14.0
12086008310,Census Tract 83.10; Miami-Dade County; Florida,11.1,14.8,51.7,22.4,86.4,13.6,-666666666,5.6,65.2,1182,100.0,0.0
12086008311,Census Tract 83.11; Miami-Dade County; Florida,7.9,21.4,20.9,49.8,84.7,15.3,2248,0.0,81.7,1168,98.2,1.8
12086008312,Census Tract 83.12; Miami-Dade County; Florida,12.2,15.9,38.5,33.3,64.0,36.0,1495,3.5,73.9,1105,93.1,6.9
12086008313,Census Tract 83.13; Miami-Dade County; Florida,11.4,28.0,41.8,18.8,66.6,33.4,1653,57.0,31.1,1719,93.8,6.2
12086008314,Census Tract 83.14; Miami-Dade County; Florida,0.0,17.6,20.1,62.3,90.2,9.8,2086,0.0,57.3,762,100.0,0.0
12086008315,Census Tract 83.15; Miami-Dade County; Florida,5.9,18.8,38.0,37.2,96.0,4.0,2040,0.0,23.9,1141,100.0,0.0
12086008409,Census Tract 84.09; Miami-Dade County; Florida,4.5,27.8,50.0,17.7,78.9,21.1,2288,0.0,51.6,2158,91.8,8.2
12086008415,Census Tract 84.15; Miami-Dade County; Florida,0.7,13.4,51.2,34.7,98.8,1.2,-666666666,0.0,0.0,1509,96.8,3.2
12086008416,Census Tract 84.16; Miami-Dade County; Florida,1.7,45.6,38.7,14.0,48.1,51.9,1764,1.4,75.8,1327,99.3,0.7
12086008418,Census Tract 84.18; Miami-Dade County; Florida,2.7,31.1,50.3,15.8,64.5,35.5,2257,9.8,44.7,1131,91.0,9.0
12086008419,Census Tract 84.19; Miami-Dade County; Florida,12.9,31.6,47.6,7.9,44.8,55.2,1879,8.1,37.6,2268,94.4,5.6
12086008420,Census Tract 84.20; Miami-Dade County; Florida,6.0,36.3,51.5,6.3,85.1,14.9,2154,0.0,81.0,680,98.8,1.2
12086008421,Census Tract 84.21; Miami-Dade County; Florida,1.9,23.2,44.6,30.3,87.9,12.1,2587,14.8,19.6,1845,89.9,10.1
12086008422,Census Tract 84.22; Miami-Dade County; Florida,6.8,30.1,42.7,20.5,78.2,21.8,2055,0.0,24.5,909,98.8,1.2
12086008423,Census Tract 84.23; Miami-Dade County; Florida,0.4,26.7,33.6,39.3,76.6,23.4,1747,4.1,63.5,1745,97.7,2.3
12086008424,Census Tract 84.24; Miami-Dade County; Florida,21.4,38.4,29.0,11.3,19.8,80.2,1513,8.0,36.8,1980,95.3,4.7
12086008425,Census Tract 84.25; Miami-Dade County; Florida,8.3,55.9,28.2,7.6,64.1,35.9,1486,15.4,35.0,1002,93.7,6.3
12086008426,Census Tract 84.26; Miami-Dade County; Florida,5.6,13.1,46.4,34.9,99.1,0.9,-666666666,0.0,0.0,1289,95.5,4.5
12086008427,Census Tract 84.27; Miami-Dade County; Florida,0.4,45.5,33.2,20.9,74.2,25.8,2131,0.0,54.5,820,95.6,4.4
12086008428,Census Tract 84.28; Miami-Dade County; Florida,3.8,25.6,46.3,24.3,84.9,15.1,2077,35.8,36.7,906,96.2,3.8
12086008429,Census Tract 84.29; Miami-Dade County; Florida,1.0,30.2,31.1,37.7,64.7,35.3,2032,0.0,38.3,1339,94.9,5.1
12086008430,Census Tract 84.30; Miami-Dade County; Florida,11.1,51.7,30.2,6.9,27.0,73.0,1692,10.8,49.8,2419,91.4,8.6
12086008431,Census Tract 84.31; Miami-Dade County; Florida,14.5,28.5,43.9,13.0,70.2,29.8,2794,6.2,69.9,537,100.0,0.0
12086008502,Census Tract 85.02; Miami-Dade County; Florida,5.6,24.8,47.0,22.6,71.5,28.5,1628,6.2,63.3,1503,95.6,4.4
12086008503,Census Tract 85.03; Miami-Dade County; Florida,7.1,26.1,29.0,37.9,79.3,20.7,2321,0.0,94.9,1084,98.7,1.3
12086008504,Census Tract 85.04; Miami-Dade County; Florida,3.5,27.0,31.3,38.2,83.1,16.9,2260,0.0,35.2,934,100.0,0.0
12086008601,Census Tract 86.01; Miami-Dade County; Florida,5.6,33.7,30.1,30.7,85.7,14.3,2068,0.0,39.3,1503,94.5,5.5
12086008603,Census Tract 86.03; Miami-Dade County; Florida,0.9,29.0,38.8,31.2,81.8,18.2,2512,34.5,33.6,1596,100.0,0.0
12086008604,Census Tract 86.04; Miami-Dade County; Florida,5.2,18.4,60.2,16.1,95.8,4.2,-666666666,0.0,0.0,523,91.2,8.8
12086008702,Census Tract 87.02; Miami-Dade County; Florida,8.8,27.2,29.0,35.1,80.6,19.4,2028,0.0,82.4,1783,98.7,1.3
12086008703,Census Tract 87.03; Miami-Dade County; Florida,1.4,27.2,33.4,38.0,78.9,21.1,2241,0.0,75.5,731,97.9,2.1
12086008704,Census Tract 87.04; Miami-Dade County; Florida,3.8,18.0,46.2,32.0,87.2,12.8,2568,4.4,80.7,901,98.9,1.1
12086008805,Census Tract 88.05; Miami-Dade County; Florida,11.3,27.2,41.8,19.7,39.3,60.7,1684,6.0,54.2,1518,91.1,8.9
12086008806,Census Tract 88.06; Miami-Dade County; Florida,1.5,28.4,52.0,18.1,74.4,25.6,1690,0.0,52.8,1466,100.0,0.0
12086008807,Census Tract 88.07; Miami-Dade County; Florida,1.4,24.2,29.3,45.1,86.1,13.9,2218,0.0,0.0,1593,100.0,0.0
12086008808,Census Tract 88.08; Miami-Dade County; Florida,6.4,26.5,41.0,26.1,62.5,37.5,1406,24.7,34.3,1179,91.6,8.4
12086008809,Census Tract 88.09; Miami-Dade County; Florida,6.6,15.1,48.2,30.1,93.9,6.1,2219,0.0,100.0,694,97.6,2.4
12086008810,Census Tract 88.10; Miami-Dade County; Florida,9.8,37.3,35.6,17.3,68.3,31.7,1499,4.8,75.0,1610,98.5,1.5
12086008904,Census Tract 89.04; Miami-Dade County; Florida,100.0,0.0,0.0,0.0,0.0,100.0,-666666666,0.0,100.0,3,100.0,0.0
12086008906,Census Tract 89.06; Miami-Dade County; Florida,8.0,28.6,41.7,21.7,65.0,35.0,1761,7.8,60.9,1826,95.5,4.5
12086008907,Census Tract 89.07; Miami-Dade County; Florida,8.1,42.3,35.0,14.6,54.1,45.9,1665,5.9,45.8,1867,97.2,2.8
12086008908,Census Tract 89.08; Miami-Dade County; Florida,5.6,43.6,32.0,18.8,80.5,19.5,1733,9.0,17.9,1197,100.0,0.0
12086008909,Census Tract 89.09; Miami-Dade County; Florida,13.6,30.8,35.2,20.4,61.4,38.6,1716,14.6,35.7,1314,97.6,2.4
12086008910,Census Tract 89.10; Miami-Dade County; Florida,4.3,14.8,57.9,23.0,63.6,36.4,2074,8.6,60.8,1121,99.4,0.6
12086008911,Census Tract 89.11; Miami-Dade County; Florida,3.0,13.1,50.9,32.9,90.2,9.8,2746,0.0,74.1,896,92.5,7.5
12086009010,Census Tract 90.10; Miami-Dade County; Florida,2.7,42.1,41.9,13.4,43.8,56.2,2409,3.2,59.4,3238,93.1,6.9
12086009014,Census Tract 90.14; Miami-Dade County; Florida,0.8,36.6,44.0,18.6,44.7,55.3,1991,8.3,38.2,1524,95.1,4.9
12086009015,Census Tract 90.15; Miami-Dade County; Florida,7.8,49.0,35.4,7.8,43.3,56.7,1705,14.3,51.9,2681,87.3,12.7
12086009020,Census Tract 90.20; Miami-Dade County; Florida,6.2,51.7,30.9,11.2,17.7,82.3,1471,6.5,55.8,1095,98.1,1.9
12086009021,Census Tract 90.21; Miami-Dade County; Florida,1.5,35.3,42.9,20.3,33.7,66.3,1815,13.1,54.9,1381,96.2,3.8
12086009022,Census Tract 90.22; Miami-Dade County; Florida,2.5,32.3,39.2,26.0,67.0,33.0,2033,6.7,37.8,722,100.0,0.0
12086009024,Census Tract 90.24; Miami-Dade County; Florida,9.8,36.4,43.5,10.3,9.6,90.4,2168,10.9,45.1,2272,84.5,15.5
12086009026,Census Tract 90.26; Miami-Dade County; Florida,8.0,48.7,37.5,5.8,40.9,59.1,1731,10.2,70.0,954,89.6,10.4
12086009027,Census Tract 90.27; Miami-Dade County; Florida,7.1,46.8,40.7,5.4,35.2,64.8,1975,11.6,51.4,1816,91.4,8.6
12086009028,Census Tract 90.28; Miami-Dade County; Florida,2.7,32.7,51.6,13.0,63.7,36.3,1914,5.0,41.8,2289,92.1,7.9
12086009029,Census Tract 90.29; Miami-Dade County; Florida,5.4,33.3,41.7,19.6,47.9,52.1,2189,14.1,39.0,1616,87.5,12.5
12086009030,Census Tract 90.30; Miami-Dade County; Florida,6.7,37.6,46.3,9.4,40.3,59.7,1601,3.6,61.3,2034,93.8,6.2
12086009031,Census Tract 90.31; Miami-Dade County; Florida,5.4,37.3,52.9,4.4,28.8,71.2,2088,5.7,55.5,1628,94.8,5.2
12086009039,Census Tract 90.39; Miami-Dade County; Florida,6.5,35.1,44.3,14.1,34.7,65.3,2501,1.4,77.6,2549,91.3,8.7
12086009040,Census Tract 90.40; Miami-Dade County; Florida,5.1,30.7,41.1,23.1,48.8,51.2,2933,5.8,58.6,2853,83.3,16.7
12086009043,Census Tract 90.43; Miami-Dade County; Florida,0.1,28.4,52.2,19.3,62.3,37.7,2936,5.6,66.3,1459,94.4,5.6
12086009044,Census Tract 90.44; Miami-Dade County; Florida,4.3,24.9,48.7,22.1,55.2,44.8,2712,5.1,83.6,971,90.9,9.1
12086009048,Census Tract 90.48; Miami-Dade County; Florida,2.6,24.9,36.4,36.1,67.0,33.0,3467,10.0,69.5,1056,93.9,6.1
12086009049,Census Tract 90.49; Miami-Dade County; Florida,1.6,26.3,63.6,8.6,47.5,52.5,2292,20.2,37.6,1578,84.3,15.7
12086009050,Census Tract 90.50; Miami-Dade County; Florida,1.2,17.7,61.3,19.7,50.4,49.6,2589,7.8,65.3,1633,95.7,4.3
12086009051,Census Tract 90.51; Miami-Dade County; Florida,11.1,12.3,34.9,41.7,54.1,45.9,2606,17.9,38.4,667,100.0,0.0
12086009052,Census Tract 90.52; Miami-Dade County; Florida,15.1,49.4,24.1,11.3,45.4,54.6,1400,7.2,58.9,1672,92.4,7.6
12086009053,Census Tract 90.53; Miami-Dade County; Florida,3.4,32.8,46.0,17.8,56.0,44.0,2406,0.0,56.6,1835,95.7,4.3
12086009054,Census Tract 90.54; Miami-Dade County; Florida,1.5,26.1,34.5,37.9,75.9,24.1,2330,19.8,9.9,528,100.0,0.0
12086009055,Census Tract 90.55; Miami-Dade County; Florida,0.0,25.7,43.6,30.7,72.4,27.6,2784,0.0,48.0,717,98.2,1.8
12086009056,Census Tract 90.56; Miami-Dade County; Florida,19.1,32.5,41.0,7.3,77.2,22.8,2676,7.0,62.5,1154,99.0,1.0
12086009057,Census Tract 90.57; Miami-Dade County; Florida,0.0,32.9,58.3,8.8,39.3,60.7,2754,7.4,65.7,2233,94.4,5.6
12086009058,Census Tract 90.58; Miami-Dade County; Florida,4.9,39.1,43.4,12.6,48.4,51.6,2315,8.6,47.3,1659,91.6,8.4
12086009059,Census Tract 90.59; Miami-Dade County; Florida,1.0,50.0,33.2,15.8,36.6,63.4,2413,3.8,65.5,941,96.3,3.7
12086009060,Census Tract 90.60; Miami-Dade County; Florida,6.2,29.5,44.4,20.0,43.1,56.9,2574,0.0,56.6,1554,94.7,5.3
12086009061,Census Tract 90.61; Miami-Dade County; Florida,14.3,28.6,33.4,23.6,55.8,44.2,995,8.7,64.4,981,100.0,0.0
12086009062,Census Tract 90.62; Miami-Dade County; Florida,2.5,30.2,48.2,19.1,57.6,42.4,2089,0.0,48.7,959,95.2,4.8
12086009063,Census Tract 90.63; Miami-Dade County; Florida,17.5,26.7,37.4,18.4,37.7,62.3,1514,25.5,38.5,1035,95.6,4.4
12086009064,Census Tract 90.64; Miami-Dade County; Florida,2.0,25.2,58.4,14.3,22.8,77.2,2155,25.8,57.6,1080,94.3,5.7
12086009065,Census Tract 90.65; Miami-Dade County; Florida,5.2,46.9,47.9,0.0,29.9,70.1,2302,14.4,43.9,1565,79.7,20.3
12086009066,Census Tract 90.66; Miami-Dade County; Florida,5.3,40.7,47.1,6.9,26.9,73.1,2148,5.2,55.1,3109,89.3,10.7
12086009101,Census Tract 91.01; Miami-Dade County; Florida,4.2,36.3,32.3,27.1,16.4,83.6,1710,5.1,76.9,899,97.1,2.9
12086009102,Census Tract 91.02; Miami-Dade County; Florida,10.8,37.1,42.1,10.0,38.1,61.9,1582,18.7,51.3,1089,95.8,4.2
12086009200,Census Tract 92; Miami-Dade County; Florida,6.9,10.5,37.0,45.6,80.6,19.4,-666666666,0.0,32.9,984,98.9,1.1
12086009305,Census Tract 93.05; Miami-Dade County; Florida,5.8,28.5,47.7,18.0,77.4,22.6,1792,4.8,51.7,1943,97.5,2.5
12086009312,Census Tract 93.12; Miami-Dade County; Florida,5.8,45.2,38.3,10.8,17.1,82.9,1914,12.0,27.7,2877,93.3,6.7
12086009314,Census Tract 93.14; Miami-Dade County; Florida,19.9,43.9,25.3,10.9,27.9,72.1,1301,7.8,63.1,1446,100.0,0.0
12086009315,Census Tract 93.15; Miami-Dade County; Florida,18.5,44.4,28.7,8.4,38.2,61.8,1543,15.7,50.5,1301,92.9,7.1
12086009316,Census Tract 93.16; Miami-Dade County; Florida,3.7,27.2,45.2,23.9,78.1,21.9,956,3.6,24.3,798,96.1,3.9
12086009317,Census Tract 93.17; Miami-Dade County; Florida,5.8,35.3,37.7,21.1,63.3,36.7,2003,0.0,50.4,1473,98.9,1.1
12086009318,Census Tract 93.18; Miami-Dade County; Florida,9.0,20.5,50.8,19.7,86.3,13.7,1875,0.0,44.6,533,100.0,0.0
12086009319,Census Tract 93.19; Miami-Dade County; Florida,4.0,26.1,32.2,37.7,40.7,59.3,2038,7.9,42.5,1580,96.1,3.9
12086009320,Census Tract 93.20; Miami-Dade County; Florida,4.8,33.5,37.8,24.0,18.2,81.8,1509,9.3,55.6,1616,96.3,3.7
12086009321,Census Tract 93.21; Miami-Dade County; Florida,5.6,38.7,24.4,31.4,58.4,41.6,1744,3.2,82.0,947,90.9,9.1
12086009322,Census Tract 93.22; Miami-Dade County; Florida,8.6,45.9,37.2,8.3,51.2,48.8,1660,8.7,69.4,1730,98.4,1.6
12086009323,Census Tract 93.23; Miami-Dade County; Florida,2.1,33.2,32.2,32.5,74.6,25.4,1666,9.7,51.0,822,100.0,0.0
12086009324,Census Tract 93.24; Miami-Dade County; Florida,20.4,31.9,40.5,7.3,28.2,71.8,1436,13.7,42.3,1530,100.0,0.0
12086009325,Census Tract 93.25; Miami-Dade County; Florida,0.6,37.9,40.5,21.0,60.3,39.7,1438,0.0,75.5,876,95.1,4.9
12086009326,Census Tract 93.26; Miami-Dade County; Florida,24.9,34.7,28.2,12.1,52.5,47.5,1394,2.2,45.9,1298,94.5,5.5
12086009327,Census Tract 93.27; Miami-Dade County; Florida,2.8,14.5,35.3,47.4,80.5,19.5,2612,4.8,67.9,875,96.9,3.1
12086009401,Census Tract 94.01; Miami-Dade County; Florida,5.4,24.1,52.7,17.8,76.5,23.5,1677,19.6,80.4,651,100.0,0.0
12086009402,Census Tract 94.02; Miami-Dade County; Florida,11.9,20.8,35.3,32.0,77.8,22.2,2218,9.3,62.0,1033,98.5,1.5
12086009503,Census Tract 95.03; Miami-Dade County; Florida,6.7,26.6,46.3,20.4,75.2,24.8,2058,0.0,48.3,1641,96.8,3.2
12086009504,Census Tract 95.04; Miami-Dade County; Florida,4.8,20.4,34.9,39.9,91.0,9.0,2317,13.1,55.6,1332,97.5,2.5
12086009505,Census Tract 95.05; Miami-Dade County; Florida,12.5,47.1,37.8,2.6,15.5,84.5,1763,9.0,78.6,566,87.8,12.2
12086009506,Census Tract 95.06; Miami-Dade County; Florida,10.7,41.4,29.1,18.8,56.4,43.6,1397,0.0,57.8,1567,91.6,8.4
12086009601,Census Tract 96.01; Miami-Dade County; Florida,7.8,46.2,30.8,15.2,40.4,59.6,1231,17.6,28.1,1534,90.7,9.3
12086009602,Census Tract 96.02; Miami-Dade County; Florida,7.8,53.4,34.9,3.9,24.9,75.1,1400,17.0,42.9,1617,77.4,22.6
12086009703,Census Tract 97.03; Miami-Dade County; Florida,0.6,26.5,52.2,20.7,86.1,13.9,2370,37.5,50.0,1135,85.8,14.2
12086009704,Census Tract 97.04; Miami-Dade County; Florida,1.8,39.1,33.2,25.9,61.1,38.9,1900,0.0,63.7,2016,82.6,17.4
12086009705,Census Tract 97.05; Miami-Dade County; Florida,4.7,52.9,24.9,17.6,61.7,38.3,1563,4.0,56.2,2654,78.1,21.9
12086009706,Census Tract 97.06; Miami-Dade County; Florida,9.5,49.6,32.0,8.8,59.5,40.5,1655,4.8,64.1,1973,92.4,7.6
12086009803,Census Tract 98.03; Miami-Dade County; Florida,2.1,45.6,37.1,15.2,47.4,52.6,2245,12.6,66.3,2879,96.4,3.6
12086009804,Census Tract 98.04; Miami-Dade County; Florida,1.7,28.3,44.7,25.2,94.7,5.3,2750,30.6,25.0,939,99.6,0.4
12086009806,Census Tract 98.06; Miami-Dade County; Florida,4.8,70.6,22.7,1.9,57.0,43.0,1390,1.3,77.7,1752,94.2,5.8
12086009809,Census Tract 98.09; Miami-Dade County; Florida,3.1,41.2,37.1,18.6,78.0,22.0,1918,11.5,51.0,1549,86.7,13.3
12086009810,Census Tract 98.10; Miami-Dade County; Florida,3.8,43.7,46.1,6.5,47.2,52.8,2081,24.1,53.1,1664,93.0,7.0
12086009811,Census Tract 98.11; Miami-Dade County; Florida,15.8,46.4,33.1,4.7,66.9,33.1,1309,0.3,60.8,1234,78.6,21.4
12086009812,Census Tract 98.12; Miami-Dade County; Florida,5.3,50.7,29.1,14.8,48.7,51.3,1919,3.1,67.3,2217,94.5,5.5
12086009903,Census Tract 99.03; Miami-Dade County; Florida,5.3,30.5,32.4,31.8,81.1,18.9,1688,0.0,53.7,1558,91.7,8.3
12086009904,Census Tract 99.04; Miami-Dade County; Florida,12.4,60.5,18.4,8.7,37.0,63.0,1411,19.7,45.5,1477,94.0,6.0
12086009905,Census Tract 99.05; Miami-Dade County; Florida,5.7,23.6,41.3,29.4,88.3,11.7,2475,22.4,28.2,1566,94.6,5.4
12086009906,Census Tract 99.06; Miami-Dade County; Florida,4.6,33.0,43.8,18.6,86.7,13.3,2289,12.2,43.0,1607,95.3,4.7
12086009907,Census Tract 99.07; Miami-Dade County; Florida,4.6,27.0,29.8,38.6,84.2,15.8,1852,14.5,61.3,1225,89.5,10.5
12086009908,Census Tract 99.08; Miami-Dade County; Florida,7.7,64.4,20.0,7.9,13.5,86.5,1553,9.2,65.5,1821,97.7,2.3
12086009909,Census Tract 99.09; Miami-Dade County; Florida,3.1,57.2,34.2,5.4,33.4,66.6,1814,39.2,41.4,937,98.5,1.5
12086010010,Census Tract 100.10; Miami-Dade County; Florida,8.6,27.4,26.9,37.2,57.9,42.1,1782,11.8,59.0,1280,96.7,3.3
12086010012,Census Tract 100.12; Miami-Dade County; Florida,1.8,17.4,39.3,41.5,78.3,21.7,2572,25.1,55.8,1881,95.9,4.1
12086010013,Census Tract 100.13; Miami-Dade County; Florida,3.7,32.5,34.7,29.1,84.5,15.5,1664,0.0,75.3,1125,100.0,0.0
12086010015,Census Tract 100.15; Miami-Dade County; Florida,3.1,33.1,31.8,32.0,48.2,51.8,1068,0.0,45.1,1138,90.9,9.1
12086010016,Census Tract 100.16; Miami-Dade County; Florida,0.6,28.5,32.8,38.0,93.5,6.5,2563,0.0,38.8,1327,98.0,2.0
12086010017,Census Tract 100.17; Miami-Dade County; Florida,2.9,9.6,32.8,54.8,86.1,13.9,2371,0.0,76.8,1048,96.9,3.1
12086010018,Census Tract 100.18; Miami-Dade County; Florida,6.3,35.6,29.1,29.0,76.1,23.9,1414,0.0,34.6,990,90.5,9.5
12086010019,Census Tract 100.19; Miami-Dade County; Florida,14.9,28.3,32.7,24.2,82.0,18.0,2152,0.0,24.1,1160,97.9,2.1
12086010020,Census Tract 100.20; Miami-Dade County; Florida,7.1,27.5,24.8,40.6,91.4,8.6,-666666666,0.0,0.0,1123,97.2,2.8
12086010021,Census Tract 100.21; Miami-Dade County; Florida,8.4,17.6,60.2,13.9,44.3,55.7,1862,1.8,64.0,1130,97.1,2.9
12086010022,Census Tract 100.22; Miami-Dade County; Florida,4.4,32.3,34.4,28.8,87.8,12.2,1688,38.0,49.6,1286,95.3,4.7
12086010023,Census Tract 100.23; Miami-Dade County; Florida,12.6,54.3,18.1,15.1,46.3,53.7,1992,8.9,74.9,906,98.2,1.8
12086010024,Census Tract 100.24; Miami-Dade County; Florida,12.3,54.9,21.8,11.0,39.8,60.2,1468,10.1,58.6,1722,100.0,0.0
12086010025,Census Tract 100.25; Miami-Dade County; Florida,0.3,34.1,47.2,18.4,76.7,23.3,2122,0.0,94.9,1240,96.9,3.1
12086010026,Census Tract 100.26; Miami-Dade County; Florida,7.0,61.1,24.7,7.2,64.2,35.8,2034,3.9,84.5,683,91.9,8.1
12086010193,Census Tract 101.93; Miami-Dade County; Florida,0.6,17.3,45.9,36.2,84.5,15.5,2645,10.4,52.5,1503,98.4,1.6
12086010198,Census Tract 101.98; Miami-Dade County; Florida,0.0,26.0,39.0,35.0,93.1,6.9,2637,0.0,50.0,1145,97.6,2.4
12086010201,Census Tract 102.01; Miami-Dade County; Florida,3.9,20.2,36.7,39.3,98.5,1.5,-666666666,0.0,100.0,1436,99.2,0.8
12086010205,Census Tract 102.05; Miami-Dade County; Florida,2.7,25.0,37.2,35.1,89.5,10.5,1674,13.9,39.6,1447,98.8,1.2
12086010207,Census Tract 102.07; Miami-Dade County; Florida,21.2,42.6,30.6,5.6,5.2,94.8,1335,7.2,52.3,1972,93.8,6.2
12086010208,Census Tract 102.08; Miami-Dade County; Florida,12.0,44.6,23.0,20.3,36.9,63.1,1362,15.0,47.5,1702,92.8,7.2
12086010209,Census Tract 102.09; Miami-Dade County; Florida,5.8,16.0,47.4,30.7,83.7,16.3,1974,20.0,55.3,1769,97.3,2.7
12086010211,Census Tract 102.11; Miami-Dade County; Florida,1.0,24.2,43.4,31.3,73.5,26.5,2149,9.9,76.7,1439,100.0,0.0
12086010212,Census Tract 102.12; Miami-Dade County; Florida,2.0,19.8,26.4,51.7,90.8,9.2,-666666666,0.0,0.0,815,91.5,8.5
12086010213,Census Tract 102.13; Miami-Dade County; Florida,13.9,24.6,26.1,35.5,54.7,45.3,1594,4.7,54.1,1470,97.2,2.8
12086010214,Census Tract 102.14; Miami-Dade County; Florida,5.2,44.4,14.0,36.3,68.2,31.8,-666666666,29.9,28.7,703,93.2,6.8
12086010301,Census Tract 103.01; Miami-Dade County; Florida,3.7,30.4,29.9,36.0,61.7,38.3,1368,21.2,40.5,1006,98.0,2.0
12086010302,Census Tract 103.02; Miami-Dade County; Florida,1.0,14.2,39.0,45.8,64.2,35.8,1671,0.0,48.6,909,97.8,2.2
12086010303,Census Tract 103.03; Miami-Dade County; Florida,0.0,28.2,42.6,29.2,83.5,16.5,-666666666,0.0,27.9,1292,94.7,5.3
12086010400,Census Tract 104; Miami-Dade County; Florida,2.4,35.1,38.2,24.4,63.2,36.8,1642,26.3,54.0,1900,94.0,6.0
12086010501,Census Tract 105.01; Miami-Dade County; Florida,18.3,29.5,32.7,19.4,39.7,60.3,943,14.1,58.0,2206,91.4,8.6
12086010502,Census Tract 105.02; Miami-Dade County; Florida,1.5,21.3,54.1,23.1,75.9,24.1,1750,0.0,33.8,3138,97.6,2.4
12086010604,Census Tract 106.04; Miami-Dade County; Florida,2.6,12.3,47.4,37.8,84.7,15.3,2642,27.0,51.7,1530,93.7,6.3
12086010608,Census Tract 106.08; Miami-Dade County; Florida,1.8,24.3,46.7,27.2,73.6,26.4,2173,7.5,59.6,1718,98.2,1.8
12086010609,Census Tract 106.09; Miami-Dade County; Florida,11.0,45.9,28.4,14.6,26.6,73.4,1338,8.4,55.8,2250,95.0,5.0
12086010610,Census Tract 106.10; Miami-Dade County; Florida,10.1,24.7,37.5,27.7,78.7,21.3,286,21.6,28.2,1547,87.1,12.9
12086010613,Census Tract 106.13; Miami-Dade County; Florida,6.1,40.1,46.1,7.7,46.0,54.0,1687,19.0,48.5,2364,96.7,3.3
12086010618,Census Tract 106.18; Miami-Dade County; Florida,9.0,14.0,47.5,29.5,70.3,29.7,2694,5.6,66.3,1371,96.4,3.6
12086010619,Census Tract 106.19; Miami-Dade County; Florida,0.0,32.8,37.6,29.6,83.4,16.6,1493,24.6,66.9,840,93.3,6.7
12086010620,Census Tract 106.20; Miami-Dade County; Florida,0.9,11.9,52.0,35.3,85.8,14.2,3501,18.4,68.1,995,100.0,0.0
12086010621,Census Tract 106.21; Miami-Dade County; Florida,0.0,26.4,43.9,29.8,70.1,29.9,2094,0.0,66.0,1411,100.0,0.0
12086010622,Census Tract 106.22; Miami-Dade County; Florida,5.3,20.3,60.7,13.7,50.2,49.8,1550,10.8,29.0,1364,93.7,6.3
12086010623,Census Tract 106.23; Miami-Dade County; Florida,5.4,16.3,51.6,26.7,64.4,35.6,1913,19.2,37.3,1061,95.6,4.4
12086010624,Census Tract 106.24; Miami-Dade County; Florida,10.4,28.0,35.2,26.3,86.8,13.2,2631,0.0,57.1,968,100.0,0.0
12086010625,Census Tract 106.25; Miami-Dade County; Florida,0.0,30.4,46.9,22.8,66.3,33.7,2290,8.0,54.2,1845,100.0,0.0
12086010626,Census Tract 106.26; Miami-Dade County; Florida,4.5,39.4,33.0,23.2,42.7,57.3,1658,0.0,60.3,1227,98.1,1.9
12086010705,Census Tract 107.05; Miami-Dade County; Florida,3.0,37.0,31.0,29.0,66.1,33.9,1775,3.9,76.6,1543,98.0,2.0
12086010706,Census Tract 107.06; Miami-Dade County; Florida,8.2,23.9,48.6,19.3,48.1,51.9,692,3.2,46.8,979,97.1,2.9
12086010707,Census Tract 107.07; Miami-Dade County; Florida,8.5,11.0,34.5,45.9,81.6,18.4,666,0.0,44.0,1031,95.7,4.3
12086010708,Census Tract 107.08; Miami-Dade County; Florida,13.3,21.6,37.2,27.9,65.9,34.1,1546,9.3,90.7,1700,98.8,1.2
12086010709,Census Tract 107.09; Miami-Dade County; Florida,2.6,19.6,57.7,20.1,90.2,9.8,1770,5.0,82.4,1793,95.5,4.5
12086010710,Census Tract 107.10; Miami-Dade County; Florida,3.4,29.3,30.4,36.8,68.0,32.0,1487,0.0,51.0,2228,96.6,3.4
12086010803,Census Tract 108.03; Miami-Dade County; Florida,21.7,26.3,42.8,9.2,20.4,79.6,1673,9.5,48.1,1402,91.1,8.9
12086010804,Census Tract 108.04; Miami-Dade County; Florida,13.5,46.7,25.7,14.1,17.3,82.7,1616,2.5,58.4,2722,93.9,6.1
12086010805,Census Tract 108.05; Miami-Dade County; Florida,8.3,49.9,28.1,13.7,27.4,72.6,1680,4.6,65.3,2056,97.3,2.7
12086010806,Census Tract 108.06; Miami-Dade County; Florida,6.5,29.3,41.6,22.7,51.2,48.8,1873,8.0,55.2,1386,94.4,5.6
12086010900,Census Tract 109; Miami-Dade County; Florida,3.1,44.1,42.4,10.3,20.7,79.3,1344,8.2,52.3,2354,96.9,3.1
12086011003,Census Tract 110.03; Miami-Dade County; Florida,8.2,18.8,37.9,35.0,70.0,30.0,2231,7.9,36.4,1311,96.3,3.7
12086011008,Census Tract 110.08; Miami-Dade County; Florida,0.7,18.1,66.0,15.2,62.4,37.6,2100,4.7,55.0,1427,96.6,3.4
12086011009,Census Tract 110.09; Miami-Dade County; Florida,6.3,28.9,44.2,20.6,53.6,46.4,1985,3.0,41.6,2278,98.8,1.2
12086011010,Census Tract 110.10; Miami-Dade County; Florida,26.9,36.1,27.0,10.0,9.6,90.4,1323,22.9,51.3,1903,94.6,5.4
12086011011,Census Tract 110.11; Miami-Dade County; Florida,2.6,40.6,36.0,20.8,47.1,52.9,1124,16.1,33.0,1367,98.0,2.0
12086011012,Census Tract 110.12; Miami-Dade County; Florida,5.1,22.5,34.3,38.2,86.8,13.2,2133,0.0,73.2,668,97.3,2.7
12086011013,Census Tract 110.13; Miami-Dade County; Florida,3.8,15.9,42.6,37.8,80.8,19.2,1660,11.6,69.6,1031,90.5,9.5
12086011014,Census Tract 110.14; Miami-Dade County; Florida,5.5,39.5,43.8,11.3,66.5,33.5,1833,4.5,57.3,1612,98.4,1.6
12086011015,Census Tract 110.15; Miami-Dade County; Florida,0.0,28.2,45.0,26.7,86.6,13.4,2407,0.0,58.7,3160,93.5,6.5
12086011103,Census Tract 111.03; Miami-Dade County; Florida,1.8,35.4,51.3,11.5,27.5,72.5,1594,2.8,83.1,1152,92.2,7.8
12086011104,Census Tract 111.04; Miami-Dade County; Florida,22.6,28.9,40.6,7.8,21.1,78.9,1355,0.7,55.9,1641,97.2,2.8
12086011105,Census Tract 111.05; Miami-Dade County; Florida,4.4,15.8,31.1,48.7,85.4,14.6,1794,0.0,70.8,1194,98.2,1.8
12086011106,Census Tract 111.06; Miami-Dade County; Florida,6.3,31.4,32.1,30.2,72.7,27.3,1675,26.6,73.4,1070,95.2,4.8
12086011203,Census Tract 112.03; Miami-Dade County; Florida,14.1,39.9,31.8,14.2,25.5,74.5,1544,4.4,63.6,1749,91.9,8.1
12086011204,Census Tract 112.04; Miami-Dade County; Florida,3.1,22.0,39.2,35.8,88.2,11.8,1861,0.0,30.3,646,100.0,0.0
12086011205,Census Tract 112.05; Miami-Dade County; Florida,4.7,28.0,42.2,25.1,63.6,36.4,1063,25.3,35.8,1188,97.6,2.4
12086011206,Census Tract 112.06; Miami-Dade County; Florida,2.0,11.5,41.7,44.9,88.0,12.0,1726,14.4,46.4,929,91.0,9.0
12086011301,Census Tract 113.01; Miami-Dade County; Florida,7.9,67.0,14.0,11.2,16.0,84.0,1131,7.9,65.4,1502,93.1,6.9
12086011302,Census Tract 113.02; Miami-Dade County; Florida,32.1,39.6,12.6,15.7,20.7,79.3,1138,8.8,73.5,1969,98.1,1.9
12086011405,Census Tract 114.05; Miami-Dade County; Florida,6.8,51.7,31.5,10.0,31.6,68.4,1314,10.3,39.8,1414,93.8,6.2
12086011406,Census Tract 114.06; Miami-Dade County; Florida,3.3,39.4,32.1,25.2,57.3,42.7,1425,0.0,63.8,1133,95.1,4.9
12086011407,Census Tract 114.07; Miami-Dade County; Florida,1.1,23.1,55.2,20.6,51.9,48.1,1808,12.0,52.8,1055,92.0,8.0
12086011408,Census Tract 114.08; Miami-Dade County; Florida,0.0,59.8,31.3,9.0,4.2,95.8,959,46.4,18.3,750,92.1,7.9
12086011409,Census Tract 114.09; Miami-Dade County; Florida,0.8,59.4,31.8,8.0,47.9,52.1,1777,3.7,59.5,2036,93.2,6.8
12086011410,Census Tract 114.10; Miami-Dade County; Florida,4.6,36.3,41.9,17.1,46.5,53.5,2002,17.0,14.8,1673,84.7,15.3
12086011411,Census Tract 114.11; Miami-Dade County; Florida,0.0,21.3,57.4,21.3,74.4,25.6,2695,0.0,78.6,824,95.1,4.9
12086011412,Census Tract 114.12; Miami-Dade County; Florida,0.7,32.8,58.3,8.1,36.2,63.8,1787,7.5,58.4,2924,96.2,3.8
12086011500,Census Tract 115; Miami-Dade County; Florida,0.8,17.8,39.4,42.0,84.1,15.9,2623,9.6,63.8,2115,89.6,10.4
12086011601,Census Tract 116.01; Miami-Dade County; Florida,5.2,46.0,33.8,14.9,71.1,28.9,1822,4.7,37.4,1191,97.7,2.3
12086011602,Census Tract 116.02; Miami-Dade County; Florida,2.1,39.9,40.4,17.6,30.1,69.9,2135,4.8,39.6,1585,94.8,5.2
12086011701,Census Tract 117.01; Miami-Dade County; Florida,1.0,5.0,62.8,31.2,100.0,0.0,-666666666,-666666666.0,-666666666.0,622,96.3,3.7
12086011702,Census Tract 117.02; Miami-Dade County; Florida,17.7,35.8,37.2,9.3,21.9,78.1,1608,12.7,57.2,1861,95.7,4.3
12086011800,Census Tract 118; Miami-Dade County; Florida,0.0,14.3,46.3,39.5,87.8,12.2,2256,9.0,35.1,1118,97.9,2.1
12086011900,Census Tract 119; Miami-Dade County; Florida,2.6,20.2,39.4,37.8,76.6,23.4,2079,2.0,58.4,2088,93.3,6.7
12086012001,Census Tract 120.01; Miami-Dade County; Florida,2.7,46.4,43.1,7.8,5.4,94.6,1828,6.4,64.0,1403,90.9,9.1
12086012002,Census Tract 120.02; Miami-Dade County; Florida,7.7,56.7,32.8,2.8,16.3,83.7,1656,7.5,61.9,2528,89.1,10.9
12086012101,Census Tract 121.01; Miami-Dade County; Florida,0.7,37.4,58.0,3.9,71.0,29.0,2205,19.6,48.5,1249,98.2,1.8
12086012102,Census Tract 121.02; Miami-Dade County; Florida,6.6,11.4,73.1,8.9,32.3,67.7,1784,16.4,33.1,1893,98.4,1.6
12086012103,Census Tract 121.03; Miami-Dade County; Florida,0.0,36.3,51.2,12.5,36.6,63.4,1899,24.8,44.6,1307,95.6,4.4
12086012104,Census Tract 121.04; Miami-Dade County; Florida,1.2,46.5,41.2,11.2,43.2,56.8,1818,2.3,72.5,607,100.0,0.0
12086012105,Census Tract 121.05; Miami-Dade County; Florida,5.5,21.0,55.5,17.9,49.5,50.5,1950,23.7,55.6,937,100.0,0.0
12086012200,Census Tract 122; Miami-Dade County; Florida,2.5,11.4,52.2,33.9,90.6,9.4,3205,45.5,38.5,1588,96.0,4.0
12086012301,Census Tract 123.01; Miami-Dade County; Florida,3.2,10.1,52.4,34.3,71.9,28.1,2637,0.0,86.1,750,100.0,0.0
12086012302,Census Tract 123.02; Miami-Dade County; Florida,5.4,15.1,42.9,36.6,82.6,17.4,2669,12.3,78.1,1313,100.0,0.0
12086012401,Census Tract 124.01; Miami-Dade County; Florida,0.0,29.6,23.4,47.1,78.5,21.5,2637,0.0,76.9,1370,100.0,0.0
12086012402,Census Tract 124.02; Miami-Dade County; Florida,2.0,10.6,43.0,44.4,96.0,4.0,1525,0.0,71.1,944,100.0,0.0
12086012403,Census Tract 124.03; Miami-Dade County; Florida,10.0,15.0,43.7,31.3,88.2,11.8,890,0.0,66.2,552,100.0,0.0
12086012501,Census Tract 125.01; Miami-Dade County; Florida,3.3,15.7,54.0,27.0,91.8,8.2,-666666666,0.0,100.0,522,100.0,0.0
12086012502,Census Tract 125.02; Miami-Dade County; Florida,2.0,11.6,52.1,34.3,83.4,16.6,2181,15.3,64.4,1237,100.0,0.0
12086012601,Census Tract 126.01; Miami-Dade County; Florida,0.9,23.3,55.0,20.8,53.8,46.2,2153,12.2,57.9,1047,100.0,0.0
12086012602,Census Tract 126.02; Miami-Dade County; Florida,3.4,15.0,49.2,32.4,64.6,35.4,2170,32.0,17.3,1057,98.6,1.4
12086012701,Census Tract 127.01; Miami-Dade County; Florida,6.0,15.2,55.8,23.1,79.5,20.5,2929,11.0,58.3,4112,95.8,4.2
12086012702,Census Tract 127.02; Miami-Dade County; Florida,0.0,16.3,43.3,40.4,91.2,8.8,-666666666,0.0,55.3,1428,97.5,2.5
12086012801,Census Tract 128.01; Miami-Dade County; Florida,0.0,28.4,35.5,36.1,94.2,5.8,-666666666,0.0,0.0,1405,98.1,1.9
12086012802,Census Tract 128.02; Miami-Dade County; Florida,0.6,32.2,50.6,16.6,62.3,37.7,2627,24.1,42.0,1268,100.0,0.0
12086012900,Census Tract 129; Miami-Dade County; Florida,0.8,32.2,41.6,25.5,51.1,48.9,1914,13.6,46.6,1661,95.5,4.5
12086013000,Census Tract 130; Miami-Dade County; Florida,3.9,31.0,36.1,29.1,69.7,30.3,1903,7.8,56.7,1438,99.0,1.0
12086013100,Census Tract 131; Miami-Dade County; Florida,3.4,29.2,50.9,16.5,44.5,55.5,1821,9.0,55.1,1822,98.8,1.2
12086013201,Census Tract 132.01; Miami-Dade County; Florida,2.8,28.9,28.2,40.1,73.9,26.1,1844,5.4,8.6,716,99.0,1.0
12086013202,Census Tract 132.02; Miami-Dade County; Florida,3.2,10.9,41.9,44.1,81.8,18.2,2042,0.0,43.5,1023,98.9,1.1
12086013301,Census Tract 133.01; Miami-Dade County; Florida,2.6,34.1,36.5,26.8,68.6,31.4,1862,17.7,60.9,956,97.6,2.4
12086013302,Census Tract 133.02; Miami-Dade County; Florida,4.1,24.6,59.2,12.1,38.2,61.8,1843,7.5,55.2,1059,100.0,0.0
12086013400,Census Tract 134; Miami-Dade County; Florida,6.0,40.3,33.6,20.1,63.9,36.1,1837,5.2,56.2,1748,96.0,4.0
12086013500,Census Tract 135; Miami-Dade County; Florida,10.2,39.5,44.5,5.8,25.8,74.2,1701,5.7,50.9,1837,94.6,5.4
12086013600,Census Tract 136; Miami-Dade County; Florida,9.1,33.0,36.8,21.1,36.8,63.2,1691,9.9,51.8,2072,96.7,3.3
12086013700,Census Tract 137; Miami-Dade County; Florida,9.3,38.2,44.8,7.6,41.8,58.2,1664,7.1,67.8,2277,98.3,1.7
12086013801,Census Tract 138.01; Miami-Dade County; Florida,4.5,30.2,46.0,19.3,63.9,36.1,2002,0.0,57.7,712,93.8,6.2
12086013802,Census Tract 138.02; Miami-Dade County; Florida,8.5,63.3,27.4,0.8,18.8,81.3,1507,7.4,52.7,1717,98.8,1.2
12086013900,Census Tract 139; Miami-Dade County; Florida,0.6,21.7,61.0,16.7,66.5,33.5,2120,20.4,61.0,1419,99.9,0.1
12086014100,Census Tract 141; Miami-Dade County; Florida,0.0,57.1,0.0,42.9,42.9,57.1,-666666666,-666666666.0,-666666666.0,28,100.0,0.0
12086014200,Census Tract 142; Miami-Dade County; Florida,0.7,21.3,43.4,34.7,91.4,8.6,2798,0.0,19.1,1483,100.0,0.0
12086014300,Census Tract 143; Miami-Dade County; Florida,2.5,28.4,37.9,31.2,90.1,9.9,2660,0.0,66.1,1160,97.9,2.1
12086014400,Census Tract 144; Miami-Dade County; Florida,0.9,28.3,45.6,25.1,64.7,35.3,2219,4.5,83.1,1528,96.8,3.2
12086014500,Census Tract 145; Miami-Dade County; Florida,2.8,18.2,44.3,34.6,90.3,9.7,1947,4.7,50.4,1369,95.4,4.6
12086014601,Census Tract 146.01; Miami-Dade County; Florida,7.2,59.4,24.1,9.4,37.2,62.8,1705,6.3,61.4,1407,90.3,9.7
12086014602,Census Tract 146.02; Miami-Dade County; Florida,3.4,52.5,31.1,13.0,54.9,45.1,2161,3.1,79.1,1510,97.4,2.6
12086014701,Census Tract 147.01; Miami-Dade County; Florida,24.2,41.8,21.5,12.5,40.2,59.8,1758,12.5,72.5,894,93.2,6.8
12086014702,Census Tract 147.02; Miami-Dade County; Florida,0.0,23.2,55.7,21.1,65.4,34.6,1853,0.0,51.2,1528,93.9,6.1
12086014800,Census Tract 148; Miami-Dade County; Florida,5.9,21.9,40.7,31.4,52.8,47.2,1523,7.5,57.6,1950,95.9,4.1
12086014900,Census Tract 149; Miami-Dade County; Florida,1.5,28.4,29.5,40.6,75.6,24.4,2487,5.3,65.9,1735,99.3,0.7
12086015001,Census Tract 150.01; Miami-Dade County; Florida,4.9,18.8,47.7,28.6,87.8,12.2,2300,0.0,86.9,1523,100.0,0.0
12086015002,Census Tract 150.02; Miami-Dade County; Florida,1.1,14.8,37.0,47.1,76.6,23.4,3066,0.0,71.1,1351,96.2,3.8
12086015101,Census Tract 151.01; Miami-Dade County; Florida,0.9,36.6,33.7,28.9,65.3,34.7,2855,4.6,95.4,1381,100.0,0.0
12086015102,Census Tract 151.02; Miami-Dade County; Florida,0.0,31.7,32.1,36.2,89.2,10.8,2333,14.1,0.0,873,100.0,0.0
12086015103,Census Tract 151.03; Miami-Dade County; Florida,1.9,6.6,47.1,44.4,67.5,32.5,3171,7.2,5.9,978,93.9,6.1
12086015201,Census Tract 152.01; Miami-Dade County; Florida,0.0,25.1,39.3,35.6,62.5,37.5,2686,13.1,21.6,969,100.0,0.0
12086015202,Census Tract 152.02; Miami-Dade County; Florida,1.9,29.4,50.2,18.5,67.4,32.6,1916,4.0,52.4,1223,100.0,0.0
12086015300,Census Tract 153; Miami-Dade County; Florida,2.0,15.8,48.8,33.5,85.2,14.8,2772,11.5,59.7,1959,99.1,0.9
12086015400,Census Tract 154; Miami-Dade County; Florida,3.7,15.5,47.8,33.1,93.8,6.2,2429,19.1,54.5,1827,96.9,3.1
12086015501,Census Tract 155.01; Miami-Dade County; Florida,9.5,34.4,27.3,28.9,95.4,4.6,-666666666,0.0,100.0,984,98.8,1.2
12086015502,Census Tract 155.02; Miami-Dade County; Florida,5.9,16.8,37.6,39.6,83.7,16.3,2609,0.0,83.2,968,95.8,4.2
12086015600,Census Tract 156; Miami-Dade County; Florida,1.9,22.3,62.3,13.5,74.0,26.0,2192,5.1,32.9,1706,96.5,3.5
12086015700,Census Tract 157; Miami-Dade County; Florida,0.3,4.6,50.9,44.2,82.8,17.2,3501,11.5,81.6,728,90.4,9.6
12086015800,Census Tract 158; Miami-Dade County; Florida,0.6,28.7,44.1,26.6,79.6,20.4,2017,20.1,62.9,1665,95.9,4.1
12086015900,Census Tract 159; Miami-Dade County; Florida,2.3,30.5,33.0,34.1,75.3,24.7,2162,56.9,19.5,1094,98.3,1.7
12086016000,Census Tract 160; Miami-Dade County; Florida,0.9,34.3,43.9,20.9,80.9,19.1,2005,12.3,61.7,1679,96.2,3.8
12086016100,Census Tract 161; Miami-Dade County; Florida,2.0,20.3,51.2,26.5,93.0,7.0,2961,31.8,45.8,1556,98.6,1.4
12086016200,Census Tract 162; Miami-Dade County; Florida,6.7,27.7,53.9,11.8,89.2,10.8,2397,0.0,92.3,1190,97.8,2.2
12086016300,Census Tract 163; Miami-Dade County; Florida,0.4,13.8,46.1,39.7,91.6,8.4,3329,10.4,40.9,1533,96.1,3.9
12086016401,Census Tract 164.01; Miami-Dade County; Florida,0.0,18.3,46.4,35.4,85.2,14.8,2782,0.0,63.6,1484,100.0,0.0
12086016402,Census Tract 164.02; Miami-Dade County; Florida,2.2,18.9,53.1,25.8,93.0,7.0,3501,0.0,100.0,667,100.0,0.0
12086016501,Census Tract 165.01; Miami-Dade County; Florida,6.7,4.4,51.3,37.6,82.9,17.1,2687,0.0,0.0,945,100.0,0.0
12086016502,Census Tract 165.02; Miami-Dade County; Florida,0.0,14.8,57.5,27.7,86.5,13.5,2582,0.0,50.2,1500,100.0,0.0
12086016600,Census Tract 166; Miami-Dade County; Florida,4.3,36.4,38.5,20.7,83.9,16.1,1827,0.0,34.0,1435,98.9,1.1
12086016700,Census Tract 167; Miami-Dade County; Florida,0.0,19.5,50.3,30.2,72.5,27.5,2521,29.8,43.1,1404,97.5,2.5
12086016800,Census Tract 168; Miami-Dade County; Florida,1.0,28.3,49.4,21.3,68.5,31.5,2127,6.1,65.1,1309,95.2,4.8
12086016900,Census Tract 169; Miami-Dade County; Florida,2.9,47.7,36.0,13.4,63.3,36.7,1799,6.6,57.3,1894,97.4,2.6
12086017000,Census Tract 170; Miami-Dade County; Florida,3.6,27.0,54.3,15.1,64.5,35.5,1994,8.6,56.2,1930,93.7,6.3
12086017101,Census Tract 171.01; Miami-Dade County; Florida,1.3,44.4,37.7,16.6,62.8,37.2,1816,9.6,46.0,1502,98.7,1.3
12086017102,Census Tract 171.02; Miami-Dade County; Florida,1.5,28.7,60.8,9.0,66.8,33.2,1740,9.4,43.4,930,97.8,2.2
12086017200,Census Tract 172; Miami-Dade County; Florida,4.1,32.7,34.3,28.9,79.5,20.5,3195,0.0,34.7,1316,100.0,0.0
12086017300,Census Tract 173; Miami-Dade County; Florida,4.1,47.0,28.5,20.4,56.6,43.4,1808,1.9,65.5,1689,97.8,2.2
12086017401,Census Tract 174.01; Miami-Dade County; Florida,1.1,28.2,35.7,35.0,98.9,1.1,-666666666,0.0,100.0,478,92.1,7.9
12086017402,Census Tract 174.02; Miami-Dade County; Florida,0.0,52.2,37.3,10.5,60.6,39.4,1471,3.5,48.6,2045,97.2,2.8
12086017500,Census Tract 175; Miami-Dade County; Florida,17.7,36.8,37.1,8.5,24.7,75.3,1378,7.4,58.7,1453,96.8,3.2
12086017600,Census Tract 176; Miami-Dade County; Florida,2.6,37.8,48.5,11.0,33.3,66.7,1897,1.1,58.0,2683,95.8,4.2
12086017700,Census Tract 177; Miami-Dade County; Florida,7.7,35.4,47.5,9.3,45.0,55.0,1538,12.4,48.1,1686,97.2,2.8
12086017800,Census Tract 178; Miami-Dade County; Florida,4.1,46.2,40.6,9.1,25.9,74.1,1692,14.8,52.8,2299,93.6,6.4
12086017901,Census Tract 179.01; Miami-Dade County; Florida,0.0,21.8,40.1,38.1,93.0,7.0,-666666666,0.0,0.0,1213,97.9,2.1
12086017902,Census Tract 179.02; Miami-Dade County; Florida,0.0,16.2,43.7,40.1,95.4,4.6,2165,17.5,74.6,1388,98.6,1.4
12086018001,Census Tract 180.01; Miami-Dade County; Florida,0.0,16.1,57.3,26.5,97.7,2.3,-666666666,0.0,38.5,565,100.0,0.0
12086018002,Census Tract 180.02; Miami-Dade County; Florida,0.0,11.8,55.0,33.2,80.3,19.7,2192,8.3,41.7,821,97.7,2.3
12086018003,Census Tract 180.03; Miami-Dade County; Florida,1.7,37.1,42.5,18.7,44.7,55.3,2255,10.1,59.4,2598,96.9,3.1
12086018100,Census Tract 181; Miami-Dade County; Florida,2.4,40.3,36.3,21.0,65.1,34.9,1847,1.6,74.8,1769,100.0,0.0
12086018200,Census Tract 182; Miami-Dade County; Florida,2.9,35.1,41.3,20.7,59.5,40.5,1797,11.6,64.9,843,97.0,3.0
12086018300,Census Tract 183; Miami-Dade County; Florida,2.4,24.5,45.5,27.7,69.2,30.8,2521,18.4,70.5,1424,98.2,1.8
12086018400,Census Tract 184; Miami-Dade County; Florida,5.3,49.1,35.1,10.4,46.3,53.7,1825,24.0,49.3,1706,94.3,5.7
12086018500,Census Tract 185; Miami-Dade County; Florida,13.6,34.5,27.8,24.1,41.6,58.4,2138,8.9,49.0,1866,97.3,2.7
12086018601,Census Tract 186.01; Miami-Dade County; Florida,3.6,35.9,29.5,31.0,64.3,35.7,2911,0.0,82.4,1254,100.0,0.0
12086018602,Census Tract 186.02; Miami-Dade County; Florida,8.1,35.1,35.6,21.1,64.4,35.6,1903,18.9,60.5,1307,93.0,7.0
12086018700,Census Tract 187; Miami-Dade County; Florida,0.6,27.5,30.8,41.0,91.2,8.8,-666666666,0.0,100.0,1293,97.8,2.2
12086018801,Census Tract 188.01; Miami-Dade County; Florida,0.6,23.8,44.9,30.7,78.3,21.7,1831,0.0,57.1,845,95.6,4.4
12086018802,Census Tract 188.02; Miami-Dade County; Florida,4.2,44.8,43.4,7.6,17.3,82.7,1951,1.8,53.2,1084,97.3,2.7
12086018803,Census Tract 188.03; Miami-Dade County; Florida,1.8,34.7,55.4,8.1,62.0,38.0,1805,2.6,57.4,1302,94.7,5.3
12086018901,Census Tract 189.01; Miami-Dade County; Florida,4.7,35.3,49.0,11.0,93.9,6.1,-666666666,48.3,0.0,1132,93.6,6.4
12086018902,Census Tract 189.02; Miami-Dade County; Florida,0.0,20.0,60.0,20.0,95.2,4.8,-666666666,0.0,100.0,1100,100.0,0.0
12086019000,Census Tract 190; Miami-Dade County; Florida,3.3,26.0,41.8,28.9,81.0,19.0,2239,11.2,34.6,2113,99.5,0.5
12086019100,Census Tract 191; Miami-Dade County; Florida,9.9,47.6,26.7,15.8,47.8,52.2,1790,0.0,69.4,2347,98.1,1.9
12086019200,Census Tract 192; Miami-Dade County; Florida,1.7,30.5,42.7,25.1,82.0,18.0,2063,2.5,42.7,1738,97.1,2.9
12086019301,Census Tract 193.01; Miami-Dade County; Florida,7.2,43.7,33.1,16.1,78.2,21.8,2082,6.9,72.1,990,94.3,5.7
12086019302,Census Tract 193.02; Miami-Dade County; Florida,3.7,32.6,31.4,32.3,60.2,39.8,2214,7.8,63.2,1781,97.6,2.4
12086019401,Census Tract 194.01; Miami-Dade County; Florida,0.0,26.5,57.1,16.4,72.8,27.2,2946,0.0,52.6,945,97.0,3.0
12086019402,Census Tract 194.02; Miami-Dade County; Florida,0.0,19.5,50.4,30.1,61.4,38.6,2296,17.1,57.0,1768,97.7,2.3
12086019501,Census Tract 195.01; Miami-Dade County; Florida,3.9,30.2,47.5,18.4,75.4,24.6,2359,15.2,54.6,1375,94.8,5.2
12086019502,Census Tract 195.02; Miami-Dade County; Florida,11.1,21.7,34.3,32.9,79.8,20.2,2347,65.3,16.0,1298,100.0,0.0
12086019600,Census Tract 196; Miami-Dade County; Florida,0.6,14.6,52.7,32.1,85.4,14.6,2795,0.0,84.7,1887,97.8,2.2
12086019700,Census Tract 197; Miami-Dade County; Florida,2.1,9.3,53.9,34.6,93.3,6.7,2052,27.4,64.5,1123,100.0,0.0
12086019801,Census Tract 198.01; Miami-Dade County; Florida,0.0,15.8,37.2,47.0,86.7,13.3,3257,0.0,79.2,1446,100.0,0.0
12086019802,Census Tract 198.02; Miami-Dade County; Florida,1.6,16.4,50.5,31.4,97.4,2.6,-666666666,0.0,0.0,1654,100.0,0.0
12086019901,Census Tract 199.01; Miami-Dade County; Florida,0.0,25.2,46.5,28.3,75.8,24.2,3091,0.0,43.8,1261,96.1,3.9
12086019902,Census Tract 199.02; Miami-Dade County; Florida,2.2,31.8,48.5,17.5,64.9,35.1,2246,3.3,52.5,2229,96.1,3.9
12086020001,Census Tract 200.01; Miami-Dade County; Florida,1.9,18.2,28.8,51.1,94.7,5.3,-666666666,-666666666.0,-666666666.0,617,100.0,0.0
12086020002,Census Tract 200.02; Miami-Dade County; Florida,3.7,11.8,38.3,46.1,82.2,17.8,3501,41.6,21.4,1444,100.0,0.0
12086020100,Census Tract 201; Miami-Dade County; Florida,1.9,19.7,39.7,38.7,78.9,21.1,2310,0.0,81.6,1133,100.0,0.0
12086020200,Census Tract 202; Miami-Dade County; Florida,0.0,40.5,32.2,27.3,42.8,57.2,1704,10.0,55.2,1655,95.9,4.1
12086020300,Census Tract 203; Miami-Dade County; Florida,4.3,19.1,43.5,33.1,85.8,14.2,2303,0.0,74.5,1049,99.1,0.9
12086490100,Census Tract 4901; Miami-Dade County; Florida,3.1,38.8,34.3,23.8,40.5,59.5,1256,19.5,39.0,497,98.0,2.0
12086980100,Census Tract 9801; Miami-Dade County; Florida,-666666666.0,-666666666.0,-666666666.0,-666666666.0,-666666666.0,-666666666.0,-666666666,-666666666.0,-666666666.0,0,-666666666.0,-666666666.0
12086980200,Census Tract 9802; Miami-Dade County; Florida,-666666666.0,-666666666.0,-666666666.0,-666666666.0,-666666666.0,-666666666.0,-666666666,-666666666.0,-666666666.0,0,-666666666.0,-666666666.0
12086980300,Census Tract 9803; Miami-Dade County; Florida,0.0,100.0,0.0,0.0,0.0,100.0,-666666666,0.0,0.0,12,33.3,66.7
12086980400,Census Tract 9804; Miami-Dade County; Florida,-666666666.0,-666666666.0,-666666666.0,-666666666.0,-666666666.0,-666666666.0,-666666666,-666666666.0,-666666666.0,0,-666666666.0,-666666666.0
12086980500,Census Tract 9805; Miami-Dade County; Florida,0.0,65.6,25.7,8.7,0.0,100.0,2506,12.0,52.0,242,90.1,9.9
12086980600,Census Tract 9806; Miami-Dade County; Florida,-666666666.0,-666666666.0,-666666666.0,-666666666.0,-666666666.0,-666666666.0,-666666666,-666666666.0,-666666666.0,0,-666666666.0,-666666666.0
12086980700,Census Tract 9807; Miami-Dade County; Florida,57.0,21.9,21.1,0.0,0.0,100.0,-666666666,0.0,77.2,253,93.7,6.3
12086980800,Census Tract 9808; Miami-Dade County; Florida,-666666666.0,-666666666.0,-666666666.0,-666666666.0,-666666666.0,-666666666.0,-666666666,-666666666.0,-666666666.0,0,-666666666.0,-666666666.0
12086980900,Census Tract 9809; Miami-Dade County; Florida,-666666666.0,-666666666.0,-666666666.0,-666666666.0,-666666666.0,-666666666.0,-666666666,-666666666.0,-666666666.0,0,-666666666.0,-666666666.0
12086981000,Census Tract 9810; Miami-Dade County; Florida,-666666666.0,-666666666.0,-666666666.0,-666666666.0,-666666666.0,-666666666.0,-666666666,-666666666.0,-666666666.0,0,-666666666.0,-666666666.0
12086981100,Census Tract 9811; Miami-Dade County; Florida,42.3,7.7,50.0,0.0,0.0,100.0,1700,80.8,11.5,26,100.0,0.0
12086981200,Census Tract 9812; Miami-Dade County; Florida,-666666666.0,-666666666.0,-666666666.0,-666666666.0,-666666666.0,-666666666.0,-666666666,-666666666.0,-666666666.0,0,-666666666.0,-666666666.0
12086981300,Census Tract 9813; Miami-Dade County; Florida,0.0,88.7,0.0,11.3,90.6,9.4,-666666666,0.0,100.0,53,100.0,0.0
12086990000,Census Tract 9900; Miami-Dade County; Florida,-666666666.0,-666666666.0,-666666666.0,-666666666.0,-666666666.0,-666666666.0,-666666666,-666666666.0,-666666666.0,0,-666666666.0,-666666666.0
