tract_geoid,current_tier,current_score,predicted_current,predicted_2yr,predicted_3yr,projected_tier_2yr,projected_tier_3yr,score_change_3yr,score_change_pct,current_rank,projected_rank_3yr,tier_worsened,fragile
12086000107,Moderate,0.1187797921547306,0.116244905,0.12989411,0.13584195,High,High,0.019597046,16.858412,1,2,True,True
12086000109,Moderate,0.1052782637963104,0.10301131,0.08654809,0.07813989,Low,Low,-0.024871416,-24.144354,1,0,False,False
12086000141,Low,0.0702057320201025,0.06832468,0.08116133,0.08791332,Low,Moderate,0.019588642,28.669935,0,1,True,False
12086000115,Low,0.0702436545259182,0.06349755,0.06852378,0.07461539,Low,Low,0.011117838,17.509083,0,0,False,False
12086000118,Low,0.0573104849699577,0.061838068,0.046562687,0.04476297,Low,Low,-0.017075099,-27.6126,0,0,False,False
12086000144,Low,0.0647825531349871,0.05800106,0.052859437,0.051405948,Low,Low,-0.0065951124,-11.370675,0,0,False,False
12086000120,Moderate,0.0901145076925001,0.08979301,0.10174299,0.11060531,Moderate,Moderate,0.020812295,23.17808,1,1,False,False
12086000121,Low,0.0736394773034342,0.08366935,0.115211695,0.13132732,Moderate,High,0.047657967,56.959885,0,2,True,False
12086000122,Low,0.0519319594144443,0.051694583,0.052511714,0.052147754,Low,Low,0.0004531704,0.8766303,0,0,False,False
12086000123,Low,0.0737995711299207,0.07786344,0.068365276,0.07259862,Low,Low,-0.0052648187,-6.7616053,0,0,False,False
12086000124,Moderate,0.1182807996552883,0.11671561,0.11162905,0.11031504,Moderate,Moderate,-0.0064005703,-5.4839025,1,1,False,False
12086000125,Moderate,0.104775897157115,0.103452794,0.09605049,0.09717682,Moderate,Moderate,-0.006275974,-6.06651,1,1,False,False
12086000126,Moderate,0.1200994038421363,0.123637974,0.13969561,0.13661735,High,High,0.012979373,10.497886,1,2,True,True
12086000127,Moderate,0.1021283546868589,0.09749017,0.09797671,0.096031636,Moderate,Moderate,-0.0014585331,-1.4960823,1,1,False,False
12086000128,Low,0.0556152019407659,0.053424824,0.06573946,0.079874374,Low,Low,0.02644955,49.50798,0,0,False,False
12086000129,Low,0.0852638270024027,0.08413843,0.08915096,0.09036412,Moderate,Moderate,0.0062256902,7.399342,0,1,True,False
12086000130,Low,0.0629684183918964,0.059380766,0.062922195,0.0618576,Low,Low,0.0024768338,4.1711044,0,0,False,False
12086000131,Low,0.0813318406489167,0.08078486,0.09835955,0.09717516,Moderate,Moderate,0.016390301,20.288828,0,1,True,False
12086000132,Moderate,0.1026265770843604,0.103954524,0.10200628,0.10396543,Moderate,Moderate,1.090765e-05,0.010492713,1,1,False,False
12086000145,Low,0.0373208088105792,0.034441482,0.041690502,0.043746814,Low,Low,0.009305332,27.017801,0,0,False,False
12086000134,Moderate,0.0946051408582781,0.09669765,0.09779286,0.09707346,Moderate,Moderate,0.00037580729,0.3886416,1,1,False,False
12086000140,Low,0.0699263712169923,0.07869124,0.07969963,0.07972406,Low,Low,0.0010328218,1.3124992,0,0,False,False
12086000222,Moderate,0.0920451022028491,0.08919355,0.06932665,0.06683682,Low,Low,-0.022356734,-25.065413,1,0,False,False
12086000204,Moderate,0.1241906410166592,0.12892573,0.15261267,0.15556677,High,High,0.026641041,20.663868,1,2,True,True
12086000206,High,0.1362685449069848,0.12983978,0.12905468,0.12614058,High,High,-0.0036991984,-2.8490486,2,2,False,False
12086000224,High,0.1363586399057405,0.1354649,0.1111168,0.094478674,Moderate,Moderate,-0.040986232,-30.25598,2,1,False,False
12086000211,Moderate,0.1188890765176377,0.11814228,0.1294184,0.14060551,High,High,0.022463232,19.013712,1,2,True,True
12086000212,High,0.1266019273016661,0.12349917,0.10782177,0.10435403,Moderate,Moderate,-0.019145139,-15.502241,2,1,False,False
12086000213,Low,0.0783538885329905,0.078204155,0.08474792,0.08871473,Low,Moderate,0.010510579,13.439923,0,1,True,False
12086000226,High,0.1372372649156435,0.14168508,0.17069155,0.16981924,Critical,Critical,0.028134152,19.85682,2,3,True,True
12086000215,High,0.1445314470216388,0.1470836,0.15121698,0.16146314,High,Critical,0.014379546,9.776444,2,3,True,False
12086000216,Moderate,0.0893496441612444,0.09050588,0.086101964,0.09094997,Low,Moderate,0.0004440844,0.4906691,1,1,False,False
12086000227,High,0.1422209063776659,0.14268284,0.12551223,0.12286679,High,Moderate,-0.019816048,-13.88818,2,1,False,False
12086000218,High,0.14616896830607,0.14506212,0.14352985,0.14329427,High,High,-0.001767844,-1.2186806,2,2,False,False
12086000219,Moderate,0.1149899308744631,0.117709555,0.083090514,0.07966307,Low,Low,-0.038046487,-32.322346,1,0,False,False
12086000220,Critical,0.1646487120928989,0.17223422,0.18341735,0.1832258,Critical,Critical,0.010991573,6.381759,3,3,False,False
12086000312,Critical,0.1934897016824477,0.19721675,0.23208904,0.24002911,Critical,Critical,0.042812362,21.708279,3,3,False,False
12086000302,High,0.1309541703102358,0.13429287,0.120377064,0.11699804,Moderate,Moderate,-0.017294832,-12.878444,2,1,False,False
12086000310,Critical,0.2216062545757369,0.21924745,0.22232965,0.21972172,Critical,Critical,0.00047427416,0.21631913,3,3,False,False
12086000306,High,0.1562686649650841,0.15971069,0.13935275,0.13713843,High,High,-0.022572264,-14.133221,2,2,False,False
12086000307,Critical,0.1589759592434328,0.15299654,0.17202252,0.17224604,Critical,Critical,0.019249499,12.581656,3,3,False,False
12086000308,Low,0.0773698001306417,0.07676436,0.07162976,0.07081776,Low,Low,-0.005946599,-7.7465625,0,0,False,False
12086000402,High,0.1413906417860541,0.1396716,0.10598343,0.10202118,Moderate,Moderate,-0.037650414,-26.956385,2,1,False,False
12086000417,Critical,0.1765023814743591,0.17833938,0.15708706,0.15280378,High,High,-0.025535598,-14.3185425,3,2,False,False
12086000420,Critical,0.1981133990347062,0.2058334,0.21123028,0.21332738,Critical,Critical,0.007493973,3.6407952,3,3,False,False
12086000405,High,0.1509284577353049,0.14587401,0.14805384,0.15250489,High,High,0.0066308826,4.545623,2,2,False,False
12086000408,Critical,0.1898532971901758,0.19637743,0.19600669,0.19507416,Critical,Critical,-0.0013032705,-0.66365594,3,3,False,False
12086000409,High,0.1513317530990737,0.14455114,0.14595589,0.1507454,High,High,0.0061942637,4.285171,2,2,False,False
12086000410,Moderate,0.1130198162909867,0.11414755,0.12066078,0.124023125,Moderate,Moderate,0.009875573,8.651586,1,1,False,False
12086000411,High,0.1472002474208758,0.14692165,0.1389037,0.12914504,High,High,-0.017776608,-12.0993805,2,2,False,False
12086000416,Critical,0.1957020408682638,0.19865851,0.20176293,0.2105624,Critical,Critical,0.011903882,5.9921327,3,3,False,False
12086000413,Moderate,0.099558176498929,0.10252485,0.09455215,0.09242438,Moderate,Moderate,-0.010100469,-9.8517275,1,1,False,False
12086000414,Critical,0.1713010466392336,0.16701004,0.16289829,0.17129625,Critical,Critical,0.0042862147,2.5664413,3,3,False,False
12086000507,Moderate,0.1073088725760101,0.10511205,0.07763871,0.07143339,Low,Low,-0.033678666,-32.040726,1,0,False,False
12086000508,Critical,0.2254197030442867,0.22941281,0.19226187,0.17837341,Critical,Critical,-0.051039398,-22.247843,3,3,False,False
12086000504,High,0.1528819629624248,0.14711832,0.08601316,0.06538817,Low,Low,-0.08173014,-55.55402,2,0,False,False
12086000505,High,0.1449519948874078,0.1377573,0.10666647,0.0907589,Moderate,Moderate,-0.046998404,-34.116817,2,1,False,False
12086000601,Moderate,0.1152030234854582,0.116289176,0.11497255,0.115536086,Moderate,Moderate,-0.0007530898,-0.64760095,1,1,False,False
12086000602,Low,0.0651242243213697,0.070794284,0.033049267,0.024399213,Low,Low,-0.04639507,-65.53505,0,0,False,False
12086000603,Moderate,0.1016739579381714,0.10268808,0.081578985,0.07897612,Low,Low,-0.023711964,-23.091251,1,0,False,False
12086000612,High,0.1489460677086508,0.139485,0.14797942,0.14842011,High,High,0.008935109,6.405785,2,2,False,False
12086000605,High,0.1349797416829237,0.13742714,0.12924396,0.12205883,High,Moderate,-0.015368305,-11.182876,2,1,False,False
12086000607,High,0.1505940473995501,0.14646554,0.14189965,0.14085224,High,High,-0.005613297,-3.8325038,2,2,False,False
12086000610,Moderate,0.1167724955369202,0.12320305,0.096436284,0.084690444,Moderate,Low,-0.038512602,-31.259457,1,0,False,False
12086000705,High,0.1269199880724839,0.13325465,0.11401839,0.0984926,Moderate,Moderate,-0.034762047,-26.08693,2,1,False,False
12086000714,High,0.1381846563136325,0.13599184,0.12087692,0.10637071,Moderate,Moderate,-0.029621132,-21.78155,2,1,False,False
12086000715,Moderate,0.113415512584446,0.114600725,0.086763956,0.07589574,Low,Low,-0.038704984,-33.77377,1,0,False,False
12086000718,High,0.1394463175728069,0.13676734,0.13056849,0.12723659,High,High,-0.009530753,-6.9685884,2,2,False,False
12086000719,Critical,0.1798645309525787,0.17942753,0.18864949,0.18622418,Critical,Critical,0.006796643,3.78796,3,3,False,False
12086000710,Critical,0.1587443836255109,0.15422982,0.15119551,0.15014052,High,High,-0.004089296,-2.6514301,3,2,False,False
12086000711,Critical,0.1625235639505432,0.16343258,0.14542511,0.13607094,High,High,-0.027361646,-16.741856,3,2,False,False
12086000712,High,0.1570142783799537,0.15534212,0.16496941,0.17277342,Critical,Critical,0.017431304,11.221235,2,3,True,True
12086000804,Moderate,0.1207209848772211,0.12529302,0.11788167,0.116505645,Moderate,Moderate,-0.008787371,-7.0134563,1,1,False,False
12086000805,High,0.1330379351888369,0.13732585,0.11832427,0.110716425,Moderate,Moderate,-0.026609428,-19.376854,2,1,False,False
12086000806,High,0.1540112955469334,0.1522538,0.13803266,0.13091184,High,High,-0.021341965,-14.01736,2,2,False,False
12086000807,High,0.1557210535517907,0.1529923,0.13531797,0.12943491,High,High,-0.02355738,-15.397756,2,2,False,False
12086000808,High,0.1435151916298945,0.14388978,0.14587654,0.1480932,High,High,0.004203409,2.92127,2,2,False,False
12086000908,High,0.1302087491773003,0.12109807,0.10971033,0.10243754,Moderate,Moderate,-0.01866053,-15.409437,2,1,False,False
12086000904,Moderate,0.0975974357152613,0.0911101,0.074278995,0.06745274,Low,Low,-0.02365736,-25.965681,1,0,False,False
12086000903,Critical,0.2009969687337802,0.20968156,0.20452452,0.20452452,Critical,Critical,-0.0051570386,-2.4594622,3,3,False,False
12086001007,High,0.1425519174982522,0.15187928,0.15476948,0.15735458,High,High,0.0054752976,3.6050327,2,2,False,False
12086001003,Moderate,0.1008465690705229,0.09795054,0.058358204,0.05634978,Low,Low,-0.04160076,-42.47119,1,0,False,False
12086001004,High,0.1517720823901009,0.14087243,0.09440358,0.084683865,Moderate,Low,-0.05618857,-39.886135,2,0,False,False
12086001005,Critical,0.2315160163185699,0.23189716,0.21482009,0.21690121,Critical,Critical,-0.0149959475,-6.4666367,3,3,False,False
12086001006,Critical,0.2212746863236411,0.21794637,0.2350007,0.23357297,Critical,Critical,0.01562661,7.169934,3,3,False,False
12086001101,Low,0.0741613224874519,0.081978425,0.080443375,0.079830766,Low,Low,-0.0021476597,-2.6197863,0,0,False,False
12086001102,Low,0.0799581113526023,0.084175944,0.07719565,0.07610477,Low,Low,-0.008071177,-9.58846,0,0,False,False
12086001103,Critical,0.1641555136278106,0.17597486,0.18467358,0.1839033,Critical,Critical,0.007928446,4.5054426,3,3,False,False
12086001104,Low,0.0461389261197731,0.044580292,0.04380669,0.038330328,Low,Low,-0.0062499642,-14.019568,0,0,False,False
12086001209,High,0.1304278743094447,0.12945575,0.12731436,0.13238367,High,High,0.0029279292,2.261722,2,2,False,False
12086001204,High,0.1376263366323415,0.13211738,0.14648768,0.15308875,High,High,0.020971373,15.873289,2,2,False,False
12086001205,Low,0.0669230583369741,0.069024496,0.09040069,0.0892461,Moderate,Moderate,0.020221606,29.296276,0,1,True,False
12086001206,Low,0.0658864655177571,0.06338138,0.07275792,0.07328758,Low,Low,0.009906195,15.629503,0,0,False,False
12086001301,Moderate,0.0885397349544162,0.08515342,0.06579063,0.062321637,Low,Low,-0.022831786,-26.81253,1,0,False,False
12086001302,Low,0.0502641658886934,0.04833567,0.045680173,0.04413986,Low,Low,-0.004195813,-8.6805725,0,0,False,False
12086001401,Critical,0.2152989034684108,0.2038394,0.19449425,0.19321372,Critical,Critical,-0.01062569,-5.212775,3,3,False,False
12086001402,High,0.1308091013077372,0.12838136,0.099968776,0.08443151,Moderate,Low,-0.04394985,-34.233826,2,0,False,False
12086001501,Critical,0.2767513940673751,0.26778874,0.21708322,0.17507577,Critical,Critical,-0.09271297,-34.62168,3,3,False,False
12086001502,Critical,0.1792218187902603,0.17593937,0.17082728,0.16697197,Critical,Critical,-0.0089674,-5.096869,3,3,False,False
12086001607,High,0.1281141877704268,0.12758718,0.12905417,0.13306575,High,High,0.005478561,4.2939744,2,2,False,False
12086001603,Low,0.0699425870602431,0.0712424,0.054133225,0.05475668,Low,Low,-0.01648572,-23.140322,0,0,False,False
12086001605,Critical,0.1885780213070562,0.18492202,0.1736764,0.15934873,Critical,Critical,-0.025573298,-13.829233,3,3,False,False
12086001606,High,0.1298438486712198,0.13540325,0.14352797,0.13987651,High,High,0.004473269,3.3036644,2,2,False,False
12086001701,High,0.1478574395762227,0.15239415,0.13832729,0.12903209,High,High,-0.023362055,-15.330021,2,2,False,False
12086001702,High,0.1436120769880927,0.14261544,0.11970476,0.10261379,Moderate,Moderate,-0.040001646,-28.048607,2,1,False,False
12086001705,Moderate,0.1067499290867614,0.11181831,0.09021944,0.08151219,Moderate,Low,-0.030306123,-27.103004,1,0,False,False
12086001801,High,0.1499164254118374,0.14851643,0.13004778,0.10014459,High,Moderate,-0.048371844,-32.57003,2,1,False,False
12086001802,High,0.1366213938419767,0.13513824,0.12884907,0.12532027,High,Moderate,-0.009817973,-7.265133,2,1,False,False
12086001803,High,0.1495729533572199,0.1466952,0.12042973,0.103066884,Moderate,Moderate,-0.043628313,-29.740793,2,1,False,False
12086001901,Critical,0.2030882110068902,0.19844654,0.2162679,0.21484497,Critical,Critical,0.01639843,8.263399,3,3,False,False
12086001903,Critical,0.1838959551956724,0.18066919,0.17489973,0.17319965,Critical,Critical,-0.007469535,-4.1343713,3,3,False,False
12086001904,Critical,0.1706795520587843,0.16695553,0.15371975,0.13899371,High,High,-0.02796182,-16.748064,3,2,False,False
12086002001,Critical,0.2046099938727424,0.22166362,0.21714209,0.20922783,Critical,Critical,-0.012435794,-5.6102095,3,3,False,False
12086002003,Critical,0.2258576094680669,0.22251515,0.21464,0.21439204,Critical,Critical,-0.008123115,-3.6505897,3,3,False,False
12086002004,High,0.1567558863320467,0.14199801,0.1370635,0.13557532,High,High,-0.0064226836,-4.5230803,2,2,False,False
12086002100,Low,0.0522223576473299,0.047748186,0.0498128,0.048028376,Low,Low,0.00028019026,0.5868082,0,0,False,False
12086002201,Low,0.0853681900289314,0.08368208,0.08387244,0.08369298,Low,Low,1.0900199e-05,0.013025726,0,0,False,False
12086002202,High,0.1323300078810327,0.1332652,0.13226345,0.13323875,High,High,-2.6449561e-05,-0.019847313,2,2,False,False
12086002300,Critical,0.1699904359466129,0.16262183,0.16219133,0.16141765,Critical,Critical,-0.0012041777,-0.7404773,3,3,False,False
12086002402,Moderate,0.1165593164451859,0.119831294,0.10466569,0.09750313,Moderate,Moderate,-0.02232816,-18.632996,1,1,False,False
12086002403,High,0.1330131135730721,0.13324398,0.1358435,0.13428478,High,High,0.0010408014,0.78112453,2,2,False,False
12086002404,Critical,0.165111268777571,0.16184,0.14327519,0.1449489,High,High,-0.016891107,-10.436917,3,2,False,False
12086002501,High,0.1353571111991016,0.13135514,0.13629858,0.14815958,High,High,0.016804442,12.793138,2,2,False,False
12086002502,High,0.1341367423076625,0.12757955,0.1416586,0.14508335,High,High,0.017503798,13.719909,2,2,False,False
12086002600,Low,0.0628346315266323,0.06916041,0.059407614,0.055243578,Low,Low,-0.013916831,-20.12254,0,0,False,False
12086002702,Low,0.0493671664238685,0.053947,0.040374506,0.036685295,Low,Low,-0.017261706,-31.997526,0,0,False,False
12086002710,Low,0.0284139523278088,0.027559998,0.04743985,0.04868653,Low,Low,0.021126533,76.65652,0,0,False,False
12086002705,Low,0.0523997648941959,0.05957812,0.064565,0.072830945,Low,Low,0.013252825,22.24445,0,0,False,False
12086002707,Low,0.0323124626362504,0.031791043,0.050980493,0.057159998,Low,Low,0.025368955,79.799065,0,0,False,False
12086002800,High,0.1430650541883407,0.15825123,0.17340055,0.17488946,Critical,Critical,0.016638234,10.513811,2,3,True,True
12086002900,Moderate,0.1224448258766545,0.121294275,0.12796146,0.16307692,High,Critical,0.041782647,34.447334,1,3,True,True
12086003001,Moderate,0.0938241184193237,0.086572625,0.1239671,0.12964319,Moderate,High,0.043070562,49.750786,1,2,True,True
12086003006,Moderate,0.1199658710819174,0.122900866,0.10648819,0.089935616,Moderate,Moderate,-0.03296525,-26.822636,1,1,False,False
12086003004,Moderate,0.0983388735384432,0.096397705,0.09656472,0.09142337,Moderate,Moderate,-0.0049743354,-5.160222,1,1,False,False
12086003100,Moderate,0.1090985009043813,0.11977643,0.11499699,0.11566578,Moderate,Moderate,-0.004110649,-3.4319353,1,1,False,False
12086003400,Moderate,0.0995825774666738,0.10045024,0.09621424,0.09470484,Moderate,Moderate,-0.0057454035,-5.719651,1,1,False,False
12086003606,Low,0.053887809333595,0.08333883,0.08436407,0.08436407,Low,Low,0.0010252446,1.2302125,0,0,False,False
12086003605,Moderate,0.1123613966526053,0.114197694,0.15058935,0.15150985,High,High,0.037312157,32.6733,1,2,True,True
12086003710,Low,0.0336651502721435,0.04096799,0.07871793,0.09679825,Low,Moderate,0.05583026,136.27776,0,1,True,False
12086003703,Low,0.0113437413024136,0.011366629,0.013551653,0.011835563,Low,Low,0.00046893395,4.125532,0,0,False,False
12086003704,Low,0.0252354104004259,0.044793803,0.04932224,0.05488463,Low,Low,0.010090828,22.527285,0,0,False,False
12086003705,Low,0.0155739243919666,0.022343628,0.031153873,0.036052626,Low,Low,0.0137089975,61.355286,0,0,False,False
12086003706,Low,0.0143611288625458,0.01737778,0.06462894,0.09779769,Low,Moderate,0.08041991,462.77438,0,1,True,False
12086003707,Low,0.0184548707798676,0.023457864,0.025602793,0.032158054,Low,Low,0.00870019,37.088585,0,0,False,False
12086003801,Low,0.0771308431460464,0.07833373,0.07857752,0.07473611,Low,Low,-0.0035976171,-4.5926795,0,0,False,False
12086003803,Moderate,0.10997315220134,0.10851171,0.1275126,0.15015793,High,High,0.04164622,38.37947,1,2,True,True
12086003804,Moderate,0.0977587599168646,0.09363128,0.096309885,0.09842446,Moderate,Moderate,0.0047931746,5.119202,1,1,False,False
12086003906,Low,0.0718370407719043,0.07958567,0.08467818,0.09764967,Low,Moderate,0.018064,22.697554,0,1,True,False
12086003909,High,0.1461641665518521,0.15096882,0.14934011,0.1573755,High,High,0.0064066797,4.2437105,2,2,False,False
12086003911,High,0.1377991843693631,0.13873482,0.13303822,0.13466597,High,High,-0.0040688515,-2.9328265,2,2,False,False
12086003912,High,0.1556011454164604,0.14531334,0.15144877,0.15592167,High,High,0.01060833,7.3003144,2,2,False,False
12086003913,High,0.1253738707904804,0.118264444,0.111802004,0.1036551,Moderate,Moderate,-0.014609344,-12.353116,2,1,False,False
12086003914,Moderate,0.1079992104431504,0.10662223,0.08089021,0.069566555,Low,Low,-0.03705567,-34.754173,1,0,False,False
12086003915,Moderate,0.0877332300590991,0.08598359,0.072470546,0.068356715,Low,Low,-0.017626874,-20.500277,1,0,False,False
12086003916,High,0.1400721406048572,0.1289456,0.123460814,0.13043271,Moderate,High,0.0014871061,1.1532817,2,2,False,False
12086003917,Low,0.0726073479269668,0.07411881,0.07472363,0.07686219,Low,Low,0.0027433857,3.7013357,0,0,False,False
12086003918,Low,0.065645805001327,0.06350904,0.0691495,0.06960692,Low,Low,0.006097883,9.601598,0,0,False,False
12086003919,Low,0.0437736596542704,0.042573467,0.051664066,0.0538874,Low,Low,0.011313934,26.575083,0,0,False,False
12086003921,Low,0.0421203149770907,0.044417415,0.04508364,0.048542064,Low,Low,0.004124649,9.286107,0,0,False,False
12086003922,Low,0.0366932849463003,0.033282187,0.029895231,0.023451824,Low,Low,-0.009830363,-29.536411,0,0,False,False
12086004000,Low,0.0414424502727764,0.041647397,0.049563687,0.05255372,Low,Low,0.010906324,26.187288,0,0,False,False
12086004102,Low,0.0354766699092166,0.036506947,0.029659664,0.028011234,Low,Low,-0.008495713,-23.271496,0,0,False,False
12086004103,Moderate,0.0985003198504877,0.10686706,0.10872827,0.10703113,Moderate,Moderate,0.00016406924,0.15352648,1,1,False,False
12086004105,Moderate,0.0920669603157779,0.09856461,0.11564422,0.13204464,Moderate,High,0.033480033,33.9676,1,2,True,True
12086004106,Low,0.0289610881765394,0.024889328,0.023837266,0.029393803,Low,Low,0.0045044757,18.09802,0,0,False,False
12086004208,Low,0.0737095071694384,0.06587997,0.08396734,0.09058364,Low,Moderate,0.024703667,37.49799,0,1,True,False
12086004204,Moderate,0.1032340947152348,0.109529294,0.12608214,0.12945561,High,High,0.019926317,18.192682,1,2,True,True
12086004205,Low,0.0861755977601903,0.082081825,0.08138891,0.08165034,Low,Low,-0.00043148547,-0.52567726,0,0,False,False
12086004206,Moderate,0.1042302380580018,0.11413445,0.1559484,0.1546712,High,High,0.040536754,35.516666,1,2,True,True
12086004301,Low,0.047788002405345,0.050727982,0.06651762,0.069011346,Low,Low,0.018283363,36.04197,0,0,False,False
12086004303,Moderate,0.0960544582988643,0.10263271,0.10847934,0.10389246,Moderate,Moderate,0.0012597516,1.2274368,1,1,False,False
12086004304,Low,0.067815284398576,0.07591828,0.079968974,0.08270221,Low,Low,0.0067839324,8.935835,0,0,False,False
12086004403,Low,0.0754779863061192,0.08076674,0.075978115,0.08664997,Low,Low,0.0058832318,7.2842264,0,0,False,False
12086004404,High,0.1368939555506248,0.13964206,0.13901201,0.13817655,High,High,-0.0014655143,-1.0494792,2,2,False,False
12086004405,Moderate,0.098668550814893,0.11007409,0.11344821,0.11249183,Moderate,Moderate,0.0024177432,2.196469,1,1,False,False
12086004406,Low,0.064594095305191,0.066459015,0.07252074,0.07288926,Low,Low,0.006430246,9.675506,0,0,False,False
12086004500,Moderate,0.0974295591477275,0.09299078,0.094756365,0.10698235,Moderate,Moderate,0.013991572,15.046193,1,1,False,False
12086004602,Low,0.0620213913747907,0.060719788,0.07336293,0.07875495,Low,Low,0.018035159,29.702276,0,0,False,False
12086004605,Low,0.0797599103420708,0.085098855,0.0907813,0.10866911,Moderate,Moderate,0.023570254,27.697498,0,1,True,False
12086004607,Low,0.0535981604423328,0.056751654,0.06583033,0.06583033,Low,Low,0.009078674,15.997197,0,0,False,False
12086004608,Low,0.0697487982934877,0.06381309,0.07472814,0.082474746,Low,Low,0.018661655,29.244244,0,0,False,False
12086004701,High,0.1305563249266512,0.113419324,0.14021142,0.15162759,High,High,0.03820826,33.68761,2,2,False,False
12086004705,Low,0.0683036302055872,0.074372746,0.06706146,0.06706146,Low,Low,-0.0073112845,-9.830596,0,0,False,False
12086004703,Low,0.0820495646568658,0.08182284,0.07868031,0.07464189,Low,Low,-0.0071809515,-8.776218,0,0,False,False
12086004901,High,0.1250416296023833,0.120214075,0.1047579,0.090550184,Moderate,Moderate,-0.02966389,-24.675888,2,1,False,False
12086004904,Low,0.0717973726235871,0.08289473,0.0576061,0.051002976,Low,Low,-0.031891752,-38.47259,0,0,False,False
12086005004,Moderate,0.0953767499820552,0.10453333,0.107269496,0.11091467,Moderate,Moderate,0.0063813403,6.1045985,1,1,False,False
12086005002,Moderate,0.094760197944932,0.08823285,0.063278735,0.04959555,Low,Low,-0.038637303,-43.790157,1,0,False,False
12086005102,High,0.1372758397315484,0.12800959,0.12910034,0.1273055,High,High,-0.00070409477,-0.55003285,2,2,False,False
12086005103,Moderate,0.1182680443708317,0.1154765,0.0799394,0.07280599,Low,Low,-0.042670503,-36.95168,1,0,False,False
12086005104,High,0.1568474002838127,0.15346684,0.14401604,0.13043989,High,High,-0.023026943,-15.004508,2,2,False,False
12086005201,Moderate,0.103388165047188,0.10547463,0.07069736,0.06441318,Low,Low,-0.041061446,-38.930164,1,0,False,False
12086005202,Moderate,0.0936250385282957,0.093068115,0.08236634,0.076155625,Low,Low,-0.01691249,-18.172165,1,0,False,False
12086005305,High,0.1352345577869119,0.14259386,0.14475389,0.1614437,High,Critical,0.018849835,13.219248,2,3,True,True
12086005303,Moderate,0.1000661019441495,0.09913065,0.08478835,0.063354895,Low,Low,-0.03577576,-36.0895,1,0,False,False
12086005304,Moderate,0.1230920639752199,0.113792054,0.09967931,0.09999789,Moderate,Moderate,-0.013794161,-12.122253,1,1,False,False
12086005403,Moderate,0.1027126270928268,0.10698364,0.09379447,0.076775864,Moderate,Low,-0.030207776,-28.235882,1,0,False,False
12086005405,Moderate,0.1073349808381885,0.109883204,0.09592916,0.08358787,Moderate,Low,-0.026295334,-23.930258,1,0,False,False
12086005406,High,0.1304506825261988,0.12792972,0.12987846,0.12762609,High,High,-0.00030362606,-0.23733817,2,2,False,False
12086005407,Moderate,0.103144936509591,0.1035893,0.10637114,0.09984637,Moderate,Moderate,-0.0037429258,-3.6132362,1,1,False,False
12086005409,High,0.153755899218298,0.16045554,0.15732318,0.15683278,High,High,-0.0036227554,-2.257794,2,2,False,False
12086005410,Critical,0.1710404724660156,0.17998838,0.1914652,0.1914652,Critical,Critical,0.011476815,6.37642,3,3,False,False
12086005506,Moderate,0.1009859537775261,0.10206338,0.109937,0.117914535,Moderate,Moderate,0.015851155,15.530698,1,1,False,False
12086005504,Moderate,0.0956656720588007,0.094324045,0.07849251,0.06559961,Low,Low,-0.028724432,-30.452925,1,0,False,False
12086005600,Moderate,0.0894018855201741,0.088425346,0.08730059,0.08501637,Low,Low,-0.003408976,-3.8552024,1,0,False,False
12086005701,Moderate,0.1031279110290732,0.109243624,0.097453564,0.09384037,Moderate,Moderate,-0.015403256,-14.099913,1,1,False,False
12086005706,High,0.1473516955108604,0.14873475,0.14831968,0.15408725,High,High,0.005352497,3.5986862,2,2,False,False
12086005708,Low,0.0848282797071035,0.09091229,0.074461184,0.0609185,Low,Low,-0.029993791,-32.99201,0,0,False,False
12086005806,Low,0.058809885954846,0.06251835,0.049402572,0.04568925,Low,Low,-0.0168291,-26.918655,0,0,False,False
12086005803,Low,0.0709571625791422,0.07516038,0.06630356,0.071655765,Low,Low,-0.0035046116,-4.6628447,0,0,False,False
12086005901,Moderate,0.1103000841477792,0.10878013,0.10910343,0.10910343,Moderate,Moderate,0.0003232956,0.29720095,1,1,False,False
12086005902,Moderate,0.1137360913613797,0.111215115,0.11527827,0.11927487,Moderate,Moderate,0.008059755,7.246996,1,1,False,False
12086005903,High,0.1262727747033952,0.1373069,0.13944767,0.13972744,High,High,0.0024205446,1.7628719,2,2,False,False
12086005904,Moderate,0.0986138264879899,0.101840116,0.10451177,0.10446592,Moderate,Moderate,0.0026258007,2.578356,1,1,False,False
12086006004,Low,0.0657805568720596,0.06931855,0.097738326,0.09567419,Moderate,Moderate,0.02635564,38.02105,0,1,True,False
12086006002,Low,0.0499093736885523,0.055601474,0.041497592,0.039512932,Low,Low,-0.016088542,-28.93546,0,0,False,False
12086006106,Low,0.0515379832431995,0.050996844,0.06899444,0.06870063,Low,Low,0.017703783,34.715446,0,0,False,False
12086006104,Low,0.0472162299973866,0.047178417,0.04341362,0.044901796,Low,Low,-0.0022766218,-4.8255577,0,0,False,False
12086006201,Moderate,0.0894394826825683,0.08964594,0.08779143,0.087880716,Low,Moderate,-0.0017652214,-1.9691036,1,1,False,False
12086006203,Low,0.0420518815191716,0.044874158,0.062176097,0.06312124,Low,Low,0.01824708,40.662777,0,0,False,False
12086006205,Low,0.0561008783413489,0.062224194,0.049546752,0.041013677,Low,Low,-0.021210518,-34.087254,0,0,False,False
12086006206,Low,0.0291159747907875,0.02984912,0.034329507,0.038551502,Low,Low,0.008702382,29.15457,0,0,False,False
12086006304,Moderate,0.1079188793108872,0.11098825,0.10862188,0.10963771,Moderate,Moderate,-0.0013505444,-1.2168354,1,1,False,False
12086006302,Moderate,0.0955177954479887,0.101253204,0.10900956,0.118172966,Moderate,Moderate,0.016919762,16.710346,1,1,False,False
12086006401,High,0.1365043492941134,0.1289243,0.13228299,0.13228299,High,High,0.003358692,2.6051662,2,2,False,False
12086006402,Moderate,0.1193382342799777,0.11825183,0.11644398,0.119789176,Moderate,Moderate,0.0015373453,1.3000605,1,1,False,False
12086006403,Low,0.0693147112615188,0.066584826,0.049877893,0.044341262,Low,Low,-0.022243563,-33.406357,0,0,False,False
12086006501,Low,0.0542511536147243,0.0583716,0.056008443,0.05480854,Low,Low,-0.0035630614,-6.1041007,0,0,False,False
12086006503,Low,0.0730510821437033,0.07977593,0.08357965,0.08744686,Low,Low,0.0076709315,9.615597,0,0,False,False
12086006504,Low,0.0861416355940625,0.08682769,0.090336874,0.09114929,Moderate,Moderate,0.004321605,4.97722,0,1,True,False
12086006608,Low,0.0386809745473852,0.036838077,0.038952634,0.039397243,Low,Low,0.0025591664,6.947068,0,0,False,False
12086006606,Low,0.0717900005288192,0.07357784,0.08127194,0.12788893,Low,High,0.05431109,73.81446,0,2,True,False
12086006715,Low,0.0315374496677145,0.0286094,0.02891707,0.028543923,Low,Low,-6.5477565e-05,-0.2288673,0,0,False,False
12086006705,Low,0.0383121312035249,0.03750966,0.036012847,0.03532765,Low,Low,-0.0021820106,-5.8171964,0,0,False,False
12086006706,Low,0.0331990609265872,0.040664807,0.039152194,0.035041366,Low,Low,-0.005623441,-13.828766,0,0,False,False
12086006709,Low,0.0124387653228023,0.0060894648,0.0060894648,0.0060894648,Low,Low,0.0,0.0,0,0,False,False
12086006721,Low,0.0197621782462235,0.019646965,0.013449834,0.013011245,Low,Low,-0.00663572,-33.774784,0,0,False,False
12086006713,Low,0.0363633630838959,0.038160067,0.04763979,0.05847341,Low,Low,0.020313341,53.23193,0,0,False,False
12086006714,Low,0.0329164058313834,0.030910106,0.028870462,0.028442463,Low,Low,-0.0024676435,-7.98329,0,0,False,False
12086006801,Low,0.0426143249223311,0.04258342,0.04645259,0.055050604,Low,Low,0.012467183,29.277082,0,0,False,False
12086006802,Low,0.0563956344709217,0.05300864,0.051770195,0.051390473,Low,Low,-0.0016181655,-3.052645,0,0,False,False
12086006901,Low,0.0535733863541653,0.04679539,0.046107393,0.041969102,Low,Low,-0.0048262887,-10.313599,0,0,False,False
12086007004,Low,0.0439319870669325,0.05313215,0.042127844,0.042690527,Low,Low,-0.010441624,-19.652176,0,0,False,False
12086007006,Low,0.0425283359943307,0.046050806,0.042634297,0.038150366,Low,Low,-0.007900439,-17.15592,0,0,False,False
12086007101,Low,0.0827540035845977,0.08892659,0.08699272,0.08966583,Low,Moderate,0.00073923916,0.83129144,0,1,True,False
12086007103,Low,0.0864655048904451,0.1045522,0.12904006,0.12904006,High,High,0.02448786,23.42166,0,2,True,False
12086007104,Low,0.0308286195919305,0.034037247,0.03669211,0.037547454,Low,Low,0.003510207,10.31284,0,0,False,False
12086007200,Moderate,0.107145733103765,0.101092204,0.09316599,0.083523184,Moderate,Low,-0.01756902,-17.379204,1,0,False,False
12086007300,Low,0.0368569722898641,0.035458032,0.04369857,0.049705043,Low,Low,0.014247011,40.179928,0,0,False,False
12086007403,Low,0.0660332053478656,0.07102863,0.09160654,0.09867231,Moderate,Moderate,0.02764368,38.91907,0,1,True,False
12086007501,Low,0.0296161798506803,0.028262818,0.043416392,0.046148572,Low,Low,0.017885754,63.283688,0,0,False,False
12086007503,Low,0.0592439375962446,0.06594754,0.07441964,0.08768453,Low,Low,0.021736987,32.96103,0,0,False,False
12086007601,Low,0.0674437426158746,0.066289485,0.07542705,0.07581201,Low,Low,0.009522527,14.365065,0,0,False,False
12086007603,High,0.128570452052279,0.12442857,0.11256683,0.109303825,Moderate,Moderate,-0.015124746,-12.155364,2,1,False,False
12086007610,Low,0.0500523803754016,0.048939735,0.07289894,0.073163524,Low,Low,0.02422379,49.49718,0,0,False,False
12086007605,Moderate,0.0965038303095417,0.10266515,0.10532466,0.108850956,Moderate,Moderate,0.0061858073,6.025226,1,1,False,False
12086007607,Low,0.079818162202215,0.09366067,0.09483998,0.09386047,Moderate,Moderate,0.00019980222,0.21332565,0,1,True,False
12086007708,Moderate,0.095990641147707,0.10196964,0.12344033,0.12791216,Moderate,High,0.025942527,25.441423,1,2,True,True
12086007706,Low,0.0746280661433917,0.07332041,0.078213744,0.086237624,Low,Low,0.012917213,17.617487,0,0,False,False
12086007704,Low,0.066581048561335,0.056717843,0.04636315,0.042895455,Low,Low,-0.013822388,-24.37044,0,0,False,False
12086007705,Low,0.0812776589265265,0.078287445,0.08809478,0.08890504,Moderate,Moderate,0.010617591,13.562317,0,1,True,False
12086007801,Moderate,0.1088732905764214,0.10814027,0.112596616,0.112596616,Moderate,Moderate,0.0044563487,4.120897,1,1,False,False
12086007809,Low,0.065203669413138,0.06604546,0.0564857,0.05104637,Low,Low,-0.014999092,-22.710253,0,0,False,False
12086007805,Low,0.0551210890480053,0.050406337,0.05108081,0.05373235,Low,Low,0.0033260137,6.598404,0,0,False,False
12086007806,Low,0.0626129040292827,0.073133886,0.086258404,0.10209348,Low,Moderate,0.028959595,39.598053,0,1,True,False
12086007807,Low,0.0511268643364611,0.050677452,0.04416123,0.043058734,Low,Low,-0.007618718,-15.033743,0,0,False,False
12086007901,Moderate,0.0954078055336734,0.092280425,0.099805005,0.11268288,Moderate,Moderate,0.020402454,22.10919,1,1,False,False
12086007902,Low,0.0535377303444007,0.05115551,0.05399331,0.058514174,Low,Low,0.007358663,14.384888,0,0,False,False
12086008000,Low,0.0741765300965443,0.07099189,0.107395,0.11066994,Moderate,Moderate,0.039678052,55.890965,0,1,True,False
12086008101,Low,0.026682865978232,0.030710109,0.0322669,0.033204243,Low,Low,0.002494134,8.121541,0,0,False,False
12086008102,Low,0.0575892897770545,0.057790365,0.06659439,0.06667154,Low,Low,0.008881178,15.367921,0,0,False,False
12086008202,Low,0.0661953638269316,0.06388194,0.075458124,0.08827279,Low,Moderate,0.024390846,38.18113,0,1,True,False
12086008205,Low,0.0411030997641296,0.039953433,0.0494807,0.05065656,Low,Low,0.010703128,26.789007,0,0,False,False
12086008206,Low,0.067416083840358,0.07944472,0.09523864,0.10412243,Moderate,Moderate,0.024677709,31.062742,0,1,True,False
12086008207,Low,0.0125597120809684,0.018820489,0.022748122,0.022748122,Low,Low,0.003927633,20.868923,0,0,False,False
12086008208,Moderate,0.0893478619964041,0.088967286,0.09785459,0.09770333,Moderate,Moderate,0.008736044,9.819389,1,1,False,False
12086008209,Low,0.0866739519480682,0.08135758,0.08663507,0.08516684,Low,Low,0.0038092583,4.6821184,0,0,False,False
12086008313,Low,0.0823900288574182,0.08347044,0.07155554,0.072707474,Low,Low,-0.010762967,-12.894346,0,0,False,False
12086008305,Low,0.0815682808368463,0.07829763,0.092401564,0.10646243,Moderate,Moderate,0.028164797,35.971455,0,1,True,False
12086008310,Moderate,0.0892791940974601,0.09400914,0.10215615,0.103882015,Moderate,Moderate,0.009872876,10.502039,1,1,False,False
12086008315,Low,0.0869167657606594,0.089923814,0.078179926,0.07724457,Low,Low,-0.012679242,-14.099982,0,0,False,False
12086008308,Moderate,0.1169673837975702,0.122397624,0.12525438,0.124316715,Moderate,Moderate,0.0019190907,1.5679151,1,1,False,False
12086008309,High,0.1580284771107819,0.16248398,0.13048041,0.10977243,High,Moderate,-0.052711546,-32.441074,2,1,False,False
12086008429,Low,0.081570384805941,0.08706338,0.09291387,0.09418751,Moderate,Moderate,0.0071241334,8.182697,0,1,True,False
12086008423,Moderate,0.0954945871359141,0.098446324,0.12225407,0.12708494,Moderate,High,0.028638616,29.09059,1,2,True,True
12086008409,Low,0.0606809308094849,0.058392353,0.08415688,0.09055784,Low,Moderate,0.03216549,55.085106,0,1,True,False
12086008421,Low,0.0422377261621663,0.03481033,0.03381994,0.033532996,Low,Low,-0.001277335,-3.6694136,0,0,False,False
12086008431,Critical,0.1601066383691642,0.16254638,0.21899733,0.22694795,Critical,Critical,0.06440157,39.620426,3,3,False,False
12086008426,Low,0.0250686208712722,0.023897465,0.02831502,0.02999943,Low,Low,0.006101964,25.53394,0,0,False,False
12086008415,Low,0.0123565623885916,0.022156129,0.021656577,0.021467827,Low,Low,-0.0006883014,-3.106596,0,0,False,False
12086008416,Low,0.0798266935969148,0.08242621,0.08559453,0.08712043,Low,Low,0.004694216,5.6950526,0,0,False,False
12086008425,Moderate,0.0977265053529338,0.095547855,0.08459396,0.08152713,Low,Low,-0.014020726,-14.674035,1,0,False,False
12086008418,Low,0.0589082722574326,0.055463772,0.073444,0.0742466,Low,Low,0.018782828,33.865036,0,0,False,False
12086008419,Low,0.0750960861744767,0.074525304,0.07395527,0.068711884,Low,Low,-0.00581342,-7.8005986,0,0,False,False
12086008503,High,0.1305191558094826,0.14388874,0.14015326,0.1412386,High,High,-0.0026501417,-1.8417991,2,2,False,False
12086008502,Low,0.0778453757772302,0.080287136,0.087563805,0.0860375,Low,Low,0.0057503656,7.16225,0,0,False,False
12086008601,Moderate,0.0993641082112802,0.09310334,0.0999614,0.10929749,Moderate,Moderate,0.01619415,17.393736,1,1,False,False
12086008603,Low,0.0604969745420219,0.062200412,0.05319462,0.052321576,Low,Low,-0.009878837,-15.882269,0,0,False,False
12086008704,Moderate,0.0897784395578451,0.08832747,0.0977346,0.10188647,Moderate,Moderate,0.013559006,15.350838,1,1,False,False
12086008702,High,0.1359126338260098,0.13212352,0.14976966,0.15035677,High,High,0.018233255,13.800159,2,2,False,False
12086008809,Moderate,0.0883868024269716,0.10194425,0.09738751,0.09632467,Moderate,Moderate,-0.0056195855,-5.51241,1,1,False,False
12086008808,Moderate,0.1005747353805077,0.09126729,0.09712003,0.098734505,Moderate,Moderate,0.0074672177,8.181703,1,1,False,False
12086008805,High,0.1316330292802544,0.13028221,0.11917569,0.11381293,Moderate,Moderate,-0.016469277,-12.641233,2,1,False,False
12086008806,Low,0.0727401955883472,0.07396597,0.05832607,0.05578057,Low,Low,-0.018185396,-24.586166,0,0,False,False
12086008911,Low,0.0719228555058799,0.07394054,0.07080341,0.07061186,Low,Low,-0.003328681,-4.501835,0,0,False,False
12086008909,Low,0.0812962102671807,0.0844935,0.072422504,0.06651262,Low,Low,-0.017980881,-21.280785,0,0,False,False
12086008904,Critical,0.4528487264102947,0.32585496,0.32585496,0.3252832,Critical,Critical,-0.00057175756,-0.17546381,3,3,False,False
12086008906,Moderate,0.0992052495672167,0.10452305,0.10531049,0.10347101,Moderate,Moderate,-0.0010520369,-1.0065119,1,1,False,False
12086008907,Moderate,0.1084045468679822,0.1046049,0.10526516,0.10262536,Moderate,Moderate,-0.0019795373,-1.8923944,1,1,False,False
12086009051,Low,0.0645192821526226,0.065696806,0.05199897,0.048982125,Low,Low,-0.016714681,-25.44215,0,0,False,False
12086009010,Low,0.0532710902829391,0.06082605,0.060537823,0.058601882,Low,Low,-0.002224166,-3.6566012,0,0,False,False
12086009014,Low,0.0456223196988419,0.051253814,0.042979494,0.04070757,Low,Low,-0.010546245,-20.576508,0,0,False,False
12086009015,Moderate,0.1050307988359175,0.10859303,0.13316302,0.14157605,High,High,0.03298302,30.373055,1,2,True,True
12086009061,Critical,0.1717934820315525,0.17102167,0.17933598,0.21149538,Critical,Critical,0.040473714,23.66584,3,3,False,False
12086009054,Low,0.0271428840571329,0.03364654,0.03211746,0.030729864,Low,Low,-0.002916675,-8.668574,0,0,False,False
12086009020,High,0.138858429996318,0.13929935,0.13332519,0.13363777,High,High,-0.005661577,-4.064324,2,2,False,False
12086009021,Moderate,0.115181262736854,0.12376485,0.09710312,0.08811739,Moderate,Moderate,-0.03564746,-28.80257,1,1,False,False
12086009022,Low,0.0705213168426893,0.071443155,0.059325892,0.05888812,Low,Low,-0.012555037,-17.573463,0,0,False,False
12086009064,Moderate,0.0915373361711471,0.07712011,0.08816025,0.09625498,Moderate,Moderate,0.019134872,24.811779,1,1,False,False
12086009024,Moderate,0.1006172492195386,0.10855102,0.10785327,0.10785327,Moderate,Moderate,-0.0006977469,-0.64278245,1,1,False,False
12086009026,Low,0.0841611267136448,0.08536484,0.0756675,0.07454195,Low,Low,-0.010822892,-12.678395,0,0,False,False
12086009027,Moderate,0.0946799423803215,0.101894386,0.11086084,0.113333605,Moderate,Moderate,0.011439219,11.226545,1,1,False,False
12086009028,Low,0.0580733125525412,0.06075325,0.051837746,0.05042213,Low,Low,-0.01033112,-17.00505,0,0,False,False
12086009029,Low,0.0776231580177869,0.08394147,0.08363806,0.08367378,Low,Low,-0.00026768446,-0.31889418,0,0,False,False
12086009030,Moderate,0.1118611373460559,0.115034625,0.11404058,0.11576101,Moderate,Moderate,0.0007263869,0.63145065,1,1,False,False
12086009031,Low,0.0672883715107101,0.07229993,0.057830192,0.050591916,Low,Low,-0.021708012,-30.024942,0,0,False,False
12086009057,Low,0.0720348702947542,0.07374531,0.073581405,0.07231291,Low,Low,-0.0014324039,-1.9423661,0,0,False,False
12086009066,Low,0.0755012224958824,0.072773874,0.07610675,0.082792275,Low,Low,0.010018401,13.7664795,0,0,False,False
12086009049,Low,0.0650674781387061,0.060128678,0.033210162,0.029991657,Low,Low,-0.030137021,-50.12088,0,0,False,False
12086009060,Low,0.0782208609076507,0.076412216,0.088760845,0.08646842,Moderate,Low,0.010056205,13.160467,0,0,False,False
12086009039,Moderate,0.1188777075203682,0.11109123,0.14298756,0.14356916,High,High,0.03247793,29.235369,1,2,True,True
12086009040,Low,0.0851614957818744,0.08793819,0.098492146,0.100801215,Moderate,Moderate,0.012863025,14.627348,0,1,True,False
12086009043,Moderate,0.0964573812867902,0.10374192,0.11135648,0.11607077,Moderate,Moderate,0.012328848,11.884153,1,1,False,False
12086009044,Moderate,0.0915467339860759,0.09339142,0.104769744,0.111941166,Moderate,Moderate,0.018549748,19.86237,1,1,False,False
12086009050,Low,0.0823542315147198,0.09102166,0.090838835,0.08969411,Moderate,Moderate,-0.0013275445,-1.458493,0,1,True,False
12086009102,Moderate,0.0991124964736104,0.10264559,0.09568647,0.0902315,Moderate,Moderate,-0.01241409,-12.094129,1,1,False,False
12086009200,Moderate,0.1198796156988903,0.11961486,0.11785386,0.12987229,Moderate,High,0.01025743,8.575381,1,2,True,False
12086009305,Low,0.073880596483821,0.07288278,0.08480101,0.0903258,Low,Moderate,0.017443024,23.932983,0,1,True,False
12086009317,Moderate,0.1107712977354688,0.10590853,0.093325734,0.08659395,Moderate,Low,-0.01931458,-18.23704,1,0,False,False
12086009324,High,0.1430907595103765,0.13906015,0.117140636,0.10537469,Moderate,Moderate,-0.033685468,-24.223665,2,1,False,False
12086009321,Moderate,0.1056301964746312,0.10445144,0.099162206,0.09482665,Moderate,Moderate,-0.009624787,-9.214603,1,1,False,False
12086009323,Low,0.0841724046329249,0.08842191,0.064291075,0.056094285,Low,Low,-0.032327626,-36.56065,0,0,False,False
12086009327,Moderate,0.1226282920240146,0.11618759,0.10957067,0.106993556,Moderate,Moderate,-0.009194031,-7.9130926,1,1,False,False
12086009312,Low,0.0499682283523213,0.04320779,0.028430544,0.029041467,Low,Low,-0.0141663235,-32.786503,0,0,False,False
12086009319,Low,0.0657659399502666,0.06878472,0.051639173,0.046353787,Low,Low,-0.022430934,-32.610344,0,0,False,False
12086009314,Critical,0.2150166129197531,0.20347291,0.21484387,0.21626768,Critical,Critical,0.012794763,6.2881894,3,3,False,False
12086009315,Critical,0.1858236630340951,0.17044994,0.14738847,0.13576123,High,High,-0.03468871,-20.35126,3,2,False,False
12086009402,Moderate,0.1094212660476211,0.108443946,0.10048381,0.10043421,Moderate,Moderate,-0.008009739,-7.3860636,1,1,False,False
12086009506,High,0.1452801607153146,0.14709696,0.14391015,0.15503041,High,High,0.007933453,5.393349,2,2,False,False
12086009503,Low,0.0740816661288862,0.07482793,0.0691755,0.065387815,Low,Low,-0.009440117,-12.615766,0,0,False,False
12086009504,Low,0.0853186604783215,0.08425199,0.09377273,0.09517281,Moderate,Moderate,0.010920815,12.962085,0,1,True,False
12086009602,Moderate,0.0956383515129536,0.094604485,0.08606447,0.08178723,Low,Low,-0.012817256,-13.548255,1,0,False,False
12086009703,Low,0.0435197890082485,0.044483017,0.049260706,0.050482444,Low,Low,0.0059994273,13.487007,0,0,False,False
12086009704,Low,0.0766692001181708,0.087408654,0.1069337,0.12887774,Moderate,High,0.04146909,47.442772,0,2,True,False
12086009705,Moderate,0.1021173095873653,0.097371265,0.09301116,0.090046264,Moderate,Moderate,-0.007325001,-7.522754,1,1,False,False
12086009706,High,0.1423353737725403,0.12730703,0.13233645,0.15246576,High,High,0.025158733,19.76225,2,2,False,False
12086009803,Low,0.0819896975879971,0.09181804,0.082242824,0.08079921,Low,Low,-0.011018835,-12.00073,0,0,False,False
12086009804,Low,0.0568872976826332,0.054513738,0.054313302,0.054925986,Low,Low,0.00041224808,0.75622785,0,0,False,False
12086009806,Critical,0.1643597940898924,0.14776355,0.17341392,0.17729297,Critical,Critical,0.029529423,19.98424,3,3,False,False
12086009809,Low,0.0779861501967837,0.068097845,0.062601864,0.07162224,Low,Low,0.0035243928,5.1754837,0,0,False,False
12086009812,Low,0.0855355536712224,0.08885833,0.085039385,0.080962375,Low,Low,-0.007895954,-8.8860035,0,0,False,False
12086009907,Moderate,0.1140020164793324,0.11394127,0.11167625,0.10881383,Moderate,Moderate,-0.0051274374,-4.5000706,1,1,False,False
12086009903,Moderate,0.1064159153615258,0.111848675,0.10692285,0.100822374,Moderate,Moderate,-0.0110263005,-9.858231,1,1,False,False
12086009904,Critical,0.2242941774783614,0.21427962,0.2241527,0.2540235,Critical,Critical,0.03974387,18.547668,3,3,False,False
12086009905,Low,0.0744144692850484,0.07442155,0.06373655,0.06721999,Low,Low,-0.00720156,-9.676714,0,0,False,False
12086009906,Moderate,0.0892674061705076,0.0888467,0.08280408,0.077106684,Low,Low,-0.011740014,-13.213788,1,0,False,False
12086010026,Critical,0.214375154904102,0.21690297,0.22592121,0.24860518,Critical,Critical,0.031702206,14.615848,3,3,False,False
12086010017,Moderate,0.1029567983890838,0.10663642,0.12530212,0.123420686,Moderate,Moderate,0.016784266,15.739712,1,1,False,False
12086010021,Moderate,0.1045896462630495,0.1080885,0.104348086,0.10528185,Moderate,Moderate,-0.0028066486,-2.5966208,1,1,False,False
12086010020,Low,0.0816372331969732,0.087794386,0.09381105,0.0943244,Moderate,Moderate,0.0065300167,7.437852,0,1,True,False
12086010010,Moderate,0.1216218591168827,0.12203792,0.093929484,0.090688735,Moderate,Moderate,-0.031349182,-25.688066,1,1,False,False
12086010024,High,0.1512241839101908,0.14423609,0.10180314,0.090507194,Moderate,Moderate,-0.053728893,-37.25066,2,1,False,False
12086010012,Low,0.0850402567657535,0.08603087,0.06714802,0.06157794,Low,Low,-0.024452932,-28.42344,0,0,False,False
12086010013,Moderate,0.1102841235125414,0.106639825,0.12187428,0.12220282,Moderate,Moderate,0.015562996,14.593981,1,1,False,False
12086010015,High,0.1586359423397776,0.14921437,0.12609665,0.11421351,High,Moderate,-0.03500086,-23.456762,2,1,False,False
12086010016,Low,0.0867551169351871,0.085280746,0.0796079,0.07442176,Low,Low,-0.010858983,-12.733218,0,0,False,False
12086010193,Moderate,0.092137739926282,0.086414605,0.10970962,0.116936535,Moderate,Moderate,0.03052193,35.320335,1,1,False,False
12086010198,Low,0.0666972162646231,0.06157601,0.060347635,0.059407577,Low,Low,-0.0021684319,-3.521553,0,0,False,False
12086010201,High,0.1390555667918781,0.13368236,0.12117169,0.11911256,Moderate,Moderate,-0.014569797,-10.898818,2,1,False,False
12086010212,Low,0.0194444250157149,0.0221019,0.01751911,0.022059023,Low,Low,-4.287623e-05,-0.1939934,0,0,False,False
12086010205,Low,0.072244776876964,0.07446752,0.05579846,0.050096888,Low,Low,-0.02437063,-32.726524,0,0,False,False
12086010207,Critical,0.1778760273156078,0.17704539,0.17566423,0.19037712,Critical,Critical,0.013331726,7.530118,3,3,False,False
12086010208,High,0.131364001651262,0.13371828,0.11776719,0.10823363,Moderate,Moderate,-0.025484651,-19.058464,2,1,False,False
12086010209,High,0.1271233980366244,0.12785728,0.10737038,0.11344615,Moderate,Moderate,-0.014411129,-11.271261,2,1,False,False
12086010213,Critical,0.1688468709426684,0.16968067,0.19377418,0.20145284,Critical,Critical,0.031772166,18.724684,3,3,False,False
12086010303,High,0.1284607724387222,0.12337387,0.11428934,0.11531431,Moderate,Moderate,-0.008059561,-6.532632,2,1,False,False
12086010400,Moderate,0.104271211062676,0.11134447,0.10528485,0.10289318,Moderate,Moderate,-0.00845129,-7.59022,1,1,False,False
12086010502,Moderate,0.0902835436047183,0.08832212,0.066039994,0.055269957,Low,Low,-0.03305216,-37.422295,1,0,False,False
12086010604,Moderate,0.0914183793005124,0.0953864,0.09899417,0.10706287,Moderate,Moderate,0.011676468,12.241229,1,1,False,False
12086010624,Moderate,0.0994388950814898,0.10954203,0.1359114,0.15290423,High,High,0.0433622,39.584988,1,2,True,True
12086010608,Moderate,0.0941931427159645,0.09894116,0.105356865,0.116653554,Moderate,Moderate,0.017712392,17.901945,1,1,False,False
12086010609,High,0.1538512541570157,0.15998706,0.15334266,0.14832339,High,High,-0.011663675,-7.290386,2,2,False,False
12086010610,Moderate,0.0881379892906893,0.07881223,0.0728415,0.07449536,Low,Low,-0.0043168664,-5.477407,1,0,False,False
12086010618,Moderate,0.122304757706003,0.11813286,0.13024913,0.13102902,High,High,0.012896165,10.916662,1,2,True,True
12086010613,Moderate,0.1150121104564759,0.11434513,0.110651016,0.1115272,Moderate,Moderate,-0.0028179362,-2.464413,1,1,False,False
12086010622,Low,0.0753742252447711,0.08166498,0.07415118,0.073551536,Low,Low,-0.008113444,-9.935035,0,0,False,False
12086010626,High,0.1476058806702696,0.14239071,0.14321026,0.14970793,High,High,0.007317215,5.1388288,2,2,False,False
12086010708,Critical,0.1921745083239084,0.18573874,0.1882132,0.17994368,Critical,Critical,-0.0057950616,-3.120007,3,3,False,False
12086010706,Moderate,0.1148195460113553,0.10643871,0.064258896,0.055076107,Low,Low,-0.051362604,-48.255566,1,0,False,False
12086010805,Critical,0.1936045013979861,0.19158776,0.18071376,0.17767629,Critical,Critical,-0.013911471,-7.261148,3,3,False,False
12086010804,Critical,0.195129504392455,0.19795498,0.20448555,0.21299328,Critical,Critical,0.015038297,7.5968266,3,3,False,False
12086010900,Critical,0.175336904703961,0.17337035,0.14608867,0.13782527,High,High,-0.03554508,-20.5024,3,2,False,False
12086011011,Moderate,0.1153890517062154,0.12324737,0.11744646,0.1222773,Moderate,Moderate,-0.00097007304,-0.78709435,1,1,False,False
12086011003,Low,0.082721948694758,0.08842649,0.068683304,0.060500264,Low,Low,-0.027926229,-31.581291,0,0,False,False
12086011013,High,0.1465261279081199,0.14499976,0.14122301,0.13200597,High,High,-0.012993783,-8.961245,2,2,False,False
12086011015,Low,0.0671240257186451,0.07507563,0.057402045,0.056336947,Low,Low,-0.01873868,-24.959738,0,0,False,False
12086011008,Moderate,0.1170495867106596,0.116195045,0.117375515,0.11689555,Moderate,Moderate,0.0007005036,0.60286874,1,1,False,False
12086011009,Moderate,0.100552822449169,0.09858793,0.092256285,0.086391486,Moderate,Low,-0.012196444,-12.371133,1,0,False,False
12086011104,Critical,0.1632951083436152,0.17755648,0.1875133,0.19017069,Critical,Critical,0.0126142055,7.1043334,3,3,False,False
12086011106,Critical,0.1664781303180381,0.16153142,0.22403622,0.23456512,Critical,Critical,0.073033705,45.21331,3,3,False,False
12086011206,Low,0.08710977513687,0.09409214,0.056365564,0.04220896,Low,Low,-0.05188318,-55.140823,0,0,False,False
12086011204,Low,0.0444288818795311,0.048534628,0.026937468,0.029756982,Low,Low,-0.018777646,-38.68917,0,0,False,False
12086011302,Critical,0.2448636843389762,0.2532141,0.2549393,0.2504227,Critical,Critical,-0.0027914047,-1.1023892,3,3,False,False
12086011412,High,0.1328351831076961,0.12379164,0.10850622,0.10194408,Moderate,Moderate,-0.021847561,-17.648655,2,1,False,False
12086011406,High,0.1256473942499682,0.12752357,0.113859706,0.11863472,Moderate,Moderate,-0.008888848,-6.970357,2,1,False,False
12086011408,Moderate,0.1220248073272046,0.12174972,0.07527919,0.048310436,Low,Low,-0.073439285,-60.319878,1,0,False,False
12086011500,Moderate,0.09428318820682,0.09601774,0.09955553,0.10829318,Moderate,Moderate,0.0122754425,12.784557,1,1,False,False
12086011602,Low,0.0536966785159929,0.052562404,0.045901224,0.043617327,Low,Low,-0.008945078,-17.018015,0,0,False,False
12086011702,High,0.1495076789551086,0.13610666,0.120543495,0.111358605,Moderate,Moderate,-0.02474805,-18.182837,2,1,False,False
12086011800,Low,0.0862980791627886,0.084660195,0.09198009,0.09368324,Moderate,Moderate,0.009023048,10.657958,0,1,True,False
12086011900,High,0.126194650219899,0.114721015,0.12691331,0.12334051,High,Moderate,0.008619495,7.5134406,2,1,False,False
12086012002,High,0.1382553020770168,0.13452019,0.12596333,0.11825693,High,Moderate,-0.016263261,-12.089829,2,1,False,False
12086012101,Low,0.08240105423923,0.0906552,0.07920307,0.07775532,Low,Low,-0.012899883,-14.229612,0,0,False,False
12086012200,Low,0.0824728728120282,0.08602696,0.09302772,0.09712847,Moderate,Moderate,0.011101514,12.904692,0,1,True,False
12086012302,High,0.1510660745473428,0.13499129,0.13946992,0.14323492,High,High,0.008243635,6.1067905,2,2,False,False
12086012403,High,0.1297540353101632,0.12741545,0.17836572,0.18815783,Critical,Critical,0.06074238,47.672695,2,3,True,True
12086012501,Critical,0.1665749539165582,0.1617141,0.16146348,0.16620569,Critical,Critical,0.0044915825,2.7774835,3,3,False,False
12086012601,Moderate,0.0966740199527722,0.106585376,0.10261468,0.10606935,Moderate,Moderate,-0.0005160272,-0.48414445,1,1,False,False
12086012701,Low,0.0720603197668681,0.06982421,0.080862135,0.085532576,Low,Low,0.015708365,22.497017,0,0,False,False
12086012802,Low,0.0419620182750728,0.04239532,0.039638024,0.04049581,Low,Low,-0.0018995106,-4.4804726,0,0,False,False
12086012900,Moderate,0.1138766582192228,0.11382666,0.11431819,0.11431819,Moderate,Moderate,0.0004915297,0.431823,1,1,False,False
12086013000,High,0.1331558016371371,0.13375354,0.14467527,0.1460972,High,High,0.01234366,9.228661,2,2,False,False
12086013100,High,0.1430557613900418,0.13497491,0.13967556,0.13852532,High,High,0.0035504103,2.6304224,2,2,False,False
12086013202,Low,0.0776488200427017,0.08053493,0.07139391,0.06161555,Low,Low,-0.018919379,-23.492142,0,0,False,False
12086013302,High,0.1272218527149647,0.13268453,0.1425793,0.15016764,High,High,0.017483115,13.176453,2,2,False,False
12086013400,High,0.1500636062340533,0.15330209,0.16279122,0.15953745,Critical,Critical,0.006235361,4.067369,2,3,True,False
12086013500,Critical,0.1636229546340001,0.16777603,0.17200086,0.17425877,Critical,Critical,0.0064827353,3.863922,3,3,False,False
12086013600,Moderate,0.1219832922225013,0.12091216,0.10203116,0.096814714,Moderate,Moderate,-0.024097443,-19.92971,1,1,False,False
12086013700,High,0.1505083129232673,0.14822692,0.14068936,0.1461851,High,High,-0.0020418167,-1.3774939,2,2,False,False
12086013802,Critical,0.1686231219090919,0.1586843,0.15080518,0.14933187,High,High,-0.009352431,-5.893734,3,2,False,False
12086013900,Low,0.0822325476100418,0.082988836,0.09208599,0.08611781,Moderate,Low,0.0031289756,3.7703574,0,0,False,False
12086014100,High,0.1278722142889158,0.13682073,0.17957424,0.17957424,Critical,Critical,0.042753503,31.247824,2,3,True,True
12086014200,Low,0.0459720750307289,0.045234643,0.042908657,0.042908657,Low,Low,-0.0023259856,-5.1420445,0,0,False,False
12086014300,High,0.1308822811616535,0.12535545,0.133208,0.14145046,High,High,0.016095012,12.839499,2,2,False,False
12086014400,High,0.152950471722072,0.14258875,0.1763301,0.17725722,Critical,Critical,0.034668475,24.313612,2,3,True,True
12086014500,Low,0.069773483014666,0.072480716,0.0655197,0.062678486,Low,Low,-0.00980223,-13.523914,0,0,False,False
12086014602,Moderate,0.0881967321904301,0.08996047,0.1011355,0.10290504,Moderate,Moderate,0.012944572,14.389176,1,1,False,False
12086014702,Low,0.080638956067207,0.08363974,0.084901124,0.090321824,Low,Moderate,0.006682083,7.9891243,0,1,True,False
12086014800,Critical,0.190437171222287,0.17773393,0.19502531,0.19686864,Critical,Critical,0.019134715,10.765932,3,3,False,False
12086014900,Moderate,0.0997549612513464,0.095706,0.09472171,0.0961445,Moderate,Moderate,0.00043849647,0.4581703,1,1,False,False
12086015002,Moderate,0.1120632239487193,0.11387853,0.121098995,0.124858215,Moderate,Moderate,0.010979682,9.641574,1,1,False,False
12086015201,Low,0.0472774017275659,0.04397827,0.03582857,0.03558061,Low,Low,-0.008397661,-19.095024,0,0,False,False
12086015300,Moderate,0.0896674242142803,0.08940293,0.09419452,0.09615509,Moderate,Moderate,0.006752163,7.5525074,1,1,False,False
12086015400,Low,0.0828281297899872,0.085382685,0.05989863,0.047525126,Low,Low,-0.03785756,-44.338684,0,0,False,False
12086015501,High,0.1345785486558975,0.14210595,0.14899828,0.15457596,High,High,0.012470007,8.775147,2,2,False,False
12086015600,Low,0.0570728950513291,0.05309186,0.03927022,0.038318772,Low,Low,-0.014773089,-27.825525,0,0,False,False
12086015700,Moderate,0.088987682868308,0.092704795,0.11340053,0.11419485,Moderate,Moderate,0.021490052,23.181166,1,1,False,False
12086015800,Low,0.0767811583597643,0.07971614,0.08510649,0.08497022,Low,Low,0.0052540824,6.590989,0,0,False,False
12086015900,Low,0.0657006758875857,0.07181306,0.0632294,0.058857515,Low,Low,-0.012955546,-18.040653,0,0,False,False
12086016000,Low,0.0843488176733305,0.08753823,0.07008837,0.06303175,Low,Low,-0.02450648,-27.995174,0,0,False,False
12086016100,Low,0.0641789353114944,0.063748755,0.062482335,0.06297066,Low,Low,-0.00077809393,-1.2205633,0,0,False,False
12086016200,Moderate,0.1139170287947392,0.117346056,0.11815975,0.12127102,Moderate,Moderate,0.003924966,3.3447788,1,1,False,False
12086016300,Moderate,0.096663143029397,0.098115556,0.106739596,0.11931704,Moderate,Moderate,0.021201484,21.608688,1,1,False,False
12086016402,High,0.1401818912447427,0.13916121,0.1463544,0.14995585,High,High,0.01079464,7.7569313,2,2,False,False
12086016502,Low,0.0653262367791454,0.06372239,0.054037552,0.051432144,Low,Low,-0.012290243,-19.287167,0,0,False,False
12086016600,Low,0.0740010904194999,0.07768098,0.066088565,0.06778983,Low,Low,-0.009891152,-12.733042,0,0,False,False
12086016700,Low,0.0715689698191883,0.070989065,0.07584587,0.070839435,Low,Low,-0.00014963001,-0.21077895,0,0,False,False
12086016800,Moderate,0.1174113504015715,0.113836266,0.12459173,0.12991776,Moderate,High,0.01608149,14.12686,1,2,True,True
12086016900,Moderate,0.0957937060526149,0.0981807,0.097666256,0.096799575,Moderate,Moderate,-0.0013811216,-1.406714,1,1,False,False
12086017000,Moderate,0.107652446572785,0.100234695,0.09776463,0.096496776,Moderate,Moderate,-0.003737919,-3.7291667,1,1,False,False
12086017101,Low,0.0862820700728843,0.08781877,0.07509289,0.05540717,Low,Low,-0.0324116,-36.90737,0,0,False,False
12086017200,Low,0.0843795911147933,0.08319961,0.08916779,0.09049382,Moderate,Moderate,0.007294208,8.7671175,0,1,True,False
12086017300,Moderate,0.1085657381601942,0.10560029,0.098577365,0.09498264,Moderate,Moderate,-0.010617651,-10.054566,1,1,False,False
12086017402,Moderate,0.1156527883962337,0.11262753,0.115470186,0.11590369,Moderate,Moderate,0.0032761618,2.9088464,1,1,False,False
12086017500,Critical,0.1643058718627949,0.14887154,0.12689988,0.11682158,High,Moderate,-0.03204996,-21.528603,3,1,False,False
12086017600,Moderate,0.0897786495866976,0.09117334,0.0827367,0.08717812,Low,Low,-0.003995225,-4.38201,1,0,False,False
12086017700,Moderate,0.1204264384426561,0.11782284,0.12963806,0.13724202,High,High,0.019419178,16.481676,1,2,True,True
12086017800,High,0.1493073563357686,0.14493266,0.14055426,0.13923445,High,High,-0.005698204,-3.9316218,2,2,False,False
12086017901,Low,0.0199383149746872,0.029411804,0.033172596,0.034300614,Low,Low,0.00488881,16.621933,0,0,False,False
12086018003,Moderate,0.11973748802521,0.115844935,0.13433997,0.15460037,High,High,0.03875543,33.454575,1,2,True,True
12086018100,Moderate,0.1234819921351015,0.10820598,0.10778277,0.110696346,Moderate,Moderate,0.002490364,2.3015032,1,1,False,False
12086018200,Moderate,0.1215353195728574,0.11454362,0.116161525,0.1232696,Moderate,Moderate,0.008725986,7.6180468,1,1,False,False
12086018300,Low,0.079155722747838,0.08662701,0.08219088,0.09987261,Low,Moderate,0.013245605,15.290387,0,1,True,False
12086018400,Moderate,0.0991128308162163,0.096111156,0.084172666,0.072947934,Low,Low,-0.023163222,-24.10045,1,0,False,False
12086018500,High,0.1314884330900735,0.11545657,0.11111402,0.111211255,Moderate,Moderate,-0.0042453185,-3.6769829,2,1,False,False
12086018601,High,0.1401733793719715,0.14755554,0.1913196,0.19885148,Critical,Critical,0.051295936,34.763817,2,3,True,True
12086018700,Moderate,0.1058362203486279,0.113834605,0.12133292,0.12670754,Moderate,High,0.012872934,11.3084545,1,2,True,True
12086018801,Low,0.0614481688639012,0.06947288,0.057018597,0.049915716,Low,Low,-0.019557163,-28.150787,0,0,False,False
12086018902,Moderate,0.0899770507632456,0.10277368,0.11223902,0.11805409,Moderate,Moderate,0.015280411,14.868019,1,1,False,False
12086019000,Low,0.0580442026638403,0.058523815,0.04356545,0.03876572,Low,Low,-0.019758094,-33.760777,0,0,False,False
12086019100,Moderate,0.1246004013142977,0.1164663,0.11003771,0.11461287,Moderate,Moderate,-0.0018534288,-1.5913863,1,1,False,False
12086019200,Low,0.0654062176845219,0.061312787,0.05225065,0.049597494,Low,Low,-0.011715293,-19.107422,0,0,False,False
12086019302,Low,0.0875994958862135,0.08740281,0.090439364,0.090439364,Moderate,Moderate,0.0030365512,3.474203,0,1,True,False
12086019402,Moderate,0.0923498413263585,0.081240796,0.07130831,0.06408785,Low,Low,-0.017152943,-21.113705,1,0,False,False
12086019502,Low,0.0548085249883056,0.05135701,0.04759055,0.04946844,Low,Low,-0.0018885694,-3.6773353,0,0,False,False
12086019600,Moderate,0.1086898314543452,0.10838796,0.115844294,0.116564125,Moderate,Moderate,0.008176163,7.543423,1,1,False,False
12086019700,Moderate,0.1040043278164196,0.10502381,0.10689447,0.10579877,Moderate,Moderate,0.0007749647,0.7378943,1,1,False,False
12086019801,Moderate,0.1120853067083523,0.106762305,0.12284398,0.12842727,Moderate,High,0.021664962,20.292707,1,2,True,True
12086019902,Low,0.075729497921913,0.076366745,0.086019464,0.089426436,Low,Moderate,0.013059691,17.101278,0,1,True,False
12086020002,Moderate,0.0913538109685814,0.09476867,0.107943706,0.10907357,Moderate,Moderate,0.014304899,15.094544,1,1,False,False
12086020100,High,0.1472376610388334,0.14058952,0.15965454,0.16636619,Critical,Critical,0.02577667,18.334702,2,3,True,True
12086020200,High,0.1336662463560141,0.13896957,0.1433004,0.14925036,High,High,0.010280788,7.39787,2,2,False,False
12086020300,High,0.1333679555896113,0.122822925,0.11485881,0.107455716,Moderate,Moderate,-0.01536721,-12.51168,2,1,False,False
12086490100,Low,0.05996150361144,0.06582187,0.05134615,0.05565078,Low,Low,-0.010171089,-15.452446,0,0,False,False
